Air temperature [K],Process temperature [K],Rotational speed [rpm],Torque [Nm],Tool wear [min],power,temp_diff,type_H,type_L,type_M,actual_failure,predicted_probability
300.0,311.4,1537,35.4,120,5697.780932109663,11.399999999999977,False,False,True,0,0.0
297.2,308.2,1678,28.1,133,4937.724949451174,11.0,False,False,True,0,0.0
300.4,309.7,1685,32.3,167,5699.425032265042,9.300000000000011,False,False,True,0,0.0
299.7,309.2,1456,40.6,182,6190.361716241519,9.5,True,False,False,0,0.01
300.7,311.1,1688,30.7,161,5426.745261908961,10.400000000000034,False,True,False,0,0.0
300.0,310.5,1606,33.5,135,5634.0275451928155,10.5,False,True,False,0,0.0
300.8,310.7,1339,59.1,203,8286.987349418765,9.899999999999977,False,True,False,1,0.87
303.5,312.6,1642,29.4,18,5055.325234450551,9.100000000000023,False,False,True,0,0.0
302.3,311.5,1543,33.1,39,5348.38346915292,9.199999999999989,False,True,False,0,0.0
299.3,309.0,1419,46.6,158,6924.635695189551,9.699999999999989,False,True,False,0,0.0
302.3,311.7,1281,48.8,0,6546.325107844267,9.399999999999977,False,True,False,0,0.016666666666666666
301.4,310.7,1639,29.8,127,5114.743223505447,9.300000000000011,False,False,True,0,0.0
299.1,308.6,1555,36.6,104,5959.915423125197,9.5,False,True,False,0,0.0
301.8,310.3,1688,28.8,31,5090.888063289188,8.5,False,True,False,0,0.0
298.4,308.1,1491,50.0,156,7806.857744170636,9.700000000000045,False,True,False,0,0.0033333333333333335
297.4,308.5,1399,61.5,61,9009.930650862847,11.100000000000023,False,True,False,1,0.57
302.9,312.5,1679,30.9,79,5432.97608733858,9.600000000000023,False,False,True,0,0.0
302.1,310.7,1376,46.3,210,6671.56993496738,8.599999999999966,False,False,True,1,0.5133333333333333
297.3,308.4,1513,40.5,25,6416.860074589832,11.099999999999966,False,True,False,0,0.0
303.0,311.2,1592,38.9,188,6485.168770854386,8.199999999999989,False,False,True,0,0.0
302.5,312.0,1445,54.8,0,8292.338528905379,9.5,False,False,True,0,0.04
302.0,310.4,1357,58.0,108,8242.073046447942,8.399999999999977,False,True,False,1,0.7966666666666666
300.2,311.6,1375,56.9,155,8193.01184117438,11.400000000000034,False,True,False,0,0.006666666666666667
298.4,309.5,1357,50.1,125,7119.445855638653,11.100000000000023,False,True,False,0,0.0
302.2,310.8,1744,29.7,16,5424.148211981993,8.600000000000023,False,True,False,0,0.006666666666666667
303.9,313.1,1514,41.1,121,6516.228650222877,9.200000000000045,False,False,True,0,0.0
303.5,312.7,1694,27.3,40,4842.89073921481,9.199999999999989,False,True,False,0,0.0
297.5,308.5,1530,38.5,93,6168.517175323559,11.0,False,True,False,0,0.0
298.1,308.0,2129,18.4,45,4102.249799155504,9.899999999999977,False,False,True,0,0.0
300.4,310.0,1282,66.1,40,8873.972992790992,9.600000000000023,False,True,False,0,0.2966666666666667
299.0,310.3,1635,34.5,168,5906.979586912208,11.300000000000011,False,False,True,0,0.0
298.0,307.7,1621,34.9,194,5924.300234409,9.699999999999989,False,False,True,0,0.0
300.7,312.2,1335,49.0,62,6850.242781152544,11.5,True,False,False,0,0.0
298.0,307.3,1424,46.5,185,6934.123305003392,9.300000000000011,False,True,False,0,0.0
300.3,311.6,1560,37.7,107,6158.77823809743,11.300000000000011,False,True,False,0,0.0
302.2,311.0,1436,47.0,187,7067.745712536078,8.800000000000011,False,False,True,0,0.0
296.4,307.5,1684,31.4,72,5537.329323315322,11.100000000000023,False,False,True,0,0.0
300.9,311.0,1438,49.0,61,7378.763385241467,10.100000000000023,False,True,False,0,0.12
299.3,309.1,1571,38.3,59,6300.914361721344,9.800000000000011,False,False,True,0,0.0033333333333333335
298.8,309.6,1309,57.4,185,7868.286352523827,10.800000000000011,True,False,False,0,0.016666666666666666
297.5,309.3,1525,41.7,235,6659.3910274469645,11.800000000000011,True,False,False,0,0.013333333333333334
302.2,311.3,1658,31.0,2,5382.385973640273,9.100000000000023,False,False,True,0,0.0
302.5,311.6,1400,54.0,196,7916.813487046279,9.100000000000023,False,True,False,0,0.25
301.8,311.0,1756,26.7,33,4909.806662736272,9.199999999999989,False,False,True,0,0.0
298.9,309.2,1379,50.7,106,7321.51309511755,10.300000000000011,True,False,False,0,0.0033333333333333335
299.3,308.8,1636,29.9,201,5122.513429335324,9.5,False,True,False,0,0.006666666666666667
301.0,310.7,1493,48.1,145,7520.2711903346635,9.699999999999989,False,False,True,0,0.0033333333333333335
300.7,310.5,1357,52.6,199,7474.707624882099,9.800000000000011,False,True,False,0,0.15666666666666668
298.2,307.8,1749,26.1,66,4780.341629481836,9.600000000000023,False,True,False,0,0.0
298.2,307.8,1566,33.8,100,5542.9004142876865,9.600000000000023,False,False,True,0,0.0
300.4,310.2,1431,43.2,0,6473.691485693272,9.800000000000011,True,False,False,0,0.0
300.7,309.5,1733,26.7,108,4845.498261117289,8.800000000000011,False,False,True,0,0.0
302.0,310.6,1623,34.3,9,5829.633575780827,8.600000000000023,False,False,True,0,0.0
302.2,310.8,1356,48.3,36,6858.599417611093,8.600000000000023,False,False,True,0,0.82
299.6,310.9,1853,26.3,166,5103.4020740259875,11.299999999999955,False,True,False,0,0.0033333333333333335
297.6,309.4,1491,40.2,231,6276.713626313192,11.799999999999955,False,True,False,0,0.043333333333333335
299.8,311.1,1763,25.5,171,4707.833671036985,11.300000000000011,False,False,True,0,0.0
300.8,311.2,1397,48.7,111,7124.493347835421,10.399999999999977,False,True,False,0,0.0
298.7,310.1,1620,34.8,112,5903.680914625938,11.400000000000034,False,True,False,0,0.0
302.3,311.0,1442,43.7,152,6598.957256767409,8.699999999999989,False,True,False,0,0.0033333333333333335
298.7,309.4,1375,48.3,157,6954.700736884404,10.699999999999989,False,False,True,0,0.0
298.9,308.9,1750,29.9,50,5479.461186636197,10.0,False,False,True,0,0.0
298.4,308.3,1318,59.1,22,8157.019661339755,9.900000000000034,False,True,False,0,0.0033333333333333335
296.9,308.0,1521,34.5,84,5495.116790026586,11.100000000000023,False,True,False,0,0.0
299.0,310.4,1394,45.2,122,6598.2661063836185,11.399999999999977,False,False,True,0,0.0033333333333333335
300.9,310.4,1788,27.8,90,5205.242035879856,9.5,False,True,False,0,0.0
303.7,312.6,1711,27.6,170,4945.243827868766,8.900000000000034,True,False,False,0,0.0
296.8,307.5,1443,39.2,13,5923.5357801966275,10.699999999999989,False,False,True,0,0.0
298.7,308.4,1432,42.8,197,6418.2319033818985,9.699999999999989,True,False,False,0,0.0
297.3,308.4,1521,38.2,87,6084.4481559134965,11.099999999999966,False,False,True,0,0.0
301.5,310.5,2289,16.4,112,3931.13771928998,9.0,False,True,False,0,0.006666666666666667
298.3,308.8,1454,49.0,166,7460.86367325528,10.5,False,True,False,0,0.0
303.4,311.5,1879,21.3,78,4191.1673432276075,8.100000000000023,False,True,False,0,0.0
300.2,311.0,1627,33.7,147,5741.773701235434,10.800000000000011,False,True,False,0,0.0
300.3,309.9,1677,30.1,130,5286.01238300365,9.599999999999966,True,False,False,0,0.0
299.0,310.1,1623,33.0,210,5608.685364453858,11.100000000000023,False,True,False,0,0.016666666666666666
300.6,309.5,1576,38.8,124,6403.487361861052,8.899999999999977,False,True,False,0,0.0
301.7,310.5,2465,13.7,149,3536.43849026847,8.800000000000011,False,True,False,0,0.08666666666666667
298.5,309.6,1421,53.6,122,7976.042980541959,11.100000000000023,False,True,False,0,0.0
302.2,311.0,1555,34.2,185,5569.101297018627,8.800000000000011,False,True,False,0,0.0
302.1,310.1,1844,24.6,171,4750.339419640054,8.0,True,False,False,0,0.0
299.1,308.5,1592,34.2,153,5701.613675147044,9.399999999999977,False,False,True,0,0.0
300.3,311.3,1506,40.7,98,6418.71361425545,11.0,False,False,True,0,0.0
300.8,309.7,1519,35.8,14,5694.681227358122,8.899999999999977,False,True,False,0,0.0
302.1,311.4,1686,30.9,106,5455.626970370963,9.299999999999955,False,True,False,0,0.0
301.8,309.6,1443,42.7,231,6452.422903428469,7.800000000000011,False,True,False,0,0.21
303.7,312.6,1621,38.8,182,6586.328054299976,8.900000000000034,False,True,False,0,0.0
301.3,310.1,1455,44.1,188,6719.39544713053,8.800000000000011,True,False,False,0,0.0
302.3,311.7,1456,45.4,130,6922.227140821798,9.399999999999977,True,False,False,0,0.0
301.0,312.1,1675,30.7,200,5384.951607640704,11.100000000000023,False,True,False,0,0.0
301.6,310.6,1431,37.5,137,5619.523859108743,9.0,False,True,False,0,0.0
298.8,308.6,1631,32.4,38,5533.852627445348,9.800000000000011,False,True,False,0,0.0
297.1,308.5,1578,35.6,46,5882.820739406104,11.399999999999977,False,True,False,0,0.0
299.3,308.6,1433,37.7,42,5657.390522560012,9.300000000000011,False,True,False,0,0.006666666666666667
299.3,308.6,1520,33.7,76,5364.164736249453,9.300000000000011,False,True,False,0,0.0
302.3,311.7,1494,37.1,114,5804.3437549194305,9.399999999999977,False,False,True,0,0.0
299.2,310.3,1610,33.3,233,5614.340231230319,11.100000000000023,False,True,False,0,0.03333333333333333
300.8,311.2,1481,38.5,181,5970.963357290321,10.399999999999977,False,True,False,0,0.0
300.9,311.2,1353,60.4,139,8557.82405208474,10.300000000000011,False,True,False,0,0.08
302.5,311.5,1496,43.8,218,6861.741010264682,9.0,True,False,False,0,0.08666666666666667
301.9,310.9,1799,24.2,54,4559.058314938483,9.0,False,True,False,0,0.0
300.9,310.8,1517,44.3,4,7037.492175282006,9.900000000000034,False,True,False,0,0.0
298.8,309.8,1288,61.9,79,8349.012860376139,11.0,False,False,True,0,0.05333333333333334
301.1,311.7,1408,46.3,135,6826.722724152668,10.599999999999966,False,True,False,0,0.0033333333333333335
298.1,307.9,1377,55.1,42,7945.3705642674095,9.799999999999955,False,False,True,0,0.0
295.6,306.2,1443,48.9,33,7389.308664582016,10.599999999999966,False,True,False,0,0.0
300.8,310.7,1633,27.8,0,4754.004611069243,9.899999999999977,False,True,False,0,0.0
300.1,310.1,1650,31.6,19,5460.08803193906,10.0,False,True,False,0,0.0
299.1,310.5,1428,43.0,53,6430.211843367589,11.399999999999977,False,False,True,0,0.0
298.6,308.3,1377,52.1,181,7512.7732558680955,9.699999999999989,True,False,False,0,0.006666666666666667
302.4,310.1,1906,21.2,110,4231.432089071116,7.7000000000000455,False,True,False,0,0.0
295.6,306.2,1435,51.6,126,7754.078987590327,10.599999999999966,False,False,True,0,0.0033333333333333335
299.1,308.9,1397,52.4,112,7665.779290073431,9.799999999999955,False,False,True,0,0.0033333333333333335
299.5,309.3,1675,29.2,132,5121.843222902559,9.800000000000011,False,False,True,0,0.0033333333333333335
301.1,310.6,1479,41.1,72,6365.589282483246,9.5,False,False,True,0,0.0
301.1,310.2,1657,34.1,52,5917.05362735472,9.099999999999966,False,True,False,0,0.0
298.6,309.8,1332,46.4,76,6472.183521219547,11.199999999999989,False,True,False,0,0.0
302.3,311.5,1316,47.2,4,6504.688533208691,9.199999999999989,False,False,True,0,0.006666666666666667
302.2,311.4,1449,46.5,60,7055.860020329997,9.199999999999989,False,True,False,0,0.0
302.9,312.4,2030,19.1,192,4060.2990652545686,9.5,False,True,False,0,0.0
299.7,311.1,1650,32.4,60,5598.318108697012,11.400000000000034,False,True,False,0,0.0
302.5,312.0,1574,42.0,188,6922.813571450469,9.5,False,True,False,0,0.0
298.0,308.2,1348,58.8,202,8300.33911819652,10.199999999999989,False,True,False,1,0.74
303.3,311.3,1393,47.4,18,6914.456934991919,8.0,False,True,False,0,0.06
298.2,309.0,1353,57.8,89,8189.4408975248,10.800000000000011,False,True,False,0,0.0
297.3,308.4,1599,32.9,58,5509.0026295554535,11.099999999999966,False,False,True,0,0.0
299.4,308.6,1541,39.1,109,6309.689877200373,9.200000000000045,False,False,True,0,0.0
301.4,310.4,1471,37.5,193,5776.6034917882325,9.0,False,True,False,0,0.0
298.7,308.4,1441,43.2,132,6518.930419904965,9.699999999999989,False,False,True,0,0.0033333333333333335
299.3,309.1,1470,41.1,118,6326.853445064484,9.800000000000011,False,True,False,0,0.0
300.4,309.7,1679,30.1,136,5292.316512261854,9.300000000000011,False,True,False,0,0.0
301.0,312.3,1424,43.5,136,6486.760511132205,11.300000000000011,False,True,False,0,0.0
299.6,310.2,1512,44.0,79,6966.795868600725,10.599999999999966,False,True,False,0,0.0
303.8,312.5,2344,15.2,146,3731.0392112073337,8.699999999999989,False,False,True,0,0.016666666666666666
297.9,307.7,1527,42.8,125,6844.022427698436,9.800000000000011,False,False,True,0,0.0
297.8,307.4,1438,43.6,141,6565.593542786285,9.599999999999966,False,False,True,0,0.0
297.4,308.5,1782,25.9,54,4833.214633841752,11.100000000000023,False,True,False,0,0.0
301.7,310.8,1493,47.6,145,7442.097893137837,9.100000000000023,False,True,False,0,0.0
301.6,310.9,1538,40.4,13,6506.782928311083,9.299999999999955,False,True,False,0,0.0
297.3,308.3,1471,38.2,37,5884.433423634947,11.0,False,True,False,0,0.0
303.9,313.1,1473,42.8,97,6601.994129665878,9.200000000000045,False,False,True,0,0.0
300.1,309.7,2151,17.5,173,3941.9133820917928,9.599999999999966,False,True,False,0,0.0
301.7,310.2,1486,43.0,66,6691.38291263602,8.5,False,True,False,0,0.0
300.0,310.4,1505,44.9,133,7076.385092333449,10.399999999999977,False,True,False,0,0.0
297.9,308.8,1386,48.6,75,7053.880816958234,10.900000000000034,False,True,False,0,0.0
296.3,307.3,1368,49.5,10,7091.202937682881,11.0,False,False,True,0,0.0
301.3,310.6,1436,44.2,76,6646.68852115095,9.300000000000011,False,True,False,0,0.0
301.3,310.4,1384,50.1,88,7261.100268389017,9.099999999999966,False,True,False,0,0.0
301.6,310.6,1400,49.5,211,7257.079029792422,9.0,True,False,False,0,0.18666666666666668
296.2,307.2,1385,44.0,5,6381.621876992066,11.0,False,False,True,0,0.0
300.7,310.4,1543,47.3,203,7642.856135677736,9.699999999999989,False,True,False,0,0.0
301.9,310.5,1425,51.1,173,7625.430768425826,8.600000000000023,False,True,False,0,0.006666666666666667
301.2,310.9,1416,53.3,66,7903.493134195058,9.699999999999989,False,True,False,0,0.0
297.5,308.9,1696,30.9,133,5487.985374702937,11.399999999999977,False,True,False,0,0.0
300.6,310.5,1644,33.8,148,5818.983576685158,9.899999999999977,False,True,False,0,0.0
299.2,308.6,1582,38.8,156,6427.866120852908,9.400000000000034,False,True,False,0,0.0
300.6,309.8,1447,42.9,12,6500.614934734535,9.199999999999989,False,False,True,0,0.0
300.6,309.5,1530,40.2,93,6440.893258389795,8.899999999999977,False,False,True,0,0.0
300.8,312.3,1858,26.3,144,5117.172721824222,11.5,False,True,False,0,0.0
304.1,313.1,1666,34.6,33,6036.423676215621,9.0,False,True,False,0,0.0
302.0,310.4,1567,36.4,114,5973.089168319249,8.399999999999977,False,False,True,0,0.0
297.2,308.0,1869,25.4,163,4971.319046893561,10.800000000000011,False,True,False,0,0.0
298.1,308.9,2136,15.9,78,3556.534211275933,10.799999999999955,False,True,False,0,0.013333333333333334
297.9,309.1,1338,49.6,56,6949.705604565197,11.200000000000045,False,False,True,0,0.0
299.9,309.2,1598,34.6,111,5790.039036370084,9.300000000000011,False,True,False,0,0.0
304.0,313.0,1575,34.5,92,5690.209693814512,9.0,False,False,True,0,0.0
300.8,310.2,1598,36.5,195,6107.989156864395,9.399999999999977,False,False,True,0,0.0
298.1,309.5,1530,40.2,65,6440.893258389795,11.399999999999977,True,False,False,0,0.0
303.8,312.7,1919,20.2,131,4059.335643507467,8.899999999999977,False,False,True,0,0.0
297.4,308.1,1348,53.7,68,7580.411745699884,10.700000000000045,False,True,False,0,0.0
302.3,311.2,1786,24.3,81,4544.81642824221,8.899999999999977,False,True,False,0,0.0
300.1,309.2,1687,27.7,95,4893.5436847661895,9.099999999999966,False,False,True,0,0.023333333333333334
299.7,310.3,1495,43.1,101,6747.565061257717,10.600000000000023,False,True,False,0,0.0
301.5,311.1,1660,33.8,115,5875.6160202538695,9.600000000000023,False,False,True,0,0.0
299.3,308.7,1289,51.5,185,6951.663863985934,9.399999999999977,False,False,True,0,0.01
303.5,312.0,1475,42.9,85,6626.404304584271,8.5,False,False,True,0,0.01
301.0,311.4,1573,37.6,103,6193.628972601253,10.399999999999977,False,True,False,0,0.0
298.6,309.2,1742,30.0,37,5472.6544025534195,10.599999999999966,False,False,True,0,0.0
299.2,308.8,1908,21.3,104,4255.852735965022,9.600000000000023,True,False,False,0,0.0
296.9,308.0,1641,33.3,67,5722.442434440343,11.100000000000023,False,False,True,0,0.0
302.3,311.6,1668,33.2,52,5799.128711114472,9.300000000000011,False,False,True,0,0.0
303.7,312.3,1511,38.9,117,6155.2072944478505,8.600000000000023,False,True,False,0,0.006666666666666667
297.5,308.7,1371,46.5,121,6676.04146851099,11.199999999999989,False,True,False,0,0.0
300.2,309.8,1353,59.4,26,8416.138223407841,9.600000000000023,False,True,False,0,0.0
298.2,307.6,1460,48.6,204,7430.494944270579,9.400000000000034,True,False,False,0,0.02666666666666667
299.1,309.9,1586,36.6,215,6078.730457283963,10.799999999999955,False,True,False,0,0.05333333333333334
298.6,310.1,1444,48.1,39,7273.4571994931375,11.5,False,False,True,0,0.0033333333333333335
302.2,311.1,1728,34.0,179,6152.495052790251,8.900000000000034,False,False,True,0,0.0
301.3,310.6,1556,39.0,72,6354.813619681433,9.300000000000011,False,True,False,0,0.0
302.2,310.7,1567,36.4,100,5973.089168319249,8.5,False,True,False,0,0.0
304.0,313.0,2354,15.0,117,3697.6545532751866,9.0,False,True,False,0,0.006666666666666667
298.1,308.5,1382,54.5,17,7887.387235857654,10.399999999999977,False,False,True,0,0.0
304.1,313.2,1410,42.4,155,6260.56584007374,9.099999999999966,False,False,True,0,0.0
297.7,308.7,1694,29.1,102,5162.202216525677,11.0,False,True,False,0,0.0
303.4,311.7,1295,51.3,51,6956.899851741918,8.300000000000011,False,True,False,1,0.9366666666666666
301.5,310.8,1785,25.5,120,4766.581453659114,9.300000000000011,False,True,False,0,0.0
295.5,305.9,1380,52.4,202,7572.494932212838,10.399999999999977,False,False,True,0,0.016666666666666666
299.8,309.2,1760,25.9,63,4773.545317374572,9.399999999999977,False,True,False,0,0.0
302.3,310.1,1731,33.4,112,6054.414530145177,7.800000000000011,False,False,True,0,0.0033333333333333335
302.4,311.8,1543,31.1,96,5025.21830485365,9.400000000000034,False,True,False,0,0.0
297.8,307.3,1412,50.7,24,7496.719717408252,9.5,False,True,False,0,0.0033333333333333335
298.9,309.9,1526,35.4,96,5657.003059466068,11.0,False,True,False,0,0.0
301.0,311.3,1342,50.9,60,7153.176088762696,10.300000000000011,False,True,False,0,0.0033333333333333335
298.9,308.2,2384,15.0,19,3744.7784430790334,9.300000000000011,False,True,False,0,0.016666666666666666
300.3,311.7,1989,22.3,121,4644.813322405974,11.399999999999977,False,True,False,0,0.006666666666666667
302.6,312.1,1782,26.8,198,5001.164177102663,9.5,False,True,False,0,0.0
300.8,311.8,1417,43.4,223,6440.034556397813,11.0,False,True,False,0,0.023333333333333334
300.3,311.6,1515,44.9,69,7123.404262382176,11.300000000000011,False,True,False,0,0.0
302.1,310.7,1491,42.8,98,6682.670229010064,8.599999999999966,False,True,False,0,0.0
297.3,308.2,1601,35.7,9,5985.330907692739,10.899999999999977,False,True,False,0,0.0033333333333333335
299.0,310.4,1512,38.8,109,6143.447265947912,11.399999999999977,False,True,False,0,0.0
298.2,308.0,1658,30.0,3,5208.760619651877,9.800000000000011,False,True,False,0,0.0
298.9,310.2,1623,37.2,177,6322.51804720253,11.300000000000011,False,True,False,0,0.0
300.5,310.5,1536,36.2,12,5822.753487869467,10.0,False,True,False,0,0.0
297.5,308.4,1596,36.6,80,6117.057887657759,10.899999999999977,False,False,True,0,0.0
298.0,308.6,1507,37.3,217,5886.412627006707,10.600000000000023,False,False,True,0,0.08666666666666667
298.9,309.7,1407,41.9,207,6173.575139495838,10.800000000000011,False,True,False,0,0.11
299.7,309.2,1468,49.6,132,7624.938585576763,9.5,True,False,False,0,0.0
297.0,307.9,1882,24.2,97,4769.3984150718325,10.899999999999977,False,False,True,0,0.0
301.0,310.9,1578,38.4,49,6345.514505426808,9.899999999999977,False,True,False,0,0.0
298.8,309.9,1568,33.7,13,5533.559412131014,11.099999999999966,False,True,False,0,0.0
297.2,308.6,1924,22.1,163,4452.725875589981,11.400000000000034,False,True,False,0,0.0033333333333333335
302.4,311.8,1451,42.0,110,6381.8313165023055,9.400000000000034,False,True,False,0,0.0
303.3,312.5,1968,20.6,130,4245.422648355104,9.199999999999989,False,True,False,0,0.0
300.3,309.6,1435,45.4,181,6822.387326290715,9.300000000000011,False,True,False,0,0.0
302.6,311.6,1453,37.0,135,5629.838754988029,9.0,False,True,False,0,0.0
299.0,308.9,1449,39.6,105,6008.861436668126,9.899999999999977,False,False,True,0,0.0
301.5,310.5,1593,32.9,155,5488.330949894833,9.0,False,True,False,0,0.0
298.8,310.0,1530,38.3,53,6136.472930256942,11.199999999999989,True,False,False,0,0.0
301.8,311.5,1443,43.3,134,6543.089267411069,9.699999999999989,False,True,False,0,0.0033333333333333335
300.6,309.4,1367,63.2,45,9047.200411709935,8.799999999999955,False,False,True,1,0.6833333333333333
300.7,309.5,1470,48.7,21,7496.782549261323,8.800000000000011,False,False,True,0,0.0
298.4,308.2,1612,32.6,10,5503.148795244265,9.800000000000011,True,False,False,0,0.0
297.7,308.9,1516,33.7,92,5350.048513259322,11.199999999999989,False,True,False,0,0.0
298.3,307.9,1502,42.0,103,6606.1410319686165,9.599999999999966,False,True,False,0,0.0
298.4,309.6,1655,30.2,146,5233.998080635715,11.200000000000045,False,True,False,0,0.0
298.5,308.2,1595,32.3,46,5395.004704132191,9.699999999999989,False,True,False,0,0.0
299.0,310.3,1303,68.6,111,9360.459087174882,11.300000000000011,False,False,True,1,0.79
298.9,308.7,1353,48.1,79,6815.088359358875,9.800000000000011,True,False,False,0,0.0033333333333333335
300.7,310.4,1416,61.8,209,9163.900106815283,9.699999999999989,False,True,False,1,0.8066666666666666
298.2,308.8,1607,31.9,39,5368.2802226256545,10.600000000000023,False,False,True,0,0.0
298.4,309.1,1576,38.8,167,6403.487361861052,10.700000000000045,False,False,True,0,0.0
301.0,310.9,1492,44.6,15,6968.387608878544,9.899999999999977,False,True,False,0,0.0
300.9,310.8,1490,38.1,125,5944.835778387966,9.900000000000034,False,True,False,0,0.0
300.8,310.8,1415,44.5,87,6593.941180497177,10.0,False,False,True,0,0.0
303.4,312.1,1499,39.4,197,6184.811569220178,8.700000000000045,False,False,True,0,0.0
301.4,310.8,1770,24.1,112,4467.030594139327,9.400000000000034,False,True,False,0,0.0
301.0,310.9,1479,44.3,194,6861.206939513572,9.899999999999977,False,True,False,0,0.0
302.4,311.4,1831,26.9,121,5157.85634668821,9.0,False,True,False,0,0.0
298.1,307.6,1460,46.5,143,7109.424175073702,9.5,False,True,False,0,0.0
298.6,309.1,1537,35.7,198,5746.06721119534,10.5,False,True,False,0,0.0
300.7,310.5,1863,22.2,111,4331.0624640919605,9.800000000000011,False,False,True,0,0.0033333333333333335
302.4,311.8,1433,42.2,134,6332.675863449138,9.400000000000034,False,True,False,0,0.0
299.7,309.3,1445,42.6,0,6446.233965900897,9.600000000000023,False,True,False,0,0.0
298.4,310.0,1559,44.2,23,7216.007941834492,11.600000000000023,False,True,False,0,0.0
303.3,311.8,1536,40.6,205,6530.491480870175,8.5,False,False,True,0,0.0033333333333333335
299.1,308.2,1319,60.3,36,8328.959027270723,9.099999999999966,False,True,False,0,0.006666666666666667
299.4,310.9,1751,27.8,10,5097.527295763775,11.5,False,True,False,0,0.0
301.5,310.7,1510,36.0,64,5692.5658883047045,9.199999999999989,False,False,True,0,0.0
298.2,307.8,1521,42.9,60,6833.058269337407,9.600000000000023,False,True,False,0,0.0
300.1,309.3,1685,27.1,203,4781.870537906584,9.199999999999989,False,True,False,0,0.02666666666666667
300.2,311.5,1492,41.8,128,6530.910359890653,11.300000000000011,False,True,False,0,0.0
299.9,311.3,1371,52.3,167,7508.7520172715,11.400000000000034,False,True,False,0,0.0
298.4,309.1,1798,29.6,81,5573.26914327239,10.700000000000045,False,True,False,0,0.0
300.2,310.4,1202,61.7,74,7766.373086841376,10.199999999999989,False,False,True,0,0.013333333333333334
300.3,310.4,1742,25.9,7,4724.724967537785,10.099999999999966,False,True,False,0,0.0
298.4,309.3,1355,50.6,8,7179.900570269233,10.900000000000034,False,False,True,0,0.0
300.0,311.5,1749,28.3,83,5183.2823032312635,11.5,False,True,False,0,0.0
301.8,310.7,1547,41.7,72,6755.46093079374,8.899999999999977,False,True,False,0,0.0
300.8,310.9,1748,29.9,140,5473.198945280042,10.099999999999966,False,True,False,0,0.0
298.0,307.9,1482,37.8,132,5866.358793901292,9.899999999999977,True,False,False,0,0.0
300.5,311.6,1365,53.0,85,7575.950684131786,11.100000000000023,False,True,False,0,0.0
302.3,311.0,1578,33.5,158,5535.800414890575,8.699999999999989,False,False,True,0,0.0
300.6,309.4,1552,36.4,113,5915.912182023914,8.799999999999955,False,True,False,0,0.0
299.7,309.0,1465,49.0,158,7517.307621264777,9.300000000000011,False,False,True,0,0.0
300.7,310.8,1486,41.2,71,6411.2785116419545,10.100000000000023,False,False,True,0,0.0
299.8,311.1,1412,42.5,181,6284.232504730783,11.300000000000011,False,True,False,0,0.0
297.5,309.2,1804,27.4,215,5176.255607662734,11.699999999999989,False,False,True,0,0.006666666666666667
297.8,307.6,1352,49.4,102,6994.106780735933,9.800000000000011,False,False,True,0,0.0
302.6,312.3,1512,34.2,44,5415.100425139654,9.699999999999989,False,True,False,0,0.0
298.7,309.7,1622,34.6,8,5876.9983210214505,11.0,False,False,True,0,0.0
300.9,310.9,1228,66.4,109,8538.765056652963,10.0,False,True,False,0,0.30666666666666664
298.4,308.7,1344,52.9,130,7445.323261595521,10.300000000000011,True,False,False,0,0.0
303.0,311.2,1382,50.5,203,7308.496429556176,8.199999999999989,False,True,False,0,0.33
298.0,308.7,1506,47.0,208,7412.273706879758,10.699999999999989,False,True,False,0,0.016666666666666666
297.6,308.6,1528,40.0,123,6400.471432913605,11.0,False,True,False,0,0.0033333333333333335
298.9,310.0,1470,45.9,109,7065.756037188804,11.100000000000023,False,True,False,0,0.0
298.7,309.6,1516,38.5,61,6112.073227314062,10.900000000000034,False,True,False,0,0.0
300.0,309.7,1554,32.0,117,5207.5039825904405,9.699999999999989,False,True,False,0,0.0
295.6,306.0,1949,21.9,5,4469.76377974795,10.399999999999977,False,True,False,0,0.0
300.1,309.6,1321,46.9,75,6487.90195646301,9.5,False,True,False,0,0.0
303.4,312.9,1422,39.9,63,5941.568522028232,9.5,False,False,True,0,0.01
295.5,305.9,1593,37.2,197,6205.650800488991,10.399999999999977,True,False,False,0,0.006666666666666667
299.0,310.2,1477,37.9,60,5862.033868014851,11.199999999999989,False,True,False,0,0.0
302.0,310.5,1459,43.2,148,6600.360501486011,8.5,True,False,False,0,0.0033333333333333335
298.1,309.0,2042,17.8,129,3806.311771187345,10.899999999999977,False,False,True,0,0.0
300.8,312.0,1274,67.3,159,8978.692747910653,11.199999999999989,False,False,True,0,0.41333333333333333
297.5,308.9,1436,44.8,2,6736.915062162047,11.399999999999977,False,False,True,0,0.0033333333333333335
303.1,312.9,1511,40.1,107,6345.085154430816,9.799999999999955,False,True,False,0,0.0
297.9,307.5,1880,23.3,146,4587.144153261576,9.600000000000023,True,False,False,0,0.0
299.8,309.7,1457,51.9,89,7918.729858564969,9.899999999999977,False,True,False,0,0.0033333333333333335
303.5,311.7,1959,22.3,157,4574.755806230922,8.199999999999989,False,True,False,0,0.0
300.2,311.5,1500,40.8,17,6408.849013323177,11.300000000000011,False,True,False,0,0.0
301.1,312.3,1682,29.7,83,5231.317254904652,11.199999999999989,False,True,False,0,0.0
300.5,311.9,1350,51.7,18,7308.915308576654,11.399999999999977,False,True,False,0,0.0
298.4,307.8,1617,31.6,173,5350.886271300279,9.400000000000034,False,False,True,0,0.0
300.5,311.7,1454,50.3,175,7658.804954382461,11.199999999999989,True,False,False,0,0.0
299.9,309.4,1858,22.5,22,4377.809362777377,9.5,False,True,False,0,0.0
297.4,308.3,1502,43.6,169,6857.803547472184,10.900000000000034,True,False,False,0,0.0033333333333333335
299.6,310.8,1498,46.9,116,7357.21205963784,11.199999999999989,False,True,False,0,0.0
301.3,310.6,1440,53.8,90,8112.848868630282,9.300000000000011,False,True,False,0,0.006666666666666667
299.8,310.8,1463,43.5,156,6664.417575692708,11.0,False,False,True,0,0.0
303.9,313.1,1491,37.2,195,5808.302161662954,9.200000000000045,False,True,False,0,0.0
302.6,312.1,1344,51.0,206,7177.91089492196,9.5,False,True,False,0,0.12333333333333334
298.2,308.4,1512,34.9,181,5525.935813958302,10.199999999999989,False,True,False,0,0.0
300.4,311.6,1332,54.6,111,7615.97457453852,11.200000000000045,False,True,False,0,0.0
301.2,310.8,1233,64.6,45,8341.116990840115,9.600000000000023,False,True,False,0,0.18666666666666668
299.9,309.6,1462,51.0,119,7808.1143812320715,9.700000000000045,True,False,False,0,0.0033333333333333335
301.9,311.0,1467,48.1,43,7389.308664582016,9.100000000000023,False,False,True,0,0.016666666666666666
299.5,309.1,1415,49.2,8,7290.379911920474,9.600000000000023,False,True,False,0,0.0033333333333333335
297.0,307.7,1867,22.8,118,4457.668648031629,10.699999999999989,False,True,False,0,0.0
299.0,310.3,1431,39.9,157,5979.173386091702,11.300000000000011,False,True,False,0,0.0
300.9,310.5,1702,29.3,32,5222.2275801602655,9.600000000000023,False,False,True,0,0.0033333333333333335
297.4,308.6,1488,36.4,71,5671.957040497156,11.200000000000045,False,True,False,0,0.0
300.6,311.9,1472,44.2,126,6813.318595497351,11.299999999999955,False,True,False,0,0.0033333333333333335
302.4,311.5,1505,37.9,79,5973.162472147833,9.100000000000023,False,True,False,0,0.0
297.6,308.8,1475,43.0,119,6641.85046846442,11.199999999999989,False,True,False,0,0.0
297.5,308.6,1255,60.7,77,7977.393865383002,11.100000000000023,False,False,True,0,0.006666666666666667
300.5,309.4,1347,50.1,213,7066.9812583237035,8.899999999999977,False,False,True,0,0.03333333333333333
301.7,309.8,1284,68.2,111,9170.183292122463,8.100000000000023,False,False,True,1,0.8966666666666666
301.4,310.5,1380,48.4,131,6994.441883952315,9.100000000000023,False,True,False,0,0.006666666666666667
302.1,311.5,1444,44.9,97,6789.568155036212,9.399999999999977,False,True,False,0,0.0
298.7,309.5,1453,40.4,108,6147.175289230172,10.800000000000011,True,False,False,0,0.0
300.0,311.5,1451,49.0,115,7445.46986925269,11.5,False,False,True,0,0.0033333333333333335
298.7,309.9,1458,40.2,137,6137.7923991714515,11.199999999999989,False,False,True,0,0.0
301.7,311.2,1589,37.9,75,6306.548284546782,9.5,False,True,False,0,0.0
298.4,308.5,1741,32.8,112,5980.000672157146,10.100000000000023,False,True,False,0,0.0
302.5,311.9,1497,41.6,123,6521.4436940278365,9.399999999999977,False,True,False,0,0.0
300.4,310.0,1581,30.3,42,5016.526565178718,9.600000000000023,False,True,False,0,0.0033333333333333335
298.3,309.0,1408,45.4,98,6694.021850465036,10.699999999999989,False,True,False,0,0.0
298.9,310.1,2109,18.0,61,3975.371343852524,11.200000000000045,False,True,False,0,0.0
302.7,312.2,1611,34.1,186,5752.790219474022,9.5,False,True,False,0,0.0
301.0,311.5,1444,39.8,197,6018.36999043299,10.5,False,True,False,0,0.0033333333333333335
299.1,308.8,1413,42.1,86,6229.495488729737,9.699999999999989,False,True,False,0,0.0
296.9,307.6,1514,35.7,100,5660.081820266587,10.700000000000045,False,True,False,0,0.0033333333333333335
298.2,307.8,1423,48.1,183,7167.679774846769,9.600000000000023,False,True,False,0,0.0
299.4,310.8,1585,31.4,149,5211.797492550348,11.400000000000034,True,False,False,0,0.0
296.7,308.1,1450,40.9,195,6210.4050773714225,11.400000000000034,False,True,False,0,0.0033333333333333335
304.1,313.0,1408,45.3,28,6679.277308944187,8.899999999999977,False,True,False,0,0.006666666666666667
301.1,310.0,1513,38.0,17,6020.757600849718,8.899999999999977,False,True,False,0,0.0
297.4,309.2,1420,45.6,193,6780.813583508209,11.800000000000011,False,True,False,0,0.0
297.5,308.1,1631,30.6,146,5226.416370365053,10.600000000000023,False,True,False,0,0.0
303.8,312.7,1507,38.5,180,6075.7878321651,8.899999999999977,False,False,True,0,0.0
300.8,311.9,1560,31.8,21,5194.937611976082,11.099999999999966,False,True,False,0,0.0
302.3,311.9,1508,42.3,159,6679.905627474905,9.599999999999966,False,False,True,0,0.0
300.5,310.4,1548,37.3,65,6046.560548511203,9.899999999999977,False,False,True,0,0.0
298.2,308.2,1469,43.0,88,6614.832771643549,10.0,False,True,False,0,0.0
299.1,310.2,1317,54.8,231,7557.792278594036,11.099999999999966,False,True,False,1,0.6933333333333334
299.7,309.6,1553,36.8,174,5984.775892990603,9.900000000000034,False,True,False,0,0.0
300.7,312.3,1548,37.9,58,6143.824257066342,11.600000000000023,False,True,False,0,0.0
300.3,311.7,1319,51.4,170,7099.643349945525,11.399999999999977,False,False,True,0,0.0
299.7,310.4,1614,36.2,108,6118.4401884253375,10.699999999999989,False,True,False,0,0.0
301.5,311.1,1426,52.1,121,7780.112318713075,9.600000000000023,False,True,False,0,0.0
300.8,311.3,1782,26.9,116,5019.8252374649865,10.5,False,True,False,0,0.0
302.6,312.2,1377,45.5,54,6561.059177389603,9.599999999999966,False,True,False,0,0.0
297.9,309.1,1504,43.0,4,6772.436003098637,11.200000000000045,False,True,False,0,0.0
301.3,310.3,1313,55.6,127,7644.8353390494985,9.0,False,True,False,0,0.0033333333333333335
297.1,307.9,1980,20.3,159,4209.105837279605,10.799999999999955,False,False,True,0,0.0
298.4,309.1,1417,40.6,121,6024.54845598505,10.700000000000045,False,True,False,0,0.0
303.8,313.1,2117,18.6,22,4123.4660215427475,9.300000000000011,False,False,True,0,0.006666666666666667
302.8,310.8,1402,50.5,30,7414.263382227031,8.0,False,True,False,0,0.016666666666666666
302.7,312.4,1360,47.8,11,6807.6218408188415,9.699999999999989,False,True,False,0,0.006666666666666667
301.3,310.5,1503,48.6,72,7649.338288519644,9.199999999999989,False,True,False,0,0.0033333333333333335
299.5,310.7,1472,40.9,104,6304.631913028092,11.199999999999989,False,True,False,0,0.0
300.6,310.5,1509,43.1,31,6810.752961496921,9.899999999999977,False,True,False,0,0.013333333333333334
298.8,308.9,1461,47.9,206,7328.487430808517,10.099999999999966,False,True,False,0,0.07333333333333333
299.2,308.9,1526,37.9,177,6056.508925247571,9.699999999999989,False,True,False,0,0.0
301.5,310.6,1453,44.0,208,6694.943384310088,9.100000000000023,False,True,False,0,0.16
300.8,311.4,1732,26.9,45,4878.977166829044,10.599999999999966,False,False,True,0,0.0
303.6,311.8,1695,30.7,90,5449.249537284176,8.199999999999989,False,True,False,0,0.0
298.7,310.1,1402,69.7,64,10233.151638440082,11.400000000000034,False,False,True,1,0.6533333333333333
303.3,311.6,1514,34.7,130,5501.536111015422,8.300000000000011,False,True,False,0,0.0033333333333333335
300.6,311.9,1629,35.3,0,6021.773382474379,11.299999999999955,False,False,True,0,0.0
298.0,308.1,1403,44.8,148,6582.097376193142,10.100000000000023,False,False,True,0,0.0
303.6,312.4,1781,28.7,124,5352.7188670148735,8.799999999999955,False,True,False,0,0.0
302.6,311.8,1627,31.8,23,5418.053522234029,9.199999999999989,False,True,False,0,0.0
301.9,310.7,1472,47.0,73,7244.931538198542,8.800000000000011,False,False,True,0,0.006666666666666667
300.7,312.4,1457,47.2,74,7201.619447481051,11.699999999999989,True,False,False,0,0.006666666666666667
302.8,312.2,1746,27.4,44,5009.834972826571,9.399999999999977,False,True,False,0,0.0
300.2,311.4,1331,49.8,143,6941.223304400505,11.199999999999989,False,True,False,0,0.0
301.2,310.4,1697,30.0,120,5331.282733141879,9.199999999999989,False,False,True,0,0.0
297.4,308.6,1324,59.1,118,8194.153286505187,11.200000000000045,False,True,False,0,0.0
298.6,309.5,1523,34.2,119,5454.4959970156715,10.899999999999977,True,False,False,0,0.0
300.9,309.9,1465,42.9,209,6581.479529637937,9.0,False,False,True,0,0.013333333333333334
297.6,309.5,1574,30.9,151,5093.212841852845,11.899999999999977,False,True,False,0,0.0
301.8,310.3,1409,52.5,26,7746.382085589033,8.5,False,False,True,0,0.01
301.1,310.4,1874,24.8,47,4866.871563137212,9.299999999999955,False,True,False,0,0.0
300.8,311.2,1434,45.6,174,6847.666675176601,10.399999999999977,False,True,False,0,0.0
302.5,311.4,1559,37.6,209,6138.504493506264,8.899999999999977,False,True,False,0,0.13666666666666666
298.1,307.7,1424,47.7,103,7113.068422551866,9.599999999999966,False,False,True,0,0.0033333333333333335
302.2,311.2,1451,41.8,66,6351.44164356658,9.0,False,True,False,0,0.0
300.8,311.2,1429,52.3,77,7826.408922451476,10.399999999999977,False,False,True,0,0.0033333333333333335
298.2,308.0,1535,38.0,179,6108.303316129754,9.800000000000011,False,True,False,0,0.0
300.8,310.4,1368,46.8,21,6704.410050172905,9.599999999999966,False,True,False,0,0.0
298.7,310.1,1644,34.1,46,5870.631359910174,11.400000000000034,False,False,True,0,0.0
300.7,310.9,1521,39.4,61,6275.5826529579,10.199999999999989,False,True,False,0,0.0
302.2,310.9,1771,27.6,54,5118.659742346922,8.699999999999989,False,False,True,0,0.0
300.8,310.4,1419,46.4,200,6894.916228686589,9.599999999999966,True,False,False,0,0.01
299.3,308.5,1304,60.6,8,8275.206376967802,9.199999999999989,False,False,True,0,0.006666666666666667
300.0,311.4,1483,45.6,187,7081.652496015969,11.399999999999977,False,True,False,0,0.0
298.1,307.7,1419,47.4,142,7043.513561201386,9.599999999999966,False,False,True,0,0.0
298.6,309.8,1561,32.6,201,5329.041730382319,11.199999999999989,False,True,False,0,0.0033333333333333335
300.4,309.7,1500,35.2,112,5529.203070318036,9.300000000000011,True,False,False,0,0.0
299.4,309.0,1507,41.0,213,6470.319509578419,9.600000000000023,False,True,False,0,0.013333333333333334
304.0,313.5,1732,26.2,126,4752.014935721969,9.5,False,False,True,0,0.0
303.8,312.9,1573,34.6,14,5699.456448191579,9.099999999999966,False,True,False,0,0.0
303.7,312.7,1335,51.1,161,7143.824614630511,9.0,False,True,False,0,0.013333333333333334
298.1,310.0,1553,40.9,49,6651.557989764013,11.899999999999977,False,True,False,0,0.0
298.5,309.3,1692,26.7,118,4730.861545187798,10.800000000000011,False,False,True,0,0.0
301.1,312.3,1595,31.9,134,5328.193500365848,11.199999999999989,False,True,False,0,0.0
298.1,308.6,1439,44.9,205,6766.05857001185,10.5,False,True,False,0,0.04666666666666667
301.2,310.7,1676,32.4,98,5686.534030409812,9.5,False,True,False,0,0.0
297.0,307.8,1683,32.3,197,5692.6601360843115,10.800000000000011,False,True,False,0,0.0
297.4,309.0,1505,39.2,209,6178.046673039449,11.600000000000023,False,True,False,0,0.013333333333333334
299.6,309.1,1476,45.3,166,7001.856042614788,9.5,False,True,False,0,0.0
300.8,311.2,1492,39.0,109,6093.4331109027635,10.399999999999977,False,True,False,0,0.0
296.2,307.3,1711,29.9,42,5357.347480191162,11.100000000000023,False,True,False,0,0.0
298.1,308.5,1392,44.8,111,6530.491480870174,10.399999999999977,True,False,False,0,0.0
298.8,310.1,1574,36.2,181,5966.805983012071,11.300000000000011,False,True,False,0,0.0
298.5,309.3,1761,27.2,49,5015.992494427607,10.800000000000011,False,False,True,0,0.0
302.0,310.4,1336,58.2,110,8142.505503280169,8.399999999999977,False,True,False,1,0.88
302.9,311.0,1820,24.6,128,4688.512876217407,8.100000000000023,False,True,False,0,0.0
296.7,307.7,1502,43.9,84,6904.990269129103,11.0,False,True,False,0,0.0
301.9,310.4,1286,62.8,22,8457.25119926782,8.5,False,True,False,1,0.6866666666666666
297.6,308.6,1492,35.5,88,5546.5865496679,11.0,False,False,True,0,0.0
298.2,309.0,1371,55.7,23,7996.892683786282,10.800000000000011,True,False,False,0,0.0
298.8,310.5,1294,55.8,202,7561.310862366057,11.699999999999989,True,False,False,0,0.09333333333333334
304.2,313.7,2113,18.4,139,4071.420303248276,9.5,False,False,True,0,0.03666666666666667
301.3,310.6,1510,38.5,47,6087.88296388142,9.300000000000011,False,True,False,0,0.0
298.5,309.7,2617,12.1,102,3316.0243496926105,11.199999999999989,False,True,False,1,0.96
302.1,310.1,1753,28.9,176,5305.280817945667,8.0,False,True,False,0,0.0033333333333333335
298.1,308.6,1354,53.9,207,7642.510560485841,10.5,False,True,False,1,0.7133333333333334
302.3,311.8,1475,48.0,180,7414.158662471911,9.5,False,False,True,0,0.006666666666666667
298.0,307.7,1606,30.8,17,5179.941743042947,9.699999999999989,False,True,False,0,0.0
297.5,308.9,1469,44.0,185,6768.666091914329,11.399999999999977,False,True,False,0,0.0
298.8,308.5,1359,47.6,85,6774.153407082599,9.699999999999989,True,False,False,0,0.0
299.4,310.7,1551,41.2,3,6691.718015852403,11.300000000000011,False,True,False,0,0.0
299.5,310.0,1412,48.9,56,7230.563987796125,10.5,False,True,False,0,0.0033333333333333335
302.9,312.5,1903,21.2,23,4224.771912645506,9.600000000000023,False,False,True,0,0.0
299.1,310.1,1570,30.9,226,5080.269480120054,11.0,False,False,True,0,0.11
299.1,310.2,1695,29.6,8,5253.99955386357,11.099999999999966,False,True,False,0,0.0
301.2,310.7,1527,41.1,53,6572.180415383312,9.5,False,False,True,0,0.0
300.7,311.7,1910,19.7,13,3940.2902258874383,11.0,False,True,False,0,0.0033333333333333335
302.7,312.1,1763,26.5,184,4892.454599312945,9.400000000000034,False,True,False,0,0.0
302.3,311.0,1591,32.7,171,5448.118563928884,8.699999999999989,False,True,False,0,0.0
297.8,307.3,1804,26.0,222,4911.775394132522,9.5,False,False,True,0,0.12333333333333334
297.3,308.8,1499,44.2,134,6938.2911512571545,11.5,True,False,False,0,0.0
298.2,308.8,1354,60.9,32,8635.044399509976,10.600000000000023,False,True,False,0,0.07333333333333333
300.3,311.7,1655,29.9,193,5182.004722218804,11.399999999999977,True,False,False,0,0.0
297.7,309.6,1480,47.9,18,7423.79287994292,11.900000000000034,False,True,False,0,0.0
297.4,308.0,1440,42.4,190,6393.769368585947,10.600000000000023,False,False,True,0,0.0
300.6,311.7,1556,34.9,76,5686.743469920051,11.099999999999966,False,True,False,0,0.0
301.3,311.0,1418,41.9,208,6221.84047463049,9.699999999999989,False,True,False,0,0.08333333333333333
298.6,309.4,1667,35.6,185,6214.6148115272335,10.799999999999955,False,True,False,0,0.0
299.1,308.5,1415,43.4,0,6430.944881653426,9.399999999999977,False,True,False,0,0.0
302.5,310.4,1429,43.2,191,6464.643698850933,7.899999999999977,False,False,True,0,0.016666666666666666
301.0,311.3,1349,47.0,71,6639.546633851788,10.300000000000011,False,True,False,0,0.0
298.4,309.5,1520,38.1,106,6064.530458489737,11.100000000000023,False,True,False,0,0.0
299.8,310.4,1579,36.4,0,6018.830757355518,10.599999999999966,False,True,False,0,0.0
299.0,310.2,1372,48.0,174,6896.424193160314,11.199999999999989,False,True,False,0,0.0
300.4,311.5,1750,27.3,116,5002.986300841745,11.100000000000023,False,False,True,0,0.0
298.1,308.4,1436,46.7,103,7022.632442030528,10.299999999999955,False,True,False,0,0.0033333333333333335
299.5,308.9,1448,42.9,74,6505.107412229169,9.399999999999977,False,False,True,0,0.0
297.1,308.3,1773,23.8,169,4418.9013946863315,11.199999999999989,False,True,False,0,0.0
302.3,310.1,1388,49.9,48,7253.015903293779,7.800000000000011,False,True,False,0,0.03666666666666667
302.4,310.3,1923,23.3,172,4692.062875915964,7.900000000000034,False,True,False,0,0.0
298.3,309.1,1488,40.6,176,6326.413622092982,10.800000000000011,False,False,True,0,0.0
300.3,310.2,1369,48.8,36,6996.033624230134,9.899999999999977,False,True,False,0,0.0
300.0,309.5,1425,40.8,178,6088.406562657018,9.5,False,False,True,0,0.0
300.2,310.6,1983,20.8,83,4319.312907567535,10.400000000000034,False,False,True,0,0.0
298.4,309.3,1409,43.1,166,6359.410816931187,10.900000000000034,False,True,False,0,0.0
297.6,309.5,1709,32.2,65,5762.707180283853,11.899999999999977,False,False,True,0,0.0
302.4,311.2,1466,43.9,152,6739.491168137992,8.800000000000011,False,True,False,0,0.0
302.6,311.0,1542,39.7,141,6410.671137062261,8.399999999999977,False,False,True,0,0.0033333333333333335
297.4,308.4,1343,40.0,61,5625.545245028124,11.0,False,True,False,0,0.0
300.6,310.2,1519,44.6,69,7094.491137993639,9.599999999999966,False,True,False,0,0.0
299.9,310.4,1328,49.9,206,6939.484956465518,10.5,False,True,False,0,0.06
298.7,309.7,1547,37.4,0,6058.85464776225,11.0,False,True,False,0,0.0
301.1,310.1,1417,46.9,35,6959.392181913765,9.0,False,True,False,0,0.006666666666666667
299.2,309.1,1578,38.1,109,6295.94017335316,9.900000000000034,False,True,False,0,0.0
297.3,308.5,1664,28.9,174,5035.93113580239,11.199999999999989,False,False,True,0,0.006666666666666667
302.3,311.7,1482,39.0,127,6052.5924064060955,9.399999999999977,True,False,False,0,0.0
299.0,310.4,1713,28.0,116,5022.778334559362,11.399999999999977,False,True,False,0,0.0
300.6,311.8,1501,44.8,226,7041.858989070498,11.199999999999989,False,True,False,0,0.10666666666666667
304.0,312.9,1363,62.5,200,8920.814139256017,8.899999999999977,False,True,False,1,0.5533333333333333
298.0,308.4,1911,22.0,13,4402.627944740737,10.399999999999977,False,True,False,0,0.0
303.4,311.9,1377,41.6,34,5998.682676470495,8.5,False,True,False,1,0.38666666666666666
303.4,312.7,1399,48.4,34,7090.7421707603535,9.300000000000011,False,False,True,0,0.023333333333333334
302.5,311.0,1463,43.1,181,6603.135574996683,8.5,False,False,True,0,0.0
298.8,308.7,1490,33.6,71,5242.6898203106475,9.899999999999977,False,True,False,0,0.0
303.6,312.4,1480,50.7,2,7857.751545158791,8.799999999999955,True,False,False,0,0.0
298.6,309.6,1390,50.3,196,7321.691118701253,11.0,False,True,False,0,0.04666666666666667
297.2,308.2,1405,42.5,204,6253.078377582684,11.0,False,False,True,0,0.016666666666666666
296.0,306.7,1917,21.0,127,4215.703181852144,10.699999999999989,False,True,False,0,0.0
302.0,310.4,1608,33.1,97,5573.6880222928685,8.399999999999977,False,False,True,0,0.0
301.3,310.8,1719,29.5,62,5310.3911419955075,9.5,False,True,False,0,0.0
303.7,312.4,1513,40.1,135,6353.483678791414,8.699999999999989,False,True,False,0,0.0
302.0,310.6,1535,38.6,34,6204.750210594962,8.600000000000023,False,False,True,0,0.0
300.7,311.1,1438,46.6,103,7017.354566372497,10.400000000000034,False,False,True,0,0.016666666666666666
303.6,312.0,1645,35.7,81,6149.8246990347,8.399999999999977,False,False,True,0,0.006666666666666667
298.8,309.9,1331,61.6,46,8585.930834358856,11.099999999999966,False,False,True,0,0.03
300.7,310.8,1754,27.7,84,5087.8930782927655,10.100000000000023,False,True,False,0,0.0
296.8,308.0,1510,39.4,29,6230.197111089039,11.199999999999989,False,True,False,0,0.0
301.2,312.4,1480,53.5,97,8291.71021037466,11.199999999999989,False,True,False,0,0.023333333333333334
297.7,308.8,1404,50.3,97,7395.4347702565165,11.100000000000023,True,False,False,0,0.0
300.3,310.6,1806,24.4,88,4614.622617004975,10.300000000000011,False,True,False,0,0.0
300.1,309.6,1760,25.4,55,4681.39193286927,9.5,False,True,False,0,0.0
297.7,309.0,1656,33.2,20,5757.408360674799,11.300000000000011,False,False,True,0,0.0
303.9,313.4,1442,48.5,174,7323.785513803645,9.5,False,True,False,0,0.023333333333333334
299.8,309.1,1355,56.7,7,8045.461706210781,9.300000000000011,False,False,True,0,0.0
303.0,311.2,1387,41.4,100,6013.196834530079,8.199999999999989,False,False,True,0,0.006666666666666667
301.3,311.1,1834,25.4,22,4878.223184592182,9.800000000000011,False,False,True,0,0.0
299.4,309.1,1766,24.6,158,4549.403153516452,9.700000000000045,False,True,False,0,0.0
300.9,311.5,1505,41.1,129,6477.492812804116,10.600000000000023,False,True,False,0,0.0
300.7,310.1,1351,46.9,165,6635.242651916371,9.400000000000034,False,True,False,0,0.0033333333333333335
300.4,311.8,1405,47.9,58,7047.587159675543,11.400000000000034,False,True,False,0,0.0
300.2,310.3,1408,42.5,0,6266.430146360441,10.100000000000023,True,False,False,0,0.0
301.4,310.0,1689,32.1,207,5677.580491347082,8.600000000000023,False,False,True,0,0.03
300.7,310.6,1418,46.3,84,6875.20797077307,9.900000000000034,False,False,True,0,0.0
302.0,310.4,1464,47.2,159,7236.218854572586,8.399999999999977,False,True,False,0,0.0
302.3,311.4,1504,38.7,65,6095.1924027887735,9.099999999999966,False,True,False,0,0.0
301.1,310.7,2636,12.2,100,3367.703548844162,9.599999999999966,False,False,True,1,0.9566666666666667
301.2,311.6,1423,48.0,199,7152.778153693242,10.400000000000034,False,False,True,0,0.006666666666666667
303.5,312.8,1375,45.7,89,6580.327612331621,9.300000000000011,False,False,True,0,0.0
302.8,312.2,1615,32.9,159,5564.127108650442,9.399999999999977,False,False,True,0,0.0
300.7,310.7,1333,61.0,177,8515.077448044894,10.0,False,True,False,0,0.3233333333333333
297.2,308.5,1471,41.7,41,6423.583082868515,11.300000000000011,False,True,False,0,0.0
302.2,311.3,1530,37.3,207,5976.251704923863,9.100000000000023,False,True,False,1,0.08666666666666667
298.8,308.8,1991,20.7,59,4315.888571575121,10.0,False,True,False,0,0.0
301.4,310.5,1563,39.9,83,6530.711392355925,9.100000000000023,False,False,True,0,0.0
298.2,307.8,1476,36.8,134,5688.041994883535,9.600000000000023,False,True,False,0,0.0
297.3,308.7,1569,33.9,93,5569.949527035095,11.399999999999977,True,False,False,0,0.0
297.9,309.1,1595,32.0,32,5344.896301307435,11.200000000000045,False,True,False,0,0.0
301.4,310.4,1553,44.7,173,7269.551152627174,9.0,False,False,True,0,0.0
300.4,310.5,1818,25.1,14,4778.550921669291,10.100000000000023,False,True,False,0,0.0
303.8,312.7,1488,41.3,175,6435.489719025619,8.899999999999977,False,False,True,0,0.0
299.6,309.1,1369,51.4,164,7368.77312060305,9.5,False,True,False,0,0.0
299.7,309.2,1645,30.8,137,5305.731112892682,9.5,False,True,False,0,0.0
300.5,311.9,1576,31.1,149,5132.692189532957,11.399999999999977,False,True,False,0,0.0
298.9,310.2,1706,27.6,103,4930.792501662252,11.300000000000011,False,True,False,0,0.0
300.0,311.4,1641,34.5,155,5928.656576221979,11.399999999999977,True,False,False,0,0.0
296.6,307.4,1504,45.8,58,7213.431835858547,10.799999999999955,False,True,False,0,0.0
298.1,307.8,1413,54.1,113,8005.123656538688,9.699999999999989,False,True,False,0,0.0
302.9,312.3,1809,25.0,180,4735.950925286613,9.400000000000034,False,False,True,0,0.0033333333333333335
300.7,310.6,1609,27.6,108,4650.436773255899,9.900000000000034,False,False,True,0,0.0
300.2,309.5,1458,46.9,23,7160.757799033358,9.300000000000011,False,False,True,0,0.0
303.0,312.6,1451,42.1,125,6397.026152970168,9.600000000000023,False,True,False,0,0.0
298.4,309.2,1692,29.8,137,5280.137604741437,10.800000000000011,False,True,False,0,0.0
302.3,310.9,1891,22.7,135,4495.168792339979,8.599999999999966,False,True,False,0,0.0
301.4,310.5,1476,39.2,206,6059.001255419419,9.100000000000023,False,True,False,0,0.11
301.4,311.1,1800,26.0,135,4900.884539600078,9.700000000000045,False,True,False,0,0.0
299.2,310.7,1535,42.6,17,6847.729507029671,11.5,False,True,False,0,0.0
300.7,309.5,1633,31.3,90,5352.5303714556585,8.800000000000011,False,False,True,0,0.0
299.5,309.3,1577,36.6,14,6044.235769947548,9.800000000000011,False,True,False,0,0.0
299.3,308.9,1623,31.1,152,5285.7610555913625,9.599999999999966,False,True,False,0,0.0
298.7,309.9,1371,51.3,201,7365.181233002447,11.199999999999989,False,True,False,0,0.19
298.0,308.7,1479,58.5,176,9060.510292585643,10.699999999999989,False,False,True,1,0.36333333333333334
298.8,308.6,1501,35.0,55,5501.4523352113265,9.800000000000011,False,True,False,0,0.0
302.2,310.8,1408,46.8,49,6900.445431756908,8.600000000000023,False,False,True,0,0.04
303.8,312.6,1793,28.1,170,5276.1268381203545,8.800000000000011,False,True,False,0,0.0
301.7,310.6,1545,42.1,68,6811.44411188071,8.900000000000034,False,True,False,0,0.01
298.3,309.4,1816,22.6,138,4297.866301719029,11.099999999999966,False,False,True,0,0.0
301.4,310.5,1451,45.3,183,6883.260919941773,9.100000000000023,False,False,True,0,0.0
298.4,310.1,1335,57.8,96,8080.4904642983065,11.700000000000045,False,False,True,0,0.0033333333333333335
299.3,309.0,1447,50.4,140,7637.086077170644,9.699999999999989,False,True,False,0,0.0033333333333333335
301.1,310.6,1782,24.9,93,4646.604030218518,9.5,True,False,False,0,0.0
301.7,310.5,1724,33.0,171,5957.716308267683,8.800000000000011,False,False,True,0,0.0
300.4,309.3,1396,51.2,54,7484.865441128705,8.900000000000034,True,False,False,0,0.0
298.3,308.1,1528,33.9,82,5424.39953939428,9.800000000000011,False,True,False,0,0.0
300.4,309.8,1517,40.3,149,6402.052701215912,9.400000000000034,False,False,True,0,0.0
300.4,311.4,1352,57.3,116,8112.597541217994,11.0,False,False,True,0,0.006666666666666667
298.8,309.6,1692,31.9,167,5652.227838632612,10.800000000000011,False,False,True,0,0.0
300.5,309.5,1635,34.2,62,5855.614547026015,9.0,True,False,False,0,0.0033333333333333335
300.7,309.6,1925,20.5,9,4132.503336409573,8.900000000000034,True,False,False,0,0.0
300.0,309.6,1573,39.7,162,6539.5497396880255,9.600000000000023,False,False,True,0,0.0
300.4,311.4,1604,31.7,119,5324.664444618316,11.0,False,False,True,0,0.0
298.9,310.3,1484,43.8,124,6806.700306973788,11.400000000000034,False,True,False,0,0.0
303.5,313.0,1403,51.9,77,7625.24227286661,9.5,False,False,True,0,0.006666666666666667
301.8,310.8,1691,33.4,62,5914.508937305311,9.0,False,False,True,0,0.0
297.6,308.6,1576,32.7,83,5396.7535240426905,11.0,False,True,False,0,0.0
301.1,309.8,1519,39.6,167,6299.144597859822,8.699999999999989,False,True,False,0,0.0
301.4,310.6,2137,18.0,99,4028.1501004328325,9.200000000000045,False,True,False,0,0.0
302.6,310.4,1451,43.1,35,6548.974517648794,7.7999999999999545,False,False,True,0,0.0
299.1,308.8,1502,38.3,88,6024.17146486662,9.699999999999989,False,True,False,0,0.0
302.1,311.2,1598,37.9,148,6342.268193018098,9.099999999999966,True,False,False,0,0.0
300.6,309.8,1694,31.1,187,5516.992746871084,9.199999999999989,False,False,True,0,0.006666666666666667
298.3,308.6,1432,49.5,91,7422.955121901963,10.300000000000011,True,False,False,0,0.0033333333333333335
296.9,308.1,1741,28.8,60,5250.732297503837,11.200000000000045,False,True,False,0,0.0
303.3,311.8,1649,29.4,49,5076.876560054177,8.5,True,False,False,0,0.0
297.2,308.6,1444,41.1,56,6214.949914743616,11.400000000000034,False,False,True,0,0.0
300.7,312.0,1550,32.4,5,5259.026102109314,11.300000000000011,False,True,False,0,0.0
300.7,310.8,1296,58.2,204,7898.717913361601,10.100000000000023,True,False,False,0,0.33
301.5,310.5,1466,48.1,189,7384.2716443607615,9.0,False,True,False,0,0.0
301.4,310.7,1616,36.5,121,6176.790035978012,9.300000000000011,False,True,False,0,0.0
298.8,308.6,1598,35.1,52,5873.7101207106925,9.800000000000011,False,False,True,0,0.0
295.7,306.2,1464,46.2,92,7082.9091330774045,10.5,False,True,False,0,0.0
300.4,311.8,1367,57.2,10,8188.288980218485,11.400000000000034,False,True,False,0,0.01
300.8,311.7,1432,45.8,6,6868.107971375956,10.899999999999977,False,True,False,0,0.0
300.8,312.0,1496,40.0,175,6266.430146360441,11.199999999999989,False,True,False,0,0.0
296.6,307.4,1616,28.0,175,4738.359479654365,10.799999999999955,False,True,False,0,0.0
297.4,308.6,1657,33.1,156,5743.532993121445,11.200000000000045,False,False,True,0,0.0
301.5,310.6,1522,41.0,114,6534.722158977009,9.100000000000023,False,True,False,0,0.0
301.4,310.0,1651,29.8,44,5152.191007936238,8.600000000000023,False,False,True,0,0.0
297.6,308.5,1848,23.7,37,4586.473946828811,10.899999999999977,False,False,True,0,0.0
297.4,308.8,1473,46.2,167,7126.451607256159,11.400000000000034,False,True,False,0,0.0
303.5,312.3,1543,33.3,71,5380.699985582846,8.800000000000011,False,False,True,0,0.0
300.8,309.9,1312,65.3,192,8971.718412219683,9.099999999999966,False,True,False,1,0.81
296.6,307.7,1386,62.3,100,9042.320471121358,11.099999999999966,True,False,False,1,0.5133333333333333
300.9,310.8,1390,40.6,131,5909.75466042288,9.900000000000034,True,False,False,0,0.0
299.2,308.5,1526,37.3,135,5960.6275174600105,9.300000000000011,False,False,True,0,0.0
298.4,309.4,1385,50.0,201,7251.843042036439,11.0,False,True,False,0,0.09666666666666666
303.6,312.3,2168,17.7,219,4018.4739950597764,8.699999999999989,False,True,False,0,0.04
299.7,310.9,1384,48.2,188,6985.72920032636,11.199999999999989,False,True,False,0,0.01
300.6,309.6,1423,49.1,74,7316.695986382044,9.0,False,True,False,0,0.013333333333333334
299.0,309.1,1394,45.1,179,6583.668172519939,10.100000000000023,False,True,False,0,0.0
300.1,311.4,1729,29.3,71,5305.071378435428,11.299999999999955,False,True,False,0,0.0
297.1,307.9,1456,50.0,166,7623.598172711232,10.799999999999955,False,True,False,0,0.0
299.7,309.3,1434,38.5,127,5781.472960401296,9.600000000000023,False,True,False,0,0.0
297.7,309.3,1559,36.9,145,6024.22382474418,11.600000000000023,False,True,False,0,0.0033333333333333335
300.1,309.2,1441,42.9,148,6473.660069766735,9.099999999999966,False,True,False,0,0.0
300.0,309.3,1558,29.7,168,4845.655340749969,9.300000000000011,False,True,False,0,0.013333333333333334
298.5,309.0,1741,28.0,21,5104.878622573175,10.5,False,False,True,0,0.0
300.3,310.3,1704,29.5,0,5264.052650355058,10.0,False,True,False,0,0.0
298.9,308.7,1433,44.7,108,6707.834386165318,9.800000000000011,False,True,False,0,0.0
300.6,311.7,1535,33.3,92,5352.802642818968,11.099999999999966,True,False,False,0,0.0
300.5,311.4,1445,41.5,66,6279.781915138197,10.899999999999977,False,True,False,0,0.0
302.3,311.4,1571,32.7,17,5379.631844080626,9.099999999999966,False,False,True,0,0.0
298.5,308.0,1519,37.3,29,5933.285189398267,9.5,False,False,True,0,0.0
302.3,311.0,1561,37.2,180,6080.992403994547,8.699999999999989,False,True,False,0,0.0
297.9,307.9,1412,44.5,85,6579.961093188702,10.0,False,True,False,0,0.0
300.3,309.3,1478,39.5,180,6113.644023640857,9.0,False,True,False,0,0.0
300.3,311.7,1571,31.2,123,5132.859741141147,11.399999999999977,False,True,False,0,0.0
302.5,310.8,1577,36.9,158,6093.778686094657,8.300000000000011,False,True,False,0,0.0
298.8,310.6,1803,25.4,209,4795.766849410963,11.800000000000011,False,True,False,0,0.02
304.0,313.2,1437,53.9,7,8110.995328964664,9.199999999999989,False,False,True,0,0.013333333333333334
300.5,311.7,1811,26.8,47,5082.552370781663,11.199999999999989,False,True,False,0,0.0
297.8,309.3,2015,20.1,161,4241.3071619789,11.5,False,True,False,0,0.0
298.9,310.0,1456,43.8,15,6678.271999295039,11.100000000000023,False,False,True,0,0.0
297.4,308.3,1366,45.5,11,6508.646939952214,10.900000000000034,False,True,False,0,0.0
299.4,309.3,1485,47.1,209,7324.466192211923,9.900000000000034,False,False,True,0,0.0
298.7,309.8,1394,40.3,11,5882.967347063271,11.100000000000023,False,True,False,0,0.0
301.8,311.2,1334,52.3,68,7306.1088191394465,9.399999999999977,False,True,False,0,0.0033333333333333335
299.8,310.9,1427,47.2,168,7053.336274231613,11.099999999999966,True,False,False,0,0.0033333333333333335
298.0,308.7,1494,42.6,96,6664.825982737674,10.699999999999989,False,False,True,0,0.0
299.2,310.4,1472,43.3,32,6674.585863914826,11.199999999999989,False,True,False,0,0.0
297.3,308.3,2358,14.9,49,3679.2448203251506,11.0,False,True,False,0,0.01
299.7,309.2,1616,31.6,175,5347.5771270384985,9.5,False,True,False,0,0.0
298.8,310.0,1484,44.9,80,6977.644835231122,11.199999999999989,False,False,True,0,0.0
297.4,308.4,2151,17.7,0,3986.9638207442704,11.0,False,True,False,0,0.0033333333333333335
300.4,311.8,1272,59.2,198,7885.648887922669,11.400000000000034,False,True,False,1,0.6066666666666667
297.5,309.4,1678,34.4,148,6044.759368723145,11.899999999999977,False,False,True,0,0.0
302.0,311.2,1270,65.3,182,8684.514011828503,9.199999999999989,False,True,False,1,0.53
300.8,312.0,1382,49.3,177,7134.82918766573,11.199999999999989,False,True,False,0,0.006666666666666667
299.6,310.1,1553,38.0,83,6179.931628631602,10.5,False,True,False,0,0.0
300.6,310.7,1654,32.0,180,5542.607198973352,10.099999999999966,False,False,True,0,0.0
298.4,307.9,1948,21.4,136,4365.47337562428,9.5,True,False,False,0,0.0
299.7,310.3,1386,46.6,2,6763.597655766537,10.600000000000023,False,True,False,0,0.0033333333333333335
300.0,310.5,1517,42.2,186,6703.886451397308,10.5,False,True,False,0,0.0
298.4,309.7,1518,39.8,165,6326.790613211412,11.300000000000011,False,True,False,0,0.0
300.8,310.9,1522,41.7,115,6646.290586081494,10.099999999999966,False,False,True,0,0.0
299.4,309.4,1701,31.2,199,5557.603067906487,10.0,False,True,False,0,0.0
298.7,308.5,1444,54.2,62,8195.870690489148,9.800000000000011,False,True,False,0,0.0033333333333333335
298.2,309.0,1723,26.6,168,4799.4948726932225,10.800000000000011,False,False,True,0,0.0
299.2,308.2,1466,41.3,8,6340.341349523896,9.0,False,True,False,0,0.0
296.5,307.6,1431,45.2,90,6773.3994248457375,11.100000000000023,False,True,False,0,0.0
297.1,308.4,1615,32.6,184,5513.390387294968,11.299999999999955,False,False,True,0,0.0
300.1,311.4,1575,29.8,210,4915.021706541231,11.299999999999955,False,False,True,0,0.05333333333333334
300.1,309.5,1557,40.6,59,6619.775544085197,9.399999999999977,False,True,False,0,0.0
302.2,310.6,1355,51.5,126,7307.606311637658,8.400000000000034,False,False,True,1,0.9133333333333333
298.5,309.4,1365,48.7,56,6961.298081456943,10.899999999999977,False,False,True,0,0.0
300.9,310.7,1427,44.1,141,6590.087493508774,9.800000000000011,False,True,False,0,0.0
304.2,313.5,1627,32.2,91,5486.205138865904,9.300000000000011,True,False,False,0,0.0
298.9,310.2,2737,8.8,142,2522.2381339100775,11.300000000000011,False,True,False,1,0.9466666666666667
301.4,310.4,1433,43.4,86,6512.751954352904,9.0,False,True,False,0,0.0
304.2,313.4,1329,54.5,75,7584.904223194517,9.199999999999989,False,False,True,0,0.016666666666666666
301.3,310.3,1560,36.3,129,5930.0702929160925,9.0,False,True,False,0,0.0
300.2,311.5,1547,40.9,66,6625.859761857649,11.300000000000011,False,False,True,0,0.0
299.2,310.5,1705,29.5,95,5267.1418831310875,11.300000000000011,False,True,False,0,0.0
301.5,310.8,1474,38.7,58,5973.612767094848,9.300000000000011,True,False,False,0,0.0
297.4,308.8,1359,48.7,220,6930.6989690109785,11.400000000000034,False,False,True,0,0.07
302.1,311.3,1453,45.1,174,6862.316968917841,9.199999999999989,False,False,True,0,0.0
299.8,309.8,1542,39.4,155,6362.227778343905,10.0,False,True,False,0,0.0
299.3,310.8,1483,43.5,15,6755.5237626468115,11.5,False,True,False,0,0.0
300.6,310.4,1556,37.7,122,6142.986499025386,9.799999999999955,False,True,False,0,0.0
298.7,308.5,1616,30.2,34,5110.659153055779,9.800000000000011,False,True,False,0,0.0
298.7,309.9,1593,42.5,146,7089.789220988766,11.199999999999989,False,True,False,0,0.0
297.4,308.4,1573,34.5,205,5682.984030711256,11.0,False,True,False,0,0.03666666666666667
300.3,309.6,1593,38.1,140,6355.787513404047,9.300000000000011,False,True,False,0,0.0
303.0,312.3,1480,41.4,125,6416.388835691793,9.300000000000011,False,True,False,0,0.0
300.2,309.6,1556,35.8,36,5833.393014989623,9.400000000000034,False,False,True,0,0.0
298.4,309.5,1484,41.7,119,6480.351662118882,11.100000000000023,False,False,True,0,0.0
300.4,311.9,1476,48.7,189,7527.381661707288,11.5,False,True,False,0,0.0
297.3,308.3,1301,39.6,5,5395.119895862823,11.0,False,False,True,0,0.0
298.4,309.4,1385,43.2,119,6265.592388319484,11.0,False,True,False,0,0.013333333333333334
302.5,311.0,1387,52.1,116,7567.332248285438,8.5,False,False,True,0,0.10666666666666667
296.2,306.9,1516,39.1,138,6207.326316570905,10.699999999999989,False,True,False,0,0.0
298.5,307.9,1260,54.2,141,7151.521516631805,9.399999999999977,True,False,False,0,0.0
296.6,307.4,1406,41.5,189,6110.2929914770275,10.799999999999955,True,False,False,0,0.0
299.8,310.9,2084,17.6,175,3840.953066180929,11.099999999999966,False,True,False,0,0.01
296.9,307.7,1550,39.7,124,6443.930131288264,10.800000000000011,False,True,False,0,0.0
300.1,311.4,1910,23.0,153,4600.338842406653,11.299999999999955,False,True,False,0,0.0033333333333333335
298.8,309.6,1903,22.3,145,4443.98177603749,10.800000000000011,False,True,False,0,0.01
301.3,310.8,1390,57.4,164,8355.170381977174,9.5,False,True,False,0,0.03
299.3,309.1,1495,44.0,55,6888.46549177122,9.800000000000011,False,True,False,0,0.0
301.4,310.7,1487,44.6,88,6945.03510348686,9.300000000000011,False,True,False,0,0.0
300.7,310.8,1465,45.2,92,6934.33274451363,10.100000000000023,False,False,True,0,0.0
301.6,310.7,1421,44.4,94,6607.020677911622,9.099999999999966,False,False,True,0,0.01
299.1,308.7,2008,20.3,178,4268.62854608962,9.599999999999966,False,False,True,0,0.0
300.0,310.2,1443,58.7,68,8870.192609631173,10.199999999999989,False,False,True,0,0.05
301.9,310.9,1641,33.2,3,5705.257922625208,9.0,False,False,True,0,0.0
302.4,311.0,1580,36.5,64,6039.188277750779,8.600000000000023,False,False,True,0,0.0
297.9,307.8,1505,37.3,100,5878.60053327478,9.900000000000034,False,True,False,0,0.0
295.9,306.4,1892,21.7,72,4299.4161540948,10.5,False,True,False,0,0.0
298.4,308.0,1515,42.8,125,6790.238361468978,9.600000000000023,False,True,False,0,0.0
301.7,311.1,1489,41.4,108,6455.407416449379,9.400000000000034,False,False,True,0,0.0
300.8,312.1,1527,35.1,164,5612.738018976989,11.300000000000011,True,False,False,0,0.0
297.9,308.1,1627,31.4,209,5349.901905602153,10.200000000000045,False,False,True,0,0.05333333333333334
298.0,307.6,1593,32.2,118,5371.557950960901,9.600000000000023,True,False,False,0,0.0
300.5,309.7,1347,54.3,136,7659.422800937666,9.199999999999989,False,False,True,0,0.006666666666666667
296.0,306.6,1511,35.2,119,5569.750559500369,10.600000000000023,False,True,False,0,0.0
302.6,312.0,1657,29.3,37,5084.154583034993,9.399999999999977,True,False,False,0,0.006666666666666667
302.6,312.4,1628,33.0,15,5625.964124048601,9.799999999999955,False,True,False,0,0.0
298.8,309.7,1453,47.7,101,7257.927259808892,10.899999999999977,False,False,True,0,0.0
301.9,311.1,1605,40.0,179,6723.008278682158,9.200000000000045,False,False,True,0,0.0
296.7,307.4,1535,34.6,114,5561.77091416025,10.699999999999989,False,True,False,0,0.0
296.6,307.5,1582,37.9,197,6278.766133513536,10.899999999999977,False,True,False,0,0.0
300.8,311.2,1612,32.5,143,5486.267970718975,10.399999999999977,True,False,False,0,0.0
298.2,308.4,1510,39.9,134,6309.260526204382,10.199999999999989,False,False,True,0,0.0
297.4,308.4,1580,41.2,66,6816.837179269373,11.0,False,True,False,0,0.0
304.1,313.5,1428,39.9,88,5966.638431403878,9.399999999999977,False,False,True,0,0.0
296.9,307.5,1332,51.1,121,7127.771076170666,10.600000000000023,False,False,True,0,0.0033333333333333335
295.6,306.2,1428,44.5,51,6654.5215588339,10.599999999999966,False,True,False,0,0.0
300.4,311.7,1373,47.2,3,6786.426562382624,11.300000000000011,False,True,False,0,0.0
302.8,311.0,1564,38.5,85,6305.595334775194,8.199999999999989,False,True,False,0,0.0
302.3,311.3,1744,30.3,116,5533.7269637392055,9.0,True,False,False,0,0.0
298.4,308.2,1463,37.6,188,5760.508065426341,9.800000000000011,False,False,True,0,0.0
297.1,307.8,1536,40.4,92,6498.321572097414,10.699999999999989,False,True,False,0,0.0
302.4,311.6,1544,39.1,70,6321.973504475909,9.200000000000045,True,False,False,0,0.0
299.1,308.4,1330,53.6,62,7465.2619029703055,9.299999999999955,False,False,True,0,0.0033333333333333335
300.6,309.8,1418,42.7,147,6340.634564838232,9.199999999999989,False,True,False,0,0.0
302.3,311.7,1486,39.6,147,6162.2968218694505,9.399999999999977,False,False,True,0,0.0
300.5,312.0,1461,38.1,39,5829.130920956254,11.5,False,True,False,0,0.0
298.7,310.1,1558,37.6,44,6134.567030713765,11.400000000000034,False,True,False,0,0.0
298.4,309.3,1694,30.9,111,5481.513693836543,10.900000000000034,True,False,False,0,0.0
297.3,308.7,1531,36.7,116,5883.962184736908,11.399999999999977,False,True,False,0,0.0
302.2,311.5,1424,45.2,39,6740.266094325878,9.300000000000011,False,True,False,0,0.0033333333333333335
296.8,307.6,1588,37.6,126,6252.690914488742,10.800000000000011,False,True,False,0,0.0
300.8,310.2,1520,37.7,193,6000.860847376985,9.399999999999977,False,True,False,0,0.006666666666666667
302.8,310.9,1312,52.2,40,7171.879037027068,8.099999999999966,False,True,False,1,0.9333333333333333
299.9,311.3,1389,50.0,55,7272.786993060371,11.400000000000034,False,False,True,0,0.0033333333333333335
298.2,308.2,1407,47.1,153,6939.746755853316,10.0,False,True,False,0,0.0
302.0,310.5,1823,25.1,87,4791.693250936808,8.5,False,False,True,0,0.0
300.3,311.1,1388,49.4,128,7180.3403932407355,10.800000000000011,False,True,False,0,0.0
302.8,312.4,1411,53.8,246,7949.465106692589,9.599999999999966,True,False,False,1,0.3233333333333333
300.4,311.4,1309,55.5,71,7607.8378495657225,11.0,False,True,False,0,0.0
303.9,313.2,1680,29.1,201,5119.539388289926,9.300000000000011,True,False,False,0,0.016666666666666666
297.7,309.2,1391,44.5,159,6482.100482029379,11.5,False,True,False,0,0.0
298.7,309.9,1483,32.8,142,5093.820216432538,11.199999999999989,False,True,False,0,0.0
297.5,308.6,1513,39.7,32,6290.107282992996,11.100000000000023,False,True,False,0,0.0
301.4,310.7,1568,35.2,23,5779.860276172453,9.300000000000011,False,True,False,0,0.0
300.8,310.8,1634,29.2,149,4996.472732073303,10.0,False,True,False,0,0.0
298.1,308.9,1367,41.9,113,5998.064829915288,10.799999999999955,False,True,False,0,0.0
298.2,308.8,1540,34.8,32,5612.141116372805,10.600000000000023,False,True,False,0,0.0
299.2,310.3,1352,48.9,238,6923.316226275043,11.100000000000023,False,True,False,1,0.2833333333333333
300.9,310.4,1457,43.8,69,6682.85872456928,9.5,True,False,False,0,0.0
298.8,310.5,1384,52.8,200,7652.417049320162,11.699999999999989,False,True,False,0,0.16
296.9,307.9,1547,32.6,79,5281.247634145706,11.0,True,False,False,0,0.0033333333333333335
299.6,311.1,1679,30.7,129,5397.811193569399,11.5,False,True,False,0,0.0
299.7,309.6,1477,42.7,163,6604.455043911191,9.900000000000034,False,False,True,0,0.0
298.3,309.2,1562,37.6,137,6150.316881883762,10.899999999999977,False,True,False,0,0.0
300.7,312.0,1401,51.1,50,7497.002460747075,11.300000000000011,False,True,False,0,0.01
302.0,310.5,1841,23.6,119,4549.82203253693,8.5,True,False,False,0,0.0
300.7,309.5,1667,30.5,29,5324.318869426422,8.800000000000011,True,False,False,0,0.0
303.6,311.7,1546,38.5,64,6233.024544477269,8.099999999999966,False,True,False,0,0.0033333333333333335
304.2,313.2,1464,44.9,37,6883.606495133666,9.0,False,True,False,0,0.0
304.1,313.3,1470,39.9,70,6142.127797033405,9.199999999999989,False,True,False,0,0.0
300.2,310.1,1550,38.7,45,6281.614510852792,9.900000000000034,False,False,True,0,0.0
297.7,308.5,1559,35.2,127,5746.685057750546,10.800000000000011,False,False,True,0,0.0
299.2,308.5,1742,28.9,150,5271.990407793127,9.300000000000011,False,False,True,0,0.02
298.1,308.9,1459,50.3,115,7685.141972795055,10.799999999999955,False,False,True,0,0.0
298.0,308.7,1436,48.2,201,7248.198794558275,10.699999999999989,False,False,True,0,0.0033333333333333335
300.2,310.2,1628,30.3,27,5165.657968444625,10.0,False,False,True,0,0.0
304.2,313.6,1469,40.0,154,6153.332810831208,9.400000000000034,False,True,False,0,0.0
301.5,311.1,1458,41.4,123,6321.010082728807,9.600000000000023,False,True,False,0,0.0
301.4,310.4,1610,38.6,16,6507.913901666377,9.0,True,False,False,0,0.0
300.1,311.5,1659,31.1,203,5403.0052934233345,11.399999999999977,False,True,False,0,0.016666666666666666
297.9,308.8,1613,31.4,57,5303.8671012515515,10.900000000000034,False,True,False,0,0.0
303.8,312.5,1366,45.1,143,6451.428065754832,8.699999999999989,False,False,True,0,0.023333333333333334
300.3,311.1,1605,37.1,160,6235.590178477701,10.800000000000011,False,True,False,0,0.0
297.8,307.8,1396,42.5,23,6213.023071249414,10.0,False,True,False,0,0.0
299.3,309.1,1531,37.9,127,6076.3533188427455,9.800000000000011,False,True,False,0,0.0
299.5,309.1,1548,44.3,40,7181.303814987836,9.600000000000023,True,False,False,0,0.013333333333333334
301.1,310.1,1489,45.8,42,7141.489364091341,9.0,False,True,False,0,0.0
299.4,310.8,1622,33.6,217,5707.1428782173625,11.400000000000034,False,True,False,0,0.03666666666666667
302.4,310.1,1426,46.8,95,6988.661353469711,7.7000000000000455,False,True,False,0,0.016666666666666666
297.1,307.9,1609,38.9,166,6554.419944915017,10.799999999999955,False,False,True,0,0.0
298.4,309.7,1530,38.6,161,6184.539297856867,11.300000000000011,False,True,False,0,0.0
297.5,308.6,1388,48.2,203,7005.919169113431,11.100000000000023,False,True,False,0,0.11666666666666667
302.6,310.9,1331,52.0,154,7247.863691341892,8.299999999999955,False,True,False,1,0.94
298.1,307.7,1479,45.0,136,6969.623301988956,9.599999999999966,False,True,False,0,0.0
300.2,309.6,1528,35.1,44,5616.413682381689,9.400000000000034,False,False,True,0,0.0
299.6,309.1,1407,50.6,85,7455.439189940082,9.5,False,True,False,0,0.0
302.2,311.5,1443,47.0,90,7102.198511970445,9.300000000000011,False,False,True,0,0.006666666666666667
301.1,311.2,1591,35.0,208,5831.319563838255,10.099999999999966,False,False,True,0,0.06333333333333334
298.3,308.1,1722,28.6,89,5157.364163839148,9.800000000000011,False,False,True,0,0.0
301.1,309.7,1668,30.8,158,5379.914587419449,8.599999999999966,False,True,False,0,0.0
301.4,310.6,1578,33.0,181,5453.176528101163,9.200000000000045,False,True,False,0,0.0
301.2,309.9,1984,19.7,169,4092.9506849008776,8.699999999999989,False,True,False,0,0.0
299.6,310.2,1381,60.5,13,8749.387900125135,10.599999999999966,False,True,False,0,0.02
301.7,310.6,1406,46.0,112,6772.854882119116,8.900000000000034,False,True,False,0,0.01
300.2,309.5,1642,28.8,92,4952.155331706662,9.300000000000011,False,False,True,0,0.01
302.0,310.8,1454,36.6,0,5572.808376349862,8.800000000000011,False,True,False,0,0.0
299.4,309.4,1326,47.5,35,6595.773776211771,10.0,False,False,True,0,0.0033333333333333335
303.4,311.8,1515,42.6,204,6758.508275667721,8.400000000000034,False,False,True,0,0.0033333333333333335
300.4,310.6,1429,46.9,19,7018.328460095109,10.200000000000045,False,True,False,0,0.01
299.8,309.5,1641,27.1,16,4657.002701901903,9.699999999999989,False,True,False,0,0.0
300.5,311.5,1490,38.4,67,5991.645508926453,11.0,False,True,False,0,0.0
298.1,307.7,1650,34.1,138,5892.057021807657,9.599999999999966,False,True,False,0,0.0
298.6,309.7,1925,22.1,7,4455.040182178126,11.099999999999966,False,True,False,0,0.006666666666666667
298.3,310.1,1509,37.6,85,5941.631353881304,11.800000000000011,True,False,False,0,0.0
302.4,311.9,1452,43.1,137,6553.4879390944525,9.5,False,True,False,0,0.0
304.0,313.1,1450,42.8,101,6498.908002726084,9.100000000000023,False,False,True,0,0.0
298.7,309.5,1394,46.0,113,6715.049577293063,10.800000000000011,False,False,True,0,0.0
298.6,309.7,1672,27.5,54,4815.014340401956,11.099999999999966,True,False,False,0,0.0033333333333333335
300.7,310.2,1387,50.6,83,7349.462797758985,9.5,False,True,False,0,0.0033333333333333335
302.3,311.7,1540,28.9,149,4660.657421355578,9.399999999999977,False,False,True,0,0.013333333333333334
301.3,310.6,1521,36.3,166,5781.818535593191,9.300000000000011,False,True,False,0,0.0
297.4,308.3,1472,45.5,2,7013.710318894333,10.900000000000034,False,True,False,0,0.0033333333333333335
298.3,309.3,1337,56.1,206,7854.578536578664,11.0,False,True,False,1,0.71
297.4,309.0,1497,41.8,144,6552.796788710662,11.600000000000023,False,False,True,0,0.0
300.3,311.7,1579,33.6,59,5555.843776020478,11.399999999999977,False,True,False,0,0.0
301.4,310.8,1362,53.2,4,7587.825904362357,9.400000000000034,False,True,False,0,0.013333333333333334
298.2,309.4,1693,34.4,73,6098.79476236489,11.199999999999989,False,False,True,0,0.0
299.1,308.3,1524,34.1,128,5442.118121960527,9.199999999999989,False,True,False,0,0.0
302.3,311.0,1546,35.5,70,5747.334320232288,8.699999999999989,False,False,True,0,0.0
300.6,309.4,1442,43.2,96,6523.454313326134,8.799999999999955,False,True,False,0,0.0
298.2,310.0,1433,44.2,68,6632.802681622083,11.800000000000011,True,False,False,0,0.0
300.2,311.5,1383,42.1,60,6097.234438013606,11.300000000000011,False,True,False,0,0.0
295.9,306.6,1679,30.4,117,5345.063852915626,10.700000000000045,False,True,False,0,0.0
300.2,309.4,1527,37.0,194,5916.561444505657,9.199999999999989,False,True,False,0,0.0
297.1,308.5,1621,32.4,194,5499.923426786579,11.399999999999977,False,False,True,0,0.0
299.4,309.3,1401,59.0,38,8656.030238435957,9.900000000000034,False,True,False,0,0.07333333333333333
298.4,308.0,1380,47.6,130,6878.831274300212,9.600000000000023,False,True,False,0,0.0
300.3,311.3,1332,60.5,112,8438.946186072902,11.0,False,True,False,0,0.013333333333333334
299.9,309.4,1399,54.8,3,8028.360970199739,9.5,False,False,True,0,0.0
300.4,309.8,1314,63.1,146,8682.6709441384,9.400000000000034,False,True,False,0,0.11333333333333333
297.2,308.0,1435,43.0,202,6461.732489658606,10.800000000000011,True,False,False,0,0.0033333333333333335
297.6,308.4,1398,48.9,63,7158.872843441205,10.799999999999955,False,False,True,0,0.0
300.3,311.9,1390,49.0,194,7132.4625212000265,11.599999999999966,True,False,False,0,0.016666666666666666
298.7,310.2,1613,36.0,0,6080.866740288404,11.5,True,False,False,0,0.0
301.7,311.0,1474,42.6,164,6575.604751375724,9.300000000000011,False,True,False,0,0.0033333333333333335
300.4,309.8,1549,38.9,150,6310.004036465731,9.400000000000034,False,True,False,0,0.0
300.6,311.7,1428,52.6,208,7865.794022351981,11.099999999999966,False,True,False,0,0.48333333333333334
295.6,306.1,1651,28.1,110,4858.274071241888,10.5,False,False,True,0,0.0
301.3,310.9,1509,41.7,16,6589.522006831127,9.599999999999966,False,True,False,0,0.0
303.9,313.1,1437,48.3,110,7268.294515565737,9.200000000000045,False,False,True,0,0.0033333333333333335
300.4,310.1,1503,42.2,196,6642.018020072614,9.700000000000045,False,True,False,0,0.0
298.8,309.8,1493,38.5,132,6019.3438841556035,11.0,False,True,False,0,0.0
302.3,311.0,1526,37.7,171,6024.54845598505,8.699999999999989,False,False,True,0,0.0
300.4,311.8,1601,36.1,0,6052.393438871369,11.400000000000034,False,True,False,0,0.0
298.2,309.0,1413,47.9,97,7087.715769837396,10.800000000000011,False,False,True,0,0.0
300.4,311.8,2261,14.9,5,3527.8933582507066,11.400000000000034,False,True,False,0,0.05
302.9,312.3,1417,48.7,26,7226.490389321971,9.400000000000034,True,False,False,0,0.0
297.7,309.3,1400,48.9,147,7169.114435491908,11.600000000000023,True,False,False,0,0.0
297.3,308.3,1544,41.7,6,6742.360489428271,11.0,False,False,True,0,0.0
297.5,308.6,1440,38.8,29,5850.90215804563,11.100000000000023,False,False,True,0,0.0
298.3,309.5,1427,54.3,89,8114.325417177469,11.199999999999989,True,False,False,0,0.0
299.5,310.7,1424,41.3,101,6158.694462293334,11.199999999999989,False,False,True,0,0.0
300.3,311.5,1378,47.5,64,6854.4315713573305,11.199999999999989,False,True,False,0,0.0
299.3,308.8,1648,28.4,188,4901.21964281646,9.5,False,False,True,0,0.05
299.5,310.9,1577,34.6,159,5713.9496623001405,11.399999999999977,False,False,True,0,0.0
299.4,309.1,1957,22.1,55,4529.09799299875,9.700000000000045,False,True,False,0,0.0
299.7,311.2,1616,42.3,180,7158.307356763557,11.5,False,False,True,0,0.0033333333333333335
300.2,309.3,1366,49.3,59,7052.226244827344,9.100000000000023,False,True,False,0,0.0
298.3,309.3,1558,37.2,73,6069.3056793231935,11.0,False,True,False,0,0.0
301.0,312.2,1510,39.9,61,6309.260526204382,11.199999999999989,False,True,False,0,0.0
299.0,308.7,1537,42.8,202,6888.84248288965,9.699999999999989,False,True,False,0,0.0
299.8,309.2,1372,58.2,65,8361.914334206882,9.399999999999977,False,False,True,0,0.006666666666666667
297.6,309.4,1958,22.1,108,4531.412299586894,11.799999999999955,False,True,False,0,0.0
300.4,311.5,1476,32.6,144,5038.86328894574,11.100000000000023,False,False,True,0,0.0
299.1,310.6,1326,49.7,78,6901.262245846841,11.5,False,True,False,0,0.006666666666666667
302.1,311.5,1866,23.1,159,4513.903156530887,9.399999999999977,False,False,True,0,0.0033333333333333335
302.2,311.2,1381,49.4,207,7144.1283019203565,9.0,False,True,False,0,0.17666666666666667
298.8,308.4,1737,27.7,130,5038.580545606918,9.599999999999966,False,True,False,0,0.0
300.8,310.5,1434,44.5,89,6682.481733450849,9.699999999999989,False,True,False,0,0.0
297.0,307.8,1500,39.9,175,6267.477343911637,10.800000000000011,False,True,False,0,0.0
303.1,312.6,1548,36.4,150,5900.6649856784925,9.5,False,True,False,0,0.0
301.4,309.9,1259,63.9,20,8424.714771352139,8.5,False,True,False,1,0.5
301.5,310.7,1347,47.9,29,6756.654736002104,9.199999999999989,False,False,True,0,0.006666666666666667
302.7,310.5,1642,30.8,195,5296.055007519625,7.800000000000011,False,True,False,0,0.0
300.7,311.1,2437,13.8,163,3521.78819652723,10.400000000000034,False,True,False,0,0.02666666666666667
298.8,309.9,1320,47.4,210,6552.105638326872,11.099999999999966,False,True,False,0,0.11333333333333333
298.2,307.8,1515,46.7,74,7408.975034593489,9.600000000000023,False,True,False,0,0.0
298.0,309.2,1731,28.7,38,5202.446018418162,11.199999999999989,False,True,False,0,0.0
302.2,311.5,1567,33.1,168,5431.572842619978,9.300000000000011,False,True,False,0,0.0
302.2,311.3,1602,32.8,120,5502.562364615594,9.100000000000023,False,True,False,0,0.0
298.1,308.7,1691,30.3,49,5365.557508992543,10.599999999999966,False,True,False,0,0.0
296.9,307.6,1685,32.0,10,5646.489196052055,10.700000000000045,False,False,True,0,0.0
302.1,310.7,1294,62.4,101,8455.65945899,8.599999999999966,True,False,False,1,0.44666666666666666
297.4,308.7,1392,46.4,174,6763.7233194726805,11.300000000000011,False,False,True,0,0.0033333333333333335
298.0,307.5,1387,45.5,166,6608.706665969048,9.5,False,False,True,0,0.0033333333333333335
298.1,308.6,1527,40.2,16,6428.264055922363,10.5,False,True,False,0,0.0
302.0,310.8,1615,29.0,235,4904.549731029266,8.800000000000011,False,True,False,1,0.07333333333333333
301.9,311.0,1871,26.0,132,5094.197207550969,9.100000000000023,True,False,False,0,0.0
299.0,308.6,1645,33.4,22,5753.617505539467,9.600000000000023,False,False,True,0,0.0
301.5,310.1,1430,46.5,35,6963.340116681777,8.600000000000023,False,True,False,0,0.013333333333333334
297.4,308.2,1419,50.0,52,7429.866625739861,10.800000000000011,False,True,False,0,0.0
300.8,310.2,1492,46.3,187,7233.998795764049,9.399999999999977,False,True,False,0,0.0
300.8,311.4,1852,22.2,53,4305.48989989174,10.599999999999966,False,False,True,0,0.0
299.3,309.1,1600,35.3,52,5914.571769158383,9.800000000000011,False,False,True,0,0.0033333333333333335
298.8,309.3,1450,44.8,63,6802.595292573098,10.5,False,True,False,0,0.0033333333333333335
303.7,312.9,1406,41.9,48,6169.1873817563255,9.199999999999989,False,False,True,0,0.0
300.5,311.4,1743,27.6,46,5037.732315590449,10.899999999999977,False,False,True,0,0.0
299.8,310.4,1698,28.3,103,5032.1402806670585,10.599999999999966,False,True,False,0,0.0
301.6,310.9,1706,29.5,193,5270.231115907117,9.299999999999955,False,True,False,0,0.0033333333333333335
297.2,308.1,1662,31.3,0,5447.584493177773,10.900000000000034,False,True,False,0,0.0
297.6,308.6,1382,47.1,11,6816.439244199918,11.0,False,True,False,0,0.0
299.4,309.1,1373,44.1,81,6340.707868666816,9.700000000000045,True,False,False,0,0.0
299.8,311.1,1588,38.0,183,6319.208902940749,11.300000000000011,False,True,False,0,0.0
298.0,308.3,1405,56.2,218,8268.776584003455,10.300000000000011,False,True,False,1,0.6566666666666666
298.8,309.8,1363,44.0,25,6280.253154036236,11.0,False,True,False,0,0.0
301.7,311.0,1715,24.8,17,4453.94062474937,9.300000000000011,False,True,False,0,0.0
301.6,310.9,1632,31.6,189,5400.523435226999,9.299999999999955,False,True,False,0,0.0
297.2,308.6,1498,44.4,9,6965.036576714715,11.400000000000034,False,False,True,0,0.0
297.4,308.3,1431,43.0,113,6443.720691778025,10.900000000000034,False,True,False,0,0.0
300.4,311.8,1442,45.1,0,6810.365498402977,11.400000000000034,False,False,True,0,0.02
301.1,310.2,1496,43.4,54,6799.076708801078,9.099999999999966,False,True,False,0,0.0
302.3,311.6,1441,53.9,74,8133.572908168461,9.300000000000011,True,False,False,0,0.006666666666666667
299.6,309.4,1642,30.3,80,5210.080088566384,9.799999999999955,False,False,True,0,0.0
301.9,310.8,1735,31.5,66,5723.196416677206,8.900000000000034,False,True,False,0,0.0
297.5,309.5,1668,27.9,240,4873.36418795463,12.0,True,False,False,0,0.03333333333333333
296.7,307.7,1524,36.8,82,5873.0189703269025,11.0,False,True,False,0,0.0
297.8,307.5,1405,46.9,113,6900.455903732421,9.699999999999989,False,False,True,0,0.0
300.4,309.7,1488,35.7,177,5562.880943564519,9.300000000000011,False,True,False,0,0.0
299.1,310.0,1431,49.5,205,7417.77149402354,10.899999999999977,True,False,False,0,0.05
300.2,311.7,1493,48.3,167,7551.540509213392,11.5,False,True,False,0,0.0
300.2,309.5,1417,41.1,129,6098.74240248733,9.300000000000011,False,True,False,0,0.0
298.0,308.5,1713,25.3,124,4538.438995155423,10.5,False,True,False,0,0.0
300.5,310.6,1448,46.3,173,7020.663710634278,10.100000000000023,False,True,False,0,0.006666666666666667
303.2,311.2,1363,46.7,29,6665.632324852096,8.0,False,True,False,1,0.8866666666666667
297.1,307.8,1428,43.7,179,6534.8897105852,10.699999999999989,False,True,False,0,0.0
300.1,311.5,1454,52.4,90,7978.556254664829,11.399999999999977,False,True,False,0,0.0033333333333333335
299.4,309.0,1939,19.8,204,4020.4217825050023,9.600000000000023,False,False,True,0,0.11
297.4,308.7,1638,31.9,131,5471.837588463486,11.300000000000011,False,True,False,0,0.0
297.4,308.5,1477,40.7,74,6295.112887287715,11.100000000000023,False,True,False,0,0.0
298.0,308.7,1462,48.2,204,7379.433591674233,10.699999999999989,False,True,False,0,0.013333333333333334
301.0,309.7,1511,39.3,146,6218.499914442172,8.699999999999989,False,False,True,0,0.0
300.8,310.9,1453,43.9,84,6679.727603891201,10.099999999999966,False,True,False,0,0.0033333333333333335
299.2,308.5,1515,39.8,141,6314.287074450124,9.300000000000011,False,True,False,0,0.0
303.9,313.2,1345,48.2,77,6788.877004652424,9.300000000000011,False,True,False,0,0.0
301.7,311.2,1521,36.7,130,5845.530034607992,9.5,False,True,False,0,0.0
301.0,312.2,2710,9.7,143,2752.768202830496,11.199999999999989,False,False,True,1,0.92
298.9,308.2,1335,47.8,40,6682.481733450849,9.300000000000011,False,False,True,0,0.013333333333333334
300.1,310.1,1569,43.5,17,7147.280366549458,10.0,False,True,False,0,0.0
302.6,310.5,1542,39.9,184,6442.966709541162,7.899999999999977,False,False,True,0,0.0033333333333333335
297.6,308.6,1491,38.1,152,5948.825601058024,11.0,False,True,False,0,0.0
301.8,311.3,1542,40.1,142,6475.262282020067,9.5,False,False,True,0,0.0
297.5,308.4,1403,44.3,25,6508.636467976701,10.899999999999977,False,False,True,0,0.0
300.7,309.5,2007,19.7,2,4140.399205945596,8.800000000000011,True,False,False,0,0.0
303.3,312.4,1505,38.9,68,6130.765703602921,9.099999999999966,False,False,True,0,0.0
302.2,311.1,1630,34.6,94,5905.984749238572,8.900000000000034,False,True,False,0,0.0
302.6,311.8,1638,35.1,17,6020.736656898695,9.199999999999989,False,True,False,0,0.0
302.4,310.0,1426,46.6,102,6958.795279309585,7.600000000000023,False,True,False,0,0.013333333333333334
301.5,310.7,1942,20.5,155,4168.998171068775,9.199999999999989,False,True,False,0,0.0
301.7,311.3,1584,38.8,132,6435.992373850194,9.600000000000023,False,True,False,0,0.0
303.0,311.0,1359,44.2,115,6290.285306576699,8.0,False,True,False,1,0.51
295.6,306.2,1477,45.0,40,6960.198524028187,10.599999999999966,False,False,True,0,0.01
300.2,311.8,1748,28.5,184,5216.92876055121,11.600000000000023,False,False,True,0,0.0
301.2,310.7,1644,31.6,166,5440.233166368373,9.5,False,True,False,0,0.0
301.8,309.6,1432,43.7,138,6553.194723780118,7.800000000000011,False,True,False,0,0.013333333333333334
303.8,312.6,1684,29.3,167,5166.998381310157,8.800000000000011,False,False,True,0,0.0
302.7,312.4,1422,44.5,49,6626.5613842169505,9.699999999999989,False,False,True,0,0.0033333333333333335
296.9,307.8,1466,45.7,153,7015.825657947749,10.900000000000034,False,True,False,0,0.0
303.7,312.8,1685,31.8,203,5611.1986385767295,9.100000000000023,False,False,True,0,0.013333333333333334
304.1,313.6,1441,43.7,131,6594.381003468679,9.5,False,False,True,0,0.0033333333333333335
298.1,308.0,1570,35.3,159,5803.673548486663,9.899999999999977,True,False,False,0,0.0
298.7,309.8,1322,57.0,140,7891.0524272868415,11.100000000000023,False,True,False,0,0.0033333333333333335
297.2,308.5,1518,44.3,163,7042.131260433807,11.300000000000011,False,True,False,0,0.0
302.4,311.9,1867,25.9,121,5063.755174737684,9.5,False,True,False,0,0.006666666666666667
301.1,312.3,1587,34.5,115,5733.563672434052,11.199999999999989,False,True,False,0,0.0
298.8,309.8,1490,38.6,127,6022.851995952112,11.0,False,False,True,0,0.0
302.3,311.3,1682,34.4,127,6059.16880702761,9.0,False,True,False,0,0.0
300.6,310.0,1478,36.3,95,5618.361469826913,9.399999999999977,False,False,True,0,0.0
298.2,309.2,1332,60.2,147,8397.100171927088,11.0,False,False,True,0,0.02666666666666667
299.3,309.1,1388,45.5,123,6613.471414826993,9.800000000000011,False,True,False,0,0.0
296.8,307.9,1409,44.3,145,6536.470978887507,11.099999999999966,False,False,True,0,0.0
299.0,308.8,1405,55.2,103,8121.645328060333,9.800000000000011,False,True,False,0,0.0
297.9,307.8,1303,59.3,75,8091.475566610358,9.900000000000034,False,False,True,0,0.0
302.7,310.8,1275,55.0,25,7343.472827766141,8.100000000000023,True,False,False,1,0.89
302.3,311.6,1608,39.9,136,6718.735712673274,9.300000000000011,False,False,True,0,0.0
296.3,307.2,1446,45.9,180,6950.396754948986,10.899999999999977,False,False,True,0,0.0
296.8,307.4,1472,43.9,30,6767.074351636509,10.599999999999966,False,False,True,0,0.0
299.2,310.8,1761,30.4,180,5606.1092584779135,11.600000000000023,True,False,False,0,0.0033333333333333335
300.7,310.2,1569,32.8,31,5389.213701674074,9.5,False,True,False,0,0.0
300.3,310.4,1336,54.4,52,7610.86425048868,10.099999999999966,False,True,False,0,0.0
301.0,311.0,1437,56.0,33,8427.00813398926,10.0,False,True,False,0,0.0033333333333333335
300.5,311.6,1444,49.3,92,7454.915591164483,11.100000000000023,False,True,False,0,0.006666666666666667
297.4,309.0,1570,37.9,154,6231.139588885115,11.600000000000023,False,True,False,0,0.0
300.9,309.7,1394,48.8,192,7123.791725476119,8.800000000000011,False,False,True,0,0.0033333333333333335
301.3,310.8,1418,45.4,59,6741.564619289361,9.5,False,False,True,0,0.0
296.2,307.3,1451,42.8,11,6503.390008245206,11.100000000000023,False,False,True,0,0.0
303.5,312.6,1496,39.0,21,6109.76939270143,9.100000000000023,False,True,False,0,0.0
298.5,309.0,1531,30.8,212,4938.039108716533,10.5,True,False,False,0,0.14333333333333334
299.0,310.1,1432,50.0,45,7497.934466567639,11.100000000000023,True,False,False,0,0.01
300.8,310.7,1452,43.0,139,6538.282630651078,9.899999999999977,False,False,True,0,0.0
297.9,307.9,1540,39.8,38,6418.483230794186,10.0,False,False,True,0,0.0
300.3,310.6,1433,53.8,86,8073.411408852217,10.300000000000011,False,True,False,0,0.0033333333333333335
298.8,309.7,2098,19.0,133,4174.338878579878,10.899999999999977,False,False,True,0,0.013333333333333334
303.7,311.9,1561,33.3,153,5443.469006801571,8.199999999999989,False,True,False,0,0.013333333333333334
302.5,312.0,1487,46.1,175,7178.612517281261,9.5,False,False,True,0,0.0
300.0,309.7,1586,37.8,103,6278.033095227699,9.699999999999989,False,True,False,0,0.0
300.4,309.5,1888,21.9,221,4329.868658883596,9.100000000000023,False,False,True,0,0.22
302.7,310.5,1351,41.8,10,5913.713067166403,7.800000000000011,False,True,False,1,0.47
301.3,310.8,1432,54.4,51,8157.752699625592,9.5,False,True,False,0,0.0
300.0,311.2,1504,37.9,58,5969.1935934287985,11.199999999999989,False,True,False,0,0.0
302.6,312.3,1321,53.4,42,7387.078133797967,9.699999999999989,False,True,False,0,0.013333333333333334
299.4,310.9,1446,47.3,12,7162.391427213226,11.5,False,False,True,0,0.01
298.5,310.1,1809,28.9,20,5474.759269631324,11.600000000000023,False,True,False,0,0.0
298.1,309.9,1642,30.4,58,5227.2750723570325,11.799999999999955,False,True,False,0,0.0
302.2,310.8,1350,56.6,76,8001.636488693202,8.600000000000023,False,True,False,0,0.6066666666666667
297.6,309.5,1924,20.6,37,4150.504662314644,11.899999999999977,False,True,False,0,0.0033333333333333335
301.1,311.7,1816,24.5,7,4659.191344783902,10.599999999999966,False,True,False,0,0.0
297.0,307.8,1579,34.1,94,5638.5200226874485,10.800000000000011,False,False,True,0,0.0
299.6,309.0,1525,42.8,160,6835.058416660192,9.399999999999977,False,True,False,0,0.0
300.7,311.9,1366,55.1,36,7881.899920689384,11.199999999999989,False,False,True,0,0.016666666666666666
299.6,310.9,1679,31.2,120,5485.723427992353,11.299999999999955,True,False,False,0,0.0
300.0,310.1,1477,34.6,195,5351.619309586118,10.100000000000023,False,True,False,0,0.0033333333333333335
297.6,308.0,1258,57.4,139,7561.729741386535,10.399999999999977,False,True,False,0,0.013333333333333334
301.0,312.0,1558,37.5,190,6118.251692866122,11.0,False,False,True,0,0.006666666666666667
303.5,312.3,1624,34.8,121,5918.2579045385955,8.800000000000011,False,False,True,0,0.0
300.9,310.4,1544,36.0,148,5820.742868571168,9.5,False,True,False,0,0.0
299.6,310.8,1427,50.4,98,7531.528564010027,11.199999999999989,False,False,True,0,0.0
300.7,311.3,1348,53.0,35,7481.598184768973,10.600000000000023,False,False,True,0,0.0
300.1,311.4,1518,46.9,87,7455.439189940082,11.299999999999955,True,False,False,0,0.0
300.2,310.4,1501,42.9,212,6743.2087194447395,10.199999999999989,True,False,False,0,0.03333333333333333
297.8,308.4,1374,47.1,150,6776.98084047083,10.599999999999966,False,True,False,0,0.0
298.9,308.7,1504,41.8,165,6583.437789058675,9.800000000000011,False,True,False,0,0.0
300.7,311.5,1569,36.4,20,5980.712766491962,10.800000000000011,False,False,True,0,0.0
299.2,308.6,1367,47.6,168,6814.030689832166,9.400000000000034,False,False,True,0,0.0
300.2,309.5,1343,50.2,98,7060.059282510295,9.300000000000011,False,True,False,0,0.0
298.3,309.4,1618,31.5,108,5337.2517591836995,11.099999999999966,False,True,False,0,0.0033333333333333335
298.0,307.7,1479,42.5,47,6582.422007434014,9.699999999999989,False,True,False,0,0.0
300.9,311.9,1513,38.0,38,6020.757600849718,11.0,True,False,False,0,0.0
298.7,309.7,1311,54.5,52,7482.174143422131,11.0,True,False,False,0,0.0
298.0,307.7,1387,50.8,204,7378.512057829179,9.699999999999989,False,True,False,0,0.13
298.3,309.0,1823,25.9,181,4944.41654180332,10.699999999999989,True,False,False,0,0.0033333333333333335
303.6,312.2,1371,54.6,112,7838.964821090324,8.599999999999966,True,False,False,1,0.14
300.5,311.9,1383,50.5,35,7313.784777189718,11.399999999999977,False,True,False,0,0.0033333333333333335
298.6,309.2,1311,46.6,44,6397.602111623327,10.599999999999966,False,False,True,0,0.0
300.0,311.5,1591,32.0,79,5331.492172652118,11.5,False,True,False,0,0.0
297.5,308.7,1352,53.0,171,7503.79877285434,11.199999999999989,False,False,True,0,0.0
302.3,311.2,1546,40.0,71,6475.869656599761,8.899999999999977,False,False,True,0,0.0
297.3,308.0,1598,29.4,148,4919.85975922776,10.699999999999989,False,False,True,0,0.006666666666666667
297.4,308.2,1401,51.9,117,7614.3723622851885,10.800000000000011,False,False,True,0,0.0
299.6,309.3,1387,48.3,25,7015.396306951759,9.699999999999989,False,False,True,0,0.0
300.0,311.1,1425,47.8,179,7132.986119975625,11.100000000000023,False,True,False,0,0.0
298.0,308.2,1395,49.1,206,7172.727267043536,10.199999999999989,False,False,True,0,0.023333333333333334
302.4,311.9,1290,70.0,139,9456.193887305277,9.5,False,True,False,1,0.8866666666666667
297.9,307.6,1609,30.3,64,5105.370805422237,9.700000000000045,False,False,True,0,0.0
300.6,312.3,1532,37.2,54,5968.020732171458,11.699999999999989,False,True,False,0,0.0
302.3,310.9,1523,43.2,210,6889.889680440848,8.599999999999966,False,False,True,0,0.10333333333333333
298.1,308.8,1394,47.9,70,6992.410320702993,10.699999999999989,False,False,True,0,0.0
303.7,313.0,1753,29.0,42,5323.6381910181435,9.300000000000011,False,True,False,0,0.0
303.7,312.5,1481,33.3,182,5164.495579162796,8.800000000000011,False,True,False,0,0.0
301.4,310.8,1680,31.4,185,5524.176522072292,9.400000000000034,False,True,False,0,0.0
301.5,310.6,1481,46.8,20,7258.210003147715,9.100000000000023,False,True,False,0,0.016666666666666666
300.1,309.2,1457,44.3,98,6759.147066173952,9.099999999999966,False,False,True,0,0.0
302.4,310.1,1597,28.9,179,4833.1622739641925,7.7000000000000455,True,False,False,0,0.0033333333333333335
299.8,309.7,1429,42.6,127,6374.856980811337,9.899999999999977,False,True,False,0,0.0
299.8,310.8,1553,32.2,161,5236.678906366779,11.0,False,True,False,0,0.0
298.6,309.8,1419,44.9,115,6672.020229914395,11.199999999999989,False,False,True,0,0.0
301.8,310.7,1523,43.3,60,6905.8384991455705,8.899999999999977,False,True,False,0,0.0
303.5,311.7,1584,32.7,143,5424.148211981994,8.199999999999989,True,False,False,0,0.0
296.7,307.7,1927,23.9,112,4822.899737962466,11.0,False,True,False,0,0.0
298.4,308.9,1496,37.9,194,5937.442563676518,10.5,False,True,False,0,0.0
298.1,309.0,1557,36.0,56,5869.751713967169,10.899999999999977,False,True,False,0,0.0
303.9,312.7,1602,33.9,165,5687.0995170874585,8.800000000000011,False,True,False,0,0.0
300.0,311.5,1601,36.9,35,6186.518501228627,11.5,False,True,False,0,0.0
301.2,310.6,1385,49.2,105,7135.813553363856,9.400000000000034,False,True,False,0,0.0033333333333333335
300.6,309.5,1867,23.0,242,4496.77100459331,8.899999999999977,False,True,False,0,0.18
299.1,308.2,1568,33.3,123,5467.879181719963,9.099999999999966,False,True,False,0,0.006666666666666667
297.7,307.2,1429,44.1,26,6599.323775910327,9.5,True,False,False,0,0.0033333333333333335
298.4,309.6,1479,37.8,144,5854.483573670723,11.200000000000045,False,True,False,0,0.0
297.3,308.6,1297,45.9,184,6234.2078777101215,11.300000000000011,False,True,False,0,0.0
301.5,310.5,1351,52.9,116,7484.100986916333,9.0,False,True,False,0,0.013333333333333334
296.9,308.0,1430,55.9,71,8370.983065000244,11.100000000000023,False,False,True,0,0.006666666666666667
297.5,309.4,1433,48.3,139,7248.062658876619,11.899999999999977,False,False,True,0,0.0
298.8,308.3,1634,27.9,12,4774.0270282481215,9.5,False,True,False,0,0.0
300.8,311.9,1356,44.3,214,6290.599465842058,11.099999999999966,False,False,True,0,0.03666666666666667
299.1,310.5,1628,35.9,174,6120.367031919539,11.399999999999977,False,True,False,0,0.0
300.8,310.6,1663,30.6,139,5328.957954578223,9.800000000000011,False,True,False,0,0.006666666666666667
299.9,309.5,1372,56.2,133,8074.563326158534,9.600000000000023,False,False,True,0,0.0033333333333333335
298.7,310.2,1566,33.1,68,5428.106618725517,11.5,False,True,False,0,0.0
303.8,312.8,1420,47.9,200,7122.828303729018,9.0,False,False,True,0,0.03666666666666667
300.3,310.3,2158,16.8,32,3796.5518900101933,10.0,False,True,False,0,0.0
302.7,312.0,1538,36.7,74,5910.864689827149,9.300000000000011,False,False,True,0,0.0
300.0,309.3,1887,22.6,120,4465.8996207840355,9.300000000000011,False,True,False,0,0.0
297.6,309.3,1529,41.9,3,6708.881583716515,11.699999999999989,False,False,True,0,0.0
304.0,313.0,1541,45.9,64,7407.027247148262,9.0,False,True,False,0,0.0033333333333333335
299.1,310.2,1496,45.0,104,7049.733914655496,11.099999999999966,False,True,False,0,0.0
303.8,313.0,1499,42.3,38,6640.0388167008505,9.199999999999989,False,True,False,0,0.0
296.8,308.0,1666,29.8,41,5199.000738474725,11.199999999999989,False,True,False,0,0.0
303.0,311.1,1597,36.7,191,6137.614375587747,8.100000000000023,False,False,True,0,0.0
298.0,309.1,1822,23.5,122,4483.785754958472,11.100000000000023,False,True,False,0,0.0
297.0,307.6,1680,35.8,20,6298.264951916816,10.600000000000023,False,True,False,0,0.0033333333333333335
303.0,312.3,1533,38.5,134,6180.612307039879,9.300000000000011,False,True,False,0,0.0
299.8,309.1,1268,58.0,90,7701.509670520259,9.300000000000011,False,False,True,0,0.0033333333333333335
299.3,310.6,1443,45.7,97,6905.754723341476,11.300000000000011,False,True,False,0,0.0
299.1,310.2,1598,33.4,20,5589.228433952624,11.099999999999966,False,True,False,0,0.0
301.3,311.2,1438,42.4,7,6384.8891333517995,9.899999999999977,False,False,True,0,0.006666666666666667
300.3,311.3,1505,39.6,107,6241.087965621483,11.0,False,True,False,0,0.0
300.9,311.3,1613,32.7,170,5523.453955761967,10.400000000000034,False,True,False,0,0.0
299.3,309.0,1473,46.3,146,7141.876827185284,9.699999999999989,False,True,False,0,0.0
299.3,309.3,1528,37.8,45,6048.445504103356,10.0,False,True,False,0,0.0
301.5,310.5,1623,33.5,157,5693.665445733462,9.0,False,False,True,0,0.0
304.0,313.1,1466,39.5,83,6064.006859714138,9.100000000000023,False,False,True,0,0.0
301.9,309.7,1595,31.4,133,5244.679495657921,7.800000000000011,False,True,False,0,0.0
297.5,308.9,1596,30.7,5,5130.974785548994,11.399999999999977,False,True,False,0,0.0
298.3,307.7,1717,27.1,7,4872.683509546353,9.399999999999977,False,False,True,0,0.0
301.3,310.5,1406,47.1,83,6934.814455387182,9.199999999999989,False,True,False,0,0.0
300.9,312.0,2129,17.8,173,3968.480783965651,11.100000000000023,True,False,False,0,0.006666666666666667
302.5,311.2,1227,60.1,167,7722.317485862533,8.699999999999989,False,True,False,0,0.12666666666666668
300.1,311.3,1547,40.0,201,6480.058446804546,11.199999999999989,False,True,False,0,0.0
301.3,311.0,1576,30.4,151,5017.165355684947,9.699999999999989,False,True,False,0,0.0
301.8,310.8,1546,43.4,29,7026.31857741074,9.0,False,True,False,0,0.0
297.2,308.3,1379,52.1,21,7523.685054351565,11.100000000000023,False,True,False,0,0.0
298.4,309.2,1345,52.7,196,7422.693322514165,10.800000000000011,False,True,False,0,0.14666666666666667
300.4,309.5,1349,50.4,30,7119.854262683619,9.100000000000023,False,True,False,0,0.0033333333333333335
297.7,309.2,1732,28.8,152,5223.588936976821,11.5,False,False,True,0,0.0033333333333333335
299.3,310.4,1548,41.6,25,6743.617126489707,11.099999999999966,True,False,False,0,0.0033333333333333335
301.2,310.7,1656,26.2,64,4543.496959327702,9.5,True,False,False,0,0.0033333333333333335
297.5,309.5,1553,42.4,60,6895.502659315261,12.0,False,False,True,0,0.0
297.5,308.8,1530,37.8,157,6056.362317590403,11.300000000000011,False,True,False,0,0.0
304.0,313.0,1397,42.4,113,6202.844311051783,9.0,False,True,False,0,0.0
301.5,310.4,1486,39.6,144,6162.2968218694505,8.899999999999977,False,False,True,0,0.0
303.3,311.4,1511,43.4,65,6867.249269383976,8.099999999999966,False,True,False,0,0.006666666666666667
301.0,312.2,1602,35.9,67,6022.621612490849,11.199999999999989,False,True,False,0,0.0
302.4,311.4,1508,41.2,60,6506.196497682414,9.0,False,False,True,0,0.0
298.7,310.1,1786,27.7,114,5180.716669230832,11.400000000000034,False,True,False,0,0.0
297.4,308.3,1550,47.8,18,7758.686656815593,10.900000000000034,False,False,True,0,0.0
297.0,307.9,1414,46.2,165,6841.0064987509895,10.899999999999977,False,False,True,0,0.0
299.0,310.2,1564,39.9,97,6534.8897105852,11.199999999999989,False,False,True,0,0.0
300.5,310.5,1452,42.9,29,6523.077322207702,10.0,False,True,False,0,0.0
301.7,310.6,1691,27.7,105,4905.146633633447,8.900000000000034,False,False,True,0,0.0
300.6,310.9,1471,37.9,86,5838.22059570064,10.299999999999955,False,True,False,0,0.0
301.4,310.6,1855,25.3,178,4914.655187398313,9.200000000000045,False,False,True,0,0.0
300.7,312.3,1420,53.8,67,8000.170412121528,11.600000000000023,False,True,False,0,0.0
299.5,309.3,1523,41.5,181,6618.759762460536,9.800000000000011,False,True,False,0,0.0
302.3,312.0,1398,43.3,171,6339.042824560413,9.699999999999989,False,True,False,0,0.0
300.3,311.8,1547,39.7,121,6431.458008453513,11.5,False,True,False,0,0.0
297.5,308.6,1536,39.0,202,6273.132210688099,11.100000000000023,False,True,False,0,0.0
298.2,307.9,1785,23.4,181,4374.039451593069,9.699999999999989,False,True,False,0,0.0033333333333333335
303.3,311.5,1384,54.8,48,7942.281331491379,8.199999999999989,False,False,True,0,0.21666666666666667
297.7,308.7,1731,28.4,104,5148.065049584521,11.0,False,True,False,0,0.0
295.8,306.3,1444,45.5,76,6880.297350871886,10.5,False,False,True,0,0.0
297.8,307.3,1438,44.5,3,6701.121849862148,9.5,False,True,False,0,0.0
300.6,310.2,1478,40.1,5,6206.509502480972,9.599999999999966,False,False,True,0,0.0
296.7,307.5,1515,42.1,55,6679.18306116458,10.800000000000011,False,False,True,0,0.0
301.8,311.2,1822,26.2,204,4998.944118294126,9.399999999999977,False,True,False,0,0.006666666666666667
303.9,313.0,1551,36.8,140,5977.0685190137965,9.100000000000023,False,True,False,0,0.0
299.1,309.4,1811,24.6,77,4665.327922433916,10.299999999999955,True,False,False,0,0.0
302.9,312.2,1571,40.6,139,6679.298252895212,9.300000000000011,False,True,False,0,0.0
298.4,308.0,1571,37.4,50,6152.8510999576565,9.600000000000023,False,True,False,0,0.0
301.4,310.8,1543,36.9,97,5962.397281321532,9.400000000000034,False,True,False,0,0.0
298.1,307.6,1764,27.7,23,5116.90045046091,9.5,False,False,True,0,0.0033333333333333335
300.6,309.6,1588,37.0,50,6152.91393181073,9.0,False,False,True,0,0.0
298.8,308.8,1445,49.9,4,7550.870302780628,10.0,True,False,False,0,0.0
298.7,310.3,1451,40.0,86,6077.934587145053,11.600000000000023,False,True,False,0,0.0
299.6,310.6,1633,34.2,151,5848.451715775832,11.0,False,False,True,0,0.0
299.4,310.6,1348,54.5,22,7693.341529620925,11.200000000000045,False,True,False,0,0.0033333333333333335
298.8,310.6,1640,33.8,9,5804.825465792979,11.800000000000011,False,False,True,0,0.0
298.9,310.0,1348,58.2,163,8215.64178025574,11.100000000000023,False,False,True,0,0.01
297.4,308.5,1761,27.2,76,5015.992494427607,11.100000000000023,False,True,False,0,0.0
298.5,309.7,1523,44.6,83,7113.173142306986,11.199999999999989,False,False,True,0,0.0
301.4,310.9,1414,38.8,162,5745.2608690809175,9.5,False,True,False,0,0.0
301.0,312.0,1499,34.6,207,5431.331987183203,11.0,False,False,True,0,0.14333333333333334
297.2,308.6,1392,41.5,108,6049.450813752506,11.400000000000034,False,True,False,0,0.0
299.7,309.2,1608,34.4,68,5792.594198395004,9.5,False,False,True,0,0.0
298.9,308.6,1400,49.5,79,7257.079029792422,9.700000000000045,False,True,False,0,0.0
299.2,310.4,1502,39.8,34,6260.105073151212,11.199999999999989,False,False,True,0,0.0
297.1,308.5,1483,46.9,203,7283.54171191116,11.399999999999977,False,True,False,0,0.01
298.6,309.6,1472,39.1,14,6027.1664498630425,11.0,False,True,False,0,0.0
299.8,309.1,1772,24.8,113,4601.97247058652,9.300000000000011,False,True,False,0,0.0
299.9,311.4,1706,28.8,111,5145.17478434322,11.5,False,True,False,0,0.0
297.4,308.0,1423,38.0,154,5662.616038340482,10.600000000000023,False,True,False,0,0.0
298.9,309.8,1392,43.1,218,6282.682652355013,10.900000000000034,False,False,True,0,0.023333333333333334
302.4,310.1,1401,48.8,177,7159.563993824995,7.7000000000000455,False,True,False,0,0.03666666666666667
297.7,308.4,1289,51.3,82,6924.667111116086,10.699999999999989,False,True,False,0,0.0
300.9,312.1,1711,28.8,74,5160.254429080451,11.200000000000045,False,True,False,0,0.0
300.7,309.7,1623,32.7,0,5557.697315686096,9.0,True,False,False,0,0.0
299.0,310.4,1677,30.8,73,5408.942903538618,11.399999999999977,True,False,False,0,0.0
297.4,308.6,1439,51.9,188,7820.9006633321815,11.200000000000045,False,True,False,0,0.03666666666666667
298.2,308.7,1408,46.3,3,6826.722724152668,10.5,False,True,False,0,0.0
297.3,308.7,1438,46.2,16,6957.11976322767,11.399999999999977,True,False,False,0,0.03
301.9,311.4,1465,39.9,153,6121.236205887032,9.5,False,False,True,0,0.0
297.6,309.6,1501,49.8,222,7827.780751243544,12.0,False,True,False,1,0.08333333333333333
298.3,310.0,1419,47.1,105,6998.93436144695,11.699999999999989,True,False,False,0,0.006666666666666667
297.2,308.7,1463,49.9,146,7644.929586829106,11.5,False,True,False,0,0.0
297.4,309.3,1516,43.0,83,6826.471396740381,11.900000000000034,True,False,False,0,0.006666666666666667
297.6,308.4,1353,57.5,88,8146.9351489217315,10.799999999999955,False,True,False,0,0.0
299.0,310.1,1555,38.6,118,6285.593861547339,11.100000000000023,True,False,False,0,0.0
299.8,310.9,1545,40.7,166,6584.935281556886,11.099999999999966,False,True,False,0,0.0
297.7,308.3,1547,36.8,74,5961.653771060182,10.600000000000023,False,False,True,0,0.0033333333333333335
300.2,309.6,1491,41.8,41,6526.533074126652,9.400000000000034,False,False,True,0,0.0
301.1,310.6,1310,48.8,103,6694.524505289609,9.5,False,False,True,0,0.0
298.2,308.8,1345,44.3,37,6239.569529172248,10.600000000000023,False,True,False,0,0.0
297.3,308.3,1461,41.5,108,6349.315832537652,11.0,True,False,False,0,0.0033333333333333335
297.8,307.5,1581,33.1,116,5480.099977142428,9.699999999999989,False,True,False,0,0.0
298.5,309.5,1548,44.5,132,7213.725051172883,11.0,False,True,False,0,0.0
297.4,309.3,1499,36.8,88,5776.676795616816,11.900000000000034,False,False,True,0,0.0
297.5,308.3,2564,12.8,127,3436.8185872231384,10.800000000000011,False,True,False,1,0.8833333333333333
298.4,308.2,1478,43.5,206,6732.747215908285,9.800000000000011,True,False,False,0,0.05
301.9,310.7,1370,50.3,20,7216.343045050874,8.800000000000011,False,True,False,0,0.13666666666666666
300.2,311.5,1528,36.1,125,5776.425468204529,11.300000000000011,False,True,False,0,0.0
304.1,313.4,1696,29.6,65,5257.099258615112,9.299999999999955,True,False,False,0,0.0
298.0,307.6,1569,35.6,173,5849.268529865764,9.600000000000023,False,False,True,0,0.0
301.8,310.7,1461,44.2,49,6762.403850558174,8.899999999999977,False,True,False,0,0.0
301.8,310.6,1395,50.5,131,7377.244948792231,8.800000000000011,False,True,False,0,0.0033333333333333335
302.4,311.1,1887,22.4,197,4426.378385201874,8.700000000000045,False,False,True,0,0.0033333333333333335
302.0,310.6,1563,41.0,184,6710.756067333157,8.600000000000023,False,False,True,0,0.0
298.0,307.5,1431,52.9,92,7927.274990582732,9.5,False,False,True,0,0.0033333333333333335
304.4,313.6,1568,39.1,0,6420.242522680198,9.200000000000045,False,True,False,0,0.013333333333333334
296.4,307.4,1416,50.0,210,7414.158662471911,11.0,False,False,True,0,0.01
297.4,308.3,1632,33.5,39,5725.238451902039,10.900000000000034,False,True,False,0,0.0
298.8,308.6,1500,37.1,210,5827.654372409067,9.800000000000011,False,False,True,0,0.06
298.4,310.1,1533,35.2,92,5650.845537865033,11.700000000000045,False,True,False,0,0.0
300.9,310.4,1445,41.7,180,6310.04592436778,9.5,False,True,False,0,0.0
301.1,311.1,2089,19.8,162,4331.439455210392,10.0,False,False,True,0,0.0
297.5,308.6,1596,36.0,141,6016.778250155172,11.100000000000023,False,True,False,0,0.0
302.9,312.5,1629,30.4,74,5185.889825133743,9.600000000000023,False,True,False,0,0.0
300.3,309.9,1447,46.5,28,7046.121083103867,9.599999999999966,False,False,True,0,0.0033333333333333335
301.9,309.7,1424,42.8,140,6382.375859228928,7.800000000000011,False,True,False,0,0.006666666666666667
302.3,311.3,1625,33.1,137,5632.6138284987,9.0,False,False,True,0,0.0
300.5,310.2,1386,48.2,225,6995.824184719894,9.699999999999989,False,False,True,0,0.19666666666666666
298.4,308.9,1628,34.9,93,5949.883270584733,10.5,False,True,False,0,0.0
301.4,310.4,1436,49.7,108,7473.765147086021,9.0,False,True,False,0,0.0
299.3,310.3,1396,47.4,14,6929.348084169935,11.0,False,True,False,0,0.0033333333333333335
297.4,308.5,1472,42.0,150,6474.194140517846,11.100000000000023,False,False,True,0,0.0
302.2,311.2,1544,43.6,63,7049.566363047305,9.0,False,False,True,0,0.0
299.7,309.2,1422,40.4,140,6016.02426791831,9.5,False,True,False,0,0.0
301.7,311.0,1298,58.1,168,7897.314668642998,9.300000000000011,False,False,True,0,0.03
298.6,310.2,1328,50.5,12,7022.925657344863,11.599999999999966,False,False,True,0,0.013333333333333334
298.8,309.9,1739,30.6,83,5572.494217084503,11.099999999999966,False,True,False,0,0.0
297.5,308.3,1437,42.3,29,6365.400786924031,10.800000000000011,False,True,False,0,0.0
300.4,311.7,1515,47.4,170,7520.030334897888,11.300000000000011,False,True,False,0,0.0
300.0,309.4,2010,20.0,55,4209.734155810323,9.399999999999977,False,True,False,0,0.0
301.7,310.7,1532,39.8,92,6385.140460764087,9.0,False,True,False,0,0.0033333333333333335
299.0,310.3,1577,40.0,181,6605.722152948138,11.300000000000011,False,True,False,0,0.0
301.0,310.4,1563,34.4,124,5630.488017469771,9.399999999999977,False,True,False,0,0.0
300.4,310.8,1390,52.5,144,7641.9241298571715,10.400000000000034,False,True,False,0,0.0033333333333333335
299.9,309.6,1489,41.7,56,6502.18573106133,9.700000000000045,False,False,True,0,0.0
300.1,309.6,1565,34.8,32,5703.24730332691,9.5,False,True,False,0,0.0
302.6,311.5,1599,37.0,211,6195.534872144431,8.899999999999977,False,True,False,0,0.15333333333333332
302.2,311.2,1649,33.2,9,5733.071489584991,9.0,False,True,False,0,0.0
301.8,310.2,1609,34.2,217,5762.497740773614,8.399999999999977,False,False,True,0,0.11
300.2,310.4,1808,25.8,35,4884.799585213697,10.199999999999989,False,True,False,0,0.0
298.7,309.8,1589,31.8,217,5291.510170147432,11.100000000000023,False,True,False,0,0.06
303.7,313.1,1423,41.2,124,6139.467915253365,9.400000000000034,False,True,False,0,0.0
298.0,307.6,1385,45.0,158,6526.658737832795,9.600000000000023,False,True,False,0,0.0
297.9,307.4,1403,52.8,0,7757.471907656203,9.5,False,False,True,0,0.006666666666666667
299.0,310.2,1682,28.8,49,5072.792489604511,11.199999999999989,False,True,False,0,0.006666666666666667
300.3,310.1,1483,39.9,174,6196.445934013972,9.800000000000011,False,True,False,0,0.0
300.7,309.9,1815,27.0,190,5131.7915996389265,9.199999999999989,False,True,False,0,0.0
303.7,312.7,1572,37.2,192,6123.843727789512,9.0,False,True,False,0,0.0
302.5,312.0,2052,18.9,40,4061.3253188547405,9.5,False,True,False,0,0.01
297.5,308.9,1459,48.5,193,7410.126951899804,11.399999999999977,False,True,False,0,0.0033333333333333335
302.4,310.4,1586,34.3,149,5696.733734558467,8.0,False,False,True,0,0.0
303.6,312.5,1375,54.0,186,7775.441817634738,8.899999999999977,True,False,False,0,0.08333333333333333
300.4,309.9,1567,36.5,72,5989.498753946501,9.5,False,True,False,0,0.0
296.7,307.8,1672,32.4,113,5672.962350146305,11.100000000000023,False,False,True,0,0.0
298.1,307.9,1517,40.8,50,6481.482635474174,9.799999999999955,False,True,False,0,0.0
298.9,308.6,1771,24.1,213,4469.554340237711,9.700000000000045,False,True,False,0,0.06666666666666667
302.3,311.2,1633,36.4,114,6224.66790801872,8.899999999999977,False,True,False,0,0.0
302.4,311.1,1443,51.8,178,7827.529423831255,8.700000000000045,False,False,True,0,0.0033333333333333335
300.5,309.4,1502,34.3,40,5395.015176107703,8.899999999999977,True,False,False,0,0.0
297.2,308.0,1765,31.1,191,5748.224438150804,10.800000000000011,False,False,True,0,0.0033333333333333335
299.2,308.4,1509,39.4,0,6226.071152737323,9.199999999999989,False,True,False,0,0.0
302.3,311.6,1784,26.4,79,4932.049138723688,9.300000000000011,False,True,False,0,0.0
298.4,309.5,1519,35.4,133,5631.053504147417,11.100000000000023,False,False,True,0,0.0
299.9,310.1,1447,51.4,185,7788.615562828792,10.200000000000045,True,False,False,0,0.0
300.2,310.2,1429,43.8,54,6554.430416890528,10.0,False,False,True,0,0.0
301.9,310.7,1480,47.1,68,7299.804689881244,8.800000000000011,False,True,False,0,0.0033333333333333335
300.9,312.1,1297,48.6,76,6600.925988163658,11.200000000000045,False,False,True,0,0.0
302.0,309.9,1447,42.8,185,6485.4619861687215,7.899999999999977,True,False,False,0,0.0
302.3,311.4,1609,32.3,49,5442.358977397302,9.099999999999966,False,True,False,0,0.0033333333333333335
300.5,311.4,1611,32.7,44,5516.605283777141,10.899999999999977,False,True,False,0,0.0
298.0,307.7,1487,41.3,160,6431.164793139177,9.699999999999989,False,False,True,0,0.0
303.0,311.3,1466,43.0,210,6601.3239232331125,8.300000000000011,False,True,False,0,0.10666666666666667
303.4,312.9,1389,54.1,109,7869.155526491322,9.5,False,True,False,0,0.016666666666666666
297.1,308.5,1323,44.4,207,6151.3640794349585,11.399999999999977,False,True,False,1,0.03333333333333333
300.0,309.3,1932,21.8,135,4410.544758227782,9.300000000000011,False,False,True,0,0.0033333333333333335
302.0,309.7,1414,36.3,209,5375.07653473292,7.699999999999989,False,True,False,0,0.07333333333333333
300.9,311.9,1480,40.9,28,6338.896216903246,11.0,False,False,True,0,0.0
302.5,311.9,1265,59.8,119,7921.735315536903,9.399999999999977,False,True,False,0,0.12666666666666668
301.2,310.7,1517,39.4,107,6259.07881955104,9.5,False,True,False,0,0.0
303.6,311.9,1617,36.0,95,6095.946385025634,8.299999999999955,False,False,True,0,0.006666666666666667
300.7,311.0,1413,52.0,91,7694.388727172121,10.300000000000011,False,True,False,0,0.0
298.8,309.6,1523,41.9,165,6682.555037279433,10.800000000000011,False,True,False,0,0.0
301.7,311.1,1455,39.8,118,6064.2162992243775,9.400000000000034,False,True,False,0,0.0033333333333333335
302.6,312.3,1566,36.6,46,6002.075596536372,9.699999999999989,False,False,True,0,0.0
298.7,308.4,1373,46.9,60,6743.292495248836,9.699999999999989,False,True,False,0,0.0
298.7,309.8,1181,65.9,203,8150.11862947737,11.100000000000023,False,True,False,1,0.7533333333333333
296.6,307.5,1557,35.1,60,5723.00792111799,10.899999999999977,False,True,False,0,0.0
297.9,308.6,1757,27.5,118,5059.796767994161,10.700000000000045,False,True,False,0,0.0
302.5,312.0,1447,45.7,210,6924.897494577351,9.5,False,False,True,0,0.1
297.0,307.7,1502,39.4,126,6197.189444275322,10.699999999999989,False,True,False,0,0.0
297.7,308.7,1829,24.9,17,4769.157559635058,11.0,False,True,False,0,0.0
302.5,311.2,1545,40.1,165,6487.860068560961,8.699999999999989,False,True,False,0,0.0
301.7,310.1,1644,34.6,5,5956.710998618535,8.400000000000034,False,False,True,0,0.0
302.0,309.9,1735,27.2,192,4941.934683606984,7.899999999999977,True,False,False,0,0.0
298.1,308.6,1425,41.9,11,6252.554778807085,10.5,False,False,True,0,0.0
298.6,309.7,1356,54.0,6,7667.999348881966,11.099999999999966,False,True,False,0,0.0
298.6,309.4,1774,27.5,154,5108.753253512602,10.799999999999955,False,False,True,0,0.0
299.0,310.3,1540,38.1,182,6144.3269118909175,11.300000000000011,False,False,True,0,0.0
297.9,307.3,1663,28.7,7,4998.074944326634,9.400000000000034,True,False,False,0,0.013333333333333334
301.0,312.2,1540,34.1,113,5499.253220353813,11.199999999999989,False,True,False,0,0.0
301.6,311.1,1325,49.2,104,6826.680836250622,9.5,False,True,False,0,0.013333333333333334
300.3,311.5,1663,33.6,38,5851.404812870206,11.199999999999989,False,True,False,0,0.0
302.6,311.0,1660,38.0,99,6605.722152948138,8.399999999999977,False,True,False,0,0.0
297.8,308.8,1621,36.1,68,6128.001102067763,11.0,False,True,False,0,0.0
300.1,310.5,1627,29.2,95,4975.068014126844,10.399999999999977,False,True,False,0,0.0
300.5,309.6,1760,30.6,213,5639.787131724397,9.100000000000023,False,True,False,0,0.05
298.7,310.2,1363,45.5,28,6494.3526933783805,11.5,False,True,False,0,0.0
302.3,311.5,1530,37.8,57,6056.362317590403,9.199999999999989,False,True,False,0,0.0
300.5,311.9,1323,57.9,155,8021.711265749642,11.399999999999977,False,False,True,0,0.0033333333333333335
298.3,309.3,1376,57.0,198,8213.379833545156,11.0,False,False,True,0,0.02
301.5,310.4,1270,54.2,26,7208.279623906661,8.899999999999977,False,True,False,0,0.01
303.6,312.4,1363,53.1,7,7579.123692711913,8.799999999999955,False,True,False,0,0.03333333333333333
300.8,311.2,1592,32.9,82,5484.885669951395,10.399999999999977,False,False,True,0,0.0
300.3,311.8,1746,26.3,187,4808.710211143753,11.5,False,True,False,0,0.0
298.6,309.4,1362,45.3,56,6461.06228322584,10.799999999999955,True,False,False,0,0.0033333333333333335
301.0,310.9,1570,34.0,192,5589.940528287439,9.899999999999977,False,True,False,0,0.0
298.6,310.0,1541,36.9,12,5954.668963393701,11.399999999999977,False,False,True,0,0.0
299.1,310.1,1421,41.2,149,6130.839007431506,11.0,True,False,False,0,0.0
301.1,310.6,1410,43.9,73,6482.048122151819,9.5,False,False,True,0,0.0
299.1,308.5,1647,35.0,74,6036.5702838727875,9.399999999999977,False,True,False,0,0.0
300.4,311.8,1707,30.0,165,5362.698659677777,11.400000000000034,False,False,True,0,0.0
302.3,310.9,1587,36.6,20,6082.563200321342,8.599999999999966,False,True,False,0,0.0
301.6,310.5,1414,49.3,106,7300.035073342506,8.899999999999977,False,False,True,0,0.0033333333333333335
295.8,306.4,1356,48.0,99,6815.9994212284155,10.599999999999966,False,True,False,0,0.0
299.8,309.4,1555,34.8,122,5666.804828545268,9.599999999999966,False,True,False,0,0.0
300.7,310.6,2006,19.1,102,4012.2955295077168,9.900000000000034,False,False,True,0,0.0
300.4,311.5,1596,32.5,154,5431.813698056752,11.100000000000023,False,True,False,0,0.0
300.5,311.6,1476,41.7,97,6445.417151810963,11.100000000000023,True,False,False,0,0.0
300.0,311.3,1407,47.3,208,6969.214894943988,11.300000000000011,False,True,False,0,0.17666666666666667
302.3,310.2,1443,54.6,120,8250.63912241673,7.899999999999977,True,False,False,0,0.02666666666666667
302.1,311.5,1341,50.8,99,7133.802934065559,9.399999999999977,False,False,True,0,0.0
301.9,311.1,1417,52.5,171,7790.36438273929,9.200000000000045,False,False,True,0,0.0033333333333333335
300.8,310.8,1460,53.8,41,8225.527325139035,10.0,False,True,False,0,0.0033333333333333335
299.9,309.2,1539,43.2,132,6962.271975179556,9.300000000000011,False,False,True,0,0.0
301.6,310.4,1369,45.4,156,6508.605052050165,8.799999999999955,True,False,False,0,0.04666666666666667
297.7,308.1,1734,30.7,177,5574.630500088943,10.400000000000034,False,True,False,0,0.0
302.5,311.9,1347,54.3,125,7659.422800937666,9.399999999999977,False,False,True,0,0.11
298.8,310.5,1678,32.8,4,5763.607770177882,11.699999999999989,False,False,True,0,0.0
298.0,308.5,1682,33.0,58,5812.574727671835,10.5,False,False,True,0,0.0
298.5,309.4,1417,41.2,155,6113.581191787785,10.899999999999977,True,False,False,0,0.0
304.2,313.5,1557,37.3,164,6081.714970304873,9.300000000000011,False,False,True,0,0.0
302.2,311.1,1351,48.6,110,6875.752513499694,8.900000000000034,False,True,False,0,0.023333333333333334
299.1,308.2,1435,45.2,45,6792.332756571373,9.099999999999966,False,False,True,0,0.01
299.8,309.1,1485,39.9,207,6204.8025704725205,9.300000000000011,False,True,False,0,0.05
298.8,309.1,1368,49.1,117,7033.900287681404,10.300000000000011,False,False,True,0,0.0
298.9,308.9,1450,47.5,9,7212.573133866566,10.0,False,True,False,0,0.0
300.7,310.6,1616,29.6,47,5009.1228784917585,9.900000000000034,False,True,False,0,0.0
300.6,309.4,1452,39.4,78,5990.891526689592,8.799999999999955,False,False,True,0,0.0
298.6,310.1,1439,49.9,17,7519.5172080978,11.5,False,True,False,0,0.043333333333333335
295.8,306.6,1480,43.2,92,6695.362263330568,10.800000000000011,False,False,True,0,0.0
298.7,308.5,1467,40.7,106,6252.491946954015,9.800000000000011,False,True,False,0,0.0
297.3,308.5,1524,49.3,176,7867.930305356421,11.199999999999989,False,False,True,0,0.0
300.1,309.4,1568,39.7,42,6518.762868296773,9.299999999999955,False,True,False,0,0.0
297.5,308.4,1384,56.0,73,8116.19990079411,10.899999999999977,False,True,False,0,0.0033333333333333335
298.4,308.2,1604,34.9,11,5862.170003696506,9.800000000000011,False,True,False,0,0.0
298.8,308.2,1443,53.4,21,8069.306394451527,9.399999999999977,False,True,False,0,0.01
297.5,308.0,2033,16.7,128,3555.3508780430807,10.5,False,False,True,0,0.006666666666666667
301.0,311.5,1559,31.8,195,5191.607523763277,10.5,False,True,False,0,0.0
300.2,310.4,1530,35.7,80,5719.897744390937,10.199999999999989,False,False,True,0,0.0
299.7,309.5,1375,46.8,86,6738.7162419501055,9.800000000000011,True,False,False,0,0.0033333333333333335
302.4,311.8,1255,59.0,138,7753.974267835208,9.400000000000034,False,True,False,0,0.06666666666666667
301.8,310.0,2032,19.0,203,4043.0203056598243,8.199999999999989,False,True,False,0,0.02666666666666667
298.0,308.3,1544,34.7,213,5610.5493760949885,10.300000000000011,False,True,False,0,0.24666666666666667
299.3,308.9,1429,43.0,96,6434.714792837734,9.599999999999966,True,False,False,0,0.0
299.6,311.0,1554,36.3,62,5907.262330251031,11.399999999999977,False,True,False,0,0.0
296.7,307.9,1420,50.1,138,7449.972818722835,11.199999999999989,False,True,False,0,0.0
304.0,313.3,1519,36.7,117,5837.84360458221,9.300000000000011,False,True,False,0,0.0033333333333333335
298.8,309.9,1441,41.6,62,6277.488552501077,11.099999999999966,False,True,False,0,0.01
297.5,308.5,1699,30.1,40,5355.357804843889,11.0,False,False,True,0,0.0
300.5,311.6,1528,42.4,163,6784.499718888421,11.100000000000023,False,True,False,0,0.0
300.2,309.8,1557,33.8,19,5511.044664780286,9.600000000000023,False,True,False,0,0.0
297.4,308.7,1429,57.4,96,8589.596025788043,11.300000000000011,False,True,False,0,0.006666666666666667
297.1,307.9,1420,39.8,192,5918.341680342691,10.799999999999955,True,False,False,0,0.0
300.3,309.6,1524,38.4,54,6128.367621210681,9.300000000000011,False,False,True,0,0.0
301.1,310.9,1552,37.9,126,6159.699771942483,9.799999999999955,False,False,True,0,0.0
299.1,308.9,1445,43.4,197,6567.290002819223,9.799999999999955,False,True,False,0,0.0
297.3,308.3,1657,31.1,8,5396.491724654891,11.0,False,False,True,0,0.0
297.9,307.8,1635,34.0,142,5821.371187101887,9.900000000000034,True,False,False,0,0.0033333333333333335
297.6,308.7,1455,48.2,145,7344.101146296859,11.099999999999966,False,True,False,0,0.0
302.4,311.3,1312,61.5,85,8449.627601095108,8.900000000000034,False,False,True,0,0.06
301.8,310.0,1642,32.6,201,5605.564715751292,8.199999999999989,False,True,False,0,0.0
300.6,311.7,1497,43.6,198,6834.974640856099,11.099999999999966,False,True,False,0,0.0
298.9,309.0,1601,32.3,202,5415.299392674381,10.100000000000023,False,True,False,0,0.0
301.0,310.6,1698,27.3,14,4854.326136473876,9.600000000000023,False,False,True,0,0.0033333333333333335
299.2,308.4,1396,48.7,13,7119.393495761093,9.199999999999989,False,False,True,0,0.0
301.5,310.7,1423,44.0,222,6556.713307552138,9.199999999999989,False,True,False,0,0.05
297.0,307.7,1261,51.1,130,6747.8373326210285,10.699999999999989,False,False,True,0,0.0033333333333333335
300.7,311.3,1487,39.8,50,6197.587379344776,10.600000000000023,False,False,True,0,0.0
300.1,309.5,1450,40.1,100,6088.930161432617,9.399999999999977,False,True,False,0,0.0
297.5,308.1,1334,72.0,151,10058.123039733082,10.600000000000023,False,False,True,1,0.92
304.3,313.4,1624,32.1,53,5459.0827222899115,9.099999999999966,False,False,True,0,0.0
298.9,308.7,1729,26.6,73,4816.208145610321,9.800000000000011,False,True,False,0,0.0
296.6,307.5,1566,35.0,201,5739.689778108553,10.899999999999977,False,False,True,0,0.006666666666666667
300.9,311.9,1310,56.1,35,7695.959523498916,11.0,False,False,True,0,0.013333333333333334
300.1,309.2,1427,37.6,73,5618.759404896369,9.099999999999966,False,True,False,0,0.0033333333333333335
296.7,307.4,1661,34.2,109,5948.731353278417,10.699999999999989,True,False,False,0,0.0
303.8,312.9,1815,27.8,66,5283.844684072673,9.099999999999966,False,False,True,0,0.0
300.0,310.5,1412,52.4,142,7748.089017597483,10.5,False,True,False,0,0.0033333333333333335
300.4,309.8,1513,32.9,117,5212.708554419888,9.400000000000034,False,True,False,0,0.0033333333333333335
296.4,307.5,1403,52.8,94,7757.471907656203,11.100000000000023,True,False,False,0,0.0
301.1,312.2,1397,54.9,81,8031.513034828842,11.099999999999966,False,True,False,0,0.0033333333333333335
297.3,308.4,1434,44.8,21,6727.532172103326,11.099999999999966,False,False,True,0,0.006666666666666667
301.8,311.3,1471,44.2,148,6808.689982321063,9.5,False,True,False,0,0.0
298.3,308.4,1486,44.2,196,6878.119179965396,10.099999999999966,False,False,True,0,0.0
303.0,311.2,1511,45.7,184,7231.18183435133,8.199999999999989,False,True,False,0,0.006666666666666667
299.3,308.9,1858,24.7,101,4805.861833804497,9.599999999999966,False,False,True,0,0.0
300.0,309.0,1368,45.8,81,6561.15342516921,9.0,False,False,True,0,0.0
301.0,311.6,1440,43.3,131,6529.486171221025,10.600000000000023,False,True,False,0,0.0
301.0,309.7,1491,42.9,165,6698.2839444984065,8.699999999999989,False,True,False,0,0.0
297.7,308.7,1688,27.2,125,4808.060948662011,11.0,False,True,False,0,0.0
301.5,311.1,1507,38.6,149,6091.569099261633,9.600000000000023,False,False,True,0,0.0
298.9,310.2,1771,26.8,216,4970.292793293388,11.300000000000011,True,False,False,0,0.006666666666666667
300.1,310.4,1556,38.1,92,6208.164074611863,10.299999999999955,False,False,True,0,0.0
302.4,311.9,1313,55.7,102,7658.585042896711,9.5,False,False,True,0,0.13
299.7,309.2,1326,64.8,71,8998.024014705741,9.5,False,True,False,0,0.32
298.9,308.5,1559,34.3,126,5599.75276934215,9.600000000000023,False,True,False,0,0.0
298.6,309.6,1635,29.7,9,5085.138948733119,11.0,False,False,True,0,0.0
297.4,308.5,1501,44.9,20,7057.577424313958,11.100000000000023,False,True,False,0,0.0
296.1,306.9,1541,32.6,33,5260.7644500443,10.799999999999955,True,False,False,0,0.0
303.9,312.6,1426,53.4,172,7974.241800753899,8.700000000000045,False,True,False,0,0.006666666666666667
296.3,307.3,1567,31.4,5,5152.609886956715,11.0,False,True,False,0,0.0
300.6,310.9,1702,30.3,91,5400.460603373926,10.299999999999955,False,False,True,0,0.0
298.2,307.8,1355,59.4,115,8428.578930316056,9.600000000000023,False,True,False,0,0.016666666666666666
300.7,311.5,1441,40.6,33,6126.587385373647,10.800000000000011,False,False,True,0,0.0033333333333333335
302.3,310.9,1581,36.1,109,5976.7857756749745,8.599999999999966,False,False,True,0,0.0
299.9,310.3,1268,53.3,146,7077.421817909134,10.400000000000034,False,True,False,0,0.0
300.9,311.0,1499,38.0,111,5965.04669112606,10.100000000000023,False,True,False,0,0.0
299.8,309.6,1434,48.0,82,7208.070184396422,9.800000000000011,False,False,True,0,0.0
297.7,308.2,1334,53.0,156,7403.896126470185,10.5,False,True,False,0,0.0033333333333333335
303.3,311.4,1651,30.6,50,5290.504860498284,8.099999999999966,True,False,False,0,0.0
297.5,308.4,1433,50.0,218,7503.170454323623,10.899999999999977,False,True,False,0,0.18666666666666668
299.2,308.6,1267,68.2,76,9048.77120803673,9.400000000000034,False,True,False,1,0.9566666666666667
300.0,311.2,1629,31.7,62,5407.654850550646,11.199999999999989,False,True,False,0,0.0
297.9,307.8,1286,59.5,55,8012.841502491006,9.900000000000034,False,True,False,0,0.0
301.9,310.4,1884,23.4,163,4616.6332363032725,8.5,False,True,False,0,0.0
302.0,310.7,1657,31.9,37,5535.3082320415115,8.699999999999989,False,True,False,0,0.0
298.4,308.1,1598,32.7,94,5472.088915875775,9.700000000000045,False,True,False,0,0.0
303.4,311.6,1497,42.8,58,6709.562262124792,8.200000000000045,False,True,False,0,0.006666666666666667
303.9,313.1,1586,31.9,108,5298.128458670994,9.200000000000045,False,True,False,0,0.0
303.9,313.1,1310,62.9,130,8628.803102104845,9.200000000000045,False,True,False,0,0.11666666666666667
295.3,305.8,1589,36.2,184,6023.668810042045,10.5,False,False,True,0,0.0
299.2,308.4,1381,42.5,54,6146.264227360632,9.199999999999989,False,False,True,0,0.0
299.4,310.7,1426,45.7,213,6824.397945589012,11.300000000000011,False,True,False,0,0.14333333333333334
298.5,309.7,1613,36.7,0,6199.105815794012,11.199999999999989,False,True,False,0,0.0
299.7,309.4,1399,39.9,91,5845.46720275492,9.699999999999989,False,True,False,0,0.0
301.7,309.9,1457,39.2,192,5981.005981806296,8.199999999999989,False,False,True,0,0.0
300.4,310.4,1486,46.3,48,7204.907647791808,10.0,False,True,False,0,0.0
297.4,308.2,1424,53.9,120,8037.618196552317,10.800000000000011,False,False,True,0,0.01
298.9,308.7,1356,50.7,185,7199.399388672513,9.800000000000011,False,True,False,0,0.0033333333333333335
297.2,308.8,1485,47.9,143,7448.873261294079,11.600000000000023,False,False,True,0,0.0
298.2,308.3,1639,33.3,191,5715.468098749375,10.100000000000023,False,False,True,0,0.0
298.6,309.5,1426,45.4,38,6779.598834348822,10.899999999999977,False,False,True,0,0.0
302.6,310.3,1479,40.4,105,6257.1729200078635,7.699999999999989,False,True,False,0,0.0
300.9,311.0,1853,23.6,122,4579.478667186818,10.100000000000023,True,False,False,0,0.0
300.4,309.3,1766,28.2,207,5215.1694686652,8.900000000000034,False,True,False,0,0.006666666666666667
296.3,307.3,1398,52.7,31,7715.186070538886,11.0,False,True,False,0,0.0
297.4,309.1,1478,49.8,150,7707.834743729485,11.700000000000045,False,True,False,0,0.0
299.3,308.8,1550,45.8,170,7434.055415944647,9.5,False,True,False,0,0.0
300.3,311.6,1374,47.4,197,6820.146323531154,11.300000000000011,False,True,False,0,0.006666666666666667
301.3,310.4,1459,44.7,92,6829.539685565387,9.099999999999966,False,True,False,0,0.0
300.5,311.4,1312,51.4,60,7061.965182053473,10.899999999999977,False,False,True,0,0.0
302.3,311.1,1543,37.5,73,6059.346830611313,8.800000000000011,True,False,False,0,0.0
299.2,309.1,1410,47.1,9,6954.543657251725,9.900000000000034,True,False,False,0,0.0
301.9,311.1,1448,46.3,14,7020.663710634278,9.200000000000045,False,True,False,0,0.006666666666666667
299.8,311.2,1745,26.3,150,4805.956081584106,11.399999999999977,False,False,True,0,0.0
298.0,308.5,1461,48.0,68,7343.786987031501,10.5,False,True,False,0,0.0
297.5,309.2,1715,28.0,30,5028.642640846063,11.699999999999989,False,True,False,0,0.0
302.9,312.3,1530,34.9,185,5591.720764124473,9.400000000000034,False,True,False,0,0.0
299.0,308.7,1583,32.5,25,5387.569601518696,9.699999999999989,False,True,False,0,0.0
298.3,309.2,1383,52.1,26,7545.508651318501,10.899999999999977,False,True,False,0,0.0
299.9,311.3,1703,28.4,134,5064.791900313368,11.400000000000034,False,False,True,0,0.0
300.9,310.7,1403,40.6,207,5965.0257471750365,9.800000000000011,True,False,False,0,0.06333333333333334
299.2,308.4,1393,48.4,35,7060.331553873605,9.199999999999989,False,True,False,0,0.0
303.3,311.4,1658,30.5,7,5295.5732966460755,8.099999999999966,False,True,False,0,0.0
298.6,309.9,1615,28.8,199,4870.725250125615,11.299999999999955,False,True,False,0,0.006666666666666667
302.9,312.5,1924,24.0,17,4835.53941240541,9.600000000000023,False,False,True,0,0.0
302.2,311.5,1481,40.4,93,6265.634276221532,9.300000000000011,False,True,False,0,0.0
297.4,308.9,1645,30.8,196,5305.731112892682,11.5,True,False,False,0,0.0
300.2,309.8,1466,45.7,41,7015.825657947749,9.600000000000023,False,False,True,0,0.0
298.8,309.6,1613,27.7,143,4678.889130721911,10.800000000000011,False,True,False,0,0.0
298.8,308.6,1511,36.1,157,5712.158954487593,9.800000000000011,False,True,False,0,0.0
298.2,308.9,1414,44.3,68,6559.666404646512,10.699999999999989,False,False,True,0,0.0
299.1,310.4,1405,53.6,86,7886.2353185513375,11.299999999999955,True,False,False,0,0.0
301.0,310.8,1527,45.3,8,7243.790092867736,9.800000000000011,False,True,False,0,0.0
302.2,311.6,1592,37.7,79,6285.112150673788,9.400000000000034,False,False,True,0,0.0
298.0,307.6,1301,58.5,155,7970.063482524625,9.600000000000023,False,False,True,0,0.0
300.4,309.9,1376,43.5,74,6268.1056624423545,9.5,False,True,False,0,0.0
301.3,310.8,1434,39.5,18,5931.6410892428885,9.5,True,False,False,0,0.0033333333333333335
295.5,306.0,1621,29.5,176,5007.64632994457,10.5,False,True,False,0,0.0
301.5,310.9,1469,44.7,164,6876.349416103875,9.399999999999977,False,True,False,0,0.0
297.3,308.0,1384,49.1,206,7116.168127303408,10.699999999999989,True,False,False,0,0.09333333333333334
300.8,312.0,1422,50.7,219,7549.8126332539205,11.199999999999989,False,False,True,0,0.11
302.1,311.3,1477,43.6,196,6743.659014391755,9.199999999999989,False,True,False,0,0.0
298.6,309.7,1429,45.8,113,6853.719477022516,11.099999999999966,False,True,False,0,0.0
303.7,312.5,1433,53.6,185,8043.3987270349235,8.800000000000011,False,True,False,0,0.043333333333333335
297.0,308.1,1537,39.0,103,6277.216281137766,11.100000000000023,False,True,False,0,0.0
300.3,311.7,1374,47.9,222,6892.088795298359,11.399999999999977,False,False,True,1,0.07666666666666666
297.2,307.9,1456,44.9,85,6845.991159094686,10.699999999999989,False,False,True,0,0.0
301.4,310.3,1611,41.5,11,7001.196308157534,8.900000000000034,True,False,False,0,0.0033333333333333335
297.6,308.3,1467,36.7,68,5637.996423911851,10.699999999999989,False,False,True,0,0.0
298.7,308.5,1668,35.2,77,6148.473814193656,9.800000000000011,False,True,False,0,0.0
303.7,312.4,1546,33.7,149,5455.920185685299,8.699999999999989,False,False,True,0,0.0
301.0,311.2,1511,42.9,26,6788.133494391074,10.199999999999989,False,True,False,0,0.0
302.4,310.2,1642,28.3,88,4866.180412753422,7.800000000000011,False,True,False,0,0.0
302.3,310.9,1360,44.0,67,6266.430146360441,8.599999999999966,False,False,True,1,0.43
301.4,310.7,1428,53.7,176,8030.287813693943,9.300000000000011,False,True,False,0,0.013333333333333334
301.0,312.2,1629,32.6,69,5561.184483531581,11.199999999999989,False,False,True,0,0.0
302.6,312.1,1499,35.0,215,5494.12195235295,9.5,False,True,False,0,0.16666666666666666
304.3,313.3,1540,39.0,14,6289.468492486765,9.0,False,False,True,0,0.0
300.2,309.7,1421,44.6,17,6636.782032316629,9.5,False,True,False,0,0.0
300.4,310.6,1545,35.6,16,5759.795971091527,10.200000000000045,False,False,True,0,0.0
301.5,310.8,1385,47.5,30,6889.250889934617,9.300000000000011,False,False,True,0,0.006666666666666667
303.1,311.3,1336,52.6,172,7359.0341833769235,8.199999999999989,False,True,False,1,0.9233333333333333
297.3,309.0,1548,37.4,171,6062.771166603726,11.699999999999989,False,True,False,0,0.0
298.4,309.1,1467,39.6,78,6083.50567811742,10.700000000000045,False,False,True,0,0.0
302.0,311.4,1587,35.9,30,5966.230024358912,9.399999999999977,False,False,True,0,0.0
295.6,306.2,1632,32.2,76,5503.065019440169,10.599999999999966,True,False,False,0,0.0
302.3,310.7,1544,39.7,141,6418.985885618761,8.399999999999977,False,False,True,0,0.0
298.7,310.1,1435,45.6,37,6852.441896010057,11.400000000000034,True,False,False,0,0.07666666666666666
297.7,307.3,1249,62.8,47,8213.924376271776,9.600000000000023,True,False,False,0,0.013333333333333334
298.6,308.4,1397,46.4,36,6788.018302660441,9.799999999999955,False,True,False,0,0.0
299.5,309.2,1816,23.0,15,4373.934731837949,9.699999999999989,False,True,False,0,0.0
297.4,308.4,1478,46.2,95,7150.641870688801,11.0,False,False,True,0,0.0
301.8,310.9,1346,44.6,142,6286.494451441367,9.099999999999966,False,False,True,0,0.006666666666666667
299.7,310.6,1572,38.0,139,6255.539291827996,10.900000000000034,False,False,True,0,0.0
301.6,310.6,1222,70.0,62,8957.727852935697,9.0,False,True,False,0,0.38333333333333336
296.2,307.1,1444,46.7,194,7061.755742543233,10.900000000000034,False,True,False,0,0.0
299.4,309.2,1433,42.1,22,6317.66952254049,9.800000000000011,False,True,False,0,0.0
299.1,308.2,1493,34.9,119,5456.496144338455,9.099999999999966,False,True,False,0,0.006666666666666667
301.7,310.1,1487,48.0,36,7474.477241420836,8.400000000000034,False,True,False,0,0.0033333333333333335
297.7,308.7,1474,46.8,188,7223.903811370514,11.0,False,True,False,0,0.0
295.8,306.4,1399,47.6,84,6973.539820830431,10.599999999999966,False,True,False,0,0.0
300.5,311.5,1499,37.6,73,5902.256725956312,11.0,False,True,False,0,0.0
297.3,308.2,1896,24.4,47,4844.587199247748,10.899999999999977,False,True,False,0,0.0
299.5,309.1,1422,45.3,103,6745.690577641075,9.600000000000023,False,False,True,0,0.0
302.8,312.1,1487,36.6,84,5699.288896583387,9.300000000000011,False,True,False,0,0.0
302.2,311.6,1357,44.2,142,6281.028080224121,9.400000000000034,True,False,False,0,0.01
302.0,310.6,1392,50.0,84,7288.49495632832,8.600000000000023,False,True,False,0,0.016666666666666666
302.2,311.4,1372,55.1,9,7916.5202717319435,9.199999999999989,False,False,True,0,0.02666666666666667
300.2,310.2,1415,49.6,21,7349.651293318201,10.0,False,True,False,0,0.01
300.0,309.9,1507,41.4,74,6533.444577964548,9.899999999999977,False,True,False,0,0.0
297.4,308.4,1394,50.1,213,7313.564865703967,11.0,False,True,False,0,0.22666666666666666
302.5,311.9,1532,38.8,96,6224.709795920769,9.399999999999977,False,False,True,0,0.0
298.8,308.6,1486,41.1,13,6395.717156031173,9.800000000000011,False,False,True,0,0.0
299.9,309.6,1280,59.3,163,7948.648292602655,9.700000000000045,False,True,False,0,0.006666666666666667
296.7,307.9,1690,29.6,119,5238.501030105861,11.199999999999989,False,True,False,0,0.0
302.4,311.0,1475,47.9,79,7398.712498591762,8.600000000000023,False,True,False,0,0.0
302.5,311.0,1563,35.6,190,5826.900390172204,8.5,False,False,True,0,0.0
299.7,310.9,1685,32.1,88,5664.134474789718,11.199999999999989,False,False,True,0,0.0
300.3,311.6,1617,32.5,115,5503.28493092592,11.300000000000011,False,False,True,0,0.0
301.6,310.9,1510,40.9,152,6467.387356435068,9.299999999999955,False,False,True,0,0.0
297.3,308.7,1492,43.6,189,6812.145734240012,11.399999999999977,False,True,False,0,0.0
301.6,310.6,1924,23.6,181,4754.9470888653195,9.0,False,False,True,0,0.0033333333333333335
298.7,308.4,1694,28.7,195,5091.244110456594,9.699999999999989,False,True,False,0,0.0033333333333333335
302.5,312.0,1574,33.8,63,5571.216636072043,9.5,False,True,False,0,0.0
300.4,309.6,1356,45.9,64,6517.799446549672,9.200000000000045,False,True,False,0,0.0
300.6,310.4,2514,13.4,215,3527.7572225690506,9.799999999999955,False,True,False,0,0.2833333333333333
297.9,307.6,1968,20.4,171,4204.204952740004,9.700000000000045,False,True,False,0,0.0
298.5,308.1,1662,28.6,48,4977.665064053813,9.600000000000023,False,True,False,0,0.0
301.9,311.0,1353,43.8,130,6205.839296048205,9.100000000000023,False,True,False,0,0.016666666666666666
301.9,310.8,1557,35.3,65,5755.617652862252,8.900000000000034,False,False,True,0,0.0
301.6,309.9,1440,43.4,100,6544.565815958257,8.299999999999955,False,True,False,0,0.0
301.1,310.6,1417,47.6,10,7063.263707016956,9.5,False,True,False,0,0.0
297.4,308.8,1467,39.0,128,5991.3313496610945,11.400000000000034,False,True,False,0,0.0
298.9,310.3,1496,36.3,161,5686.785357822099,11.400000000000034,False,True,False,0,0.0
297.4,308.7,1323,51.1,130,7079.610460791136,11.300000000000011,True,False,False,0,0.0
302.3,311.5,1395,54.2,198,7917.755964842355,9.199999999999989,False,True,False,0,0.2733333333333333
300.6,310.0,1425,49.5,174,7386.669726753001,9.399999999999977,False,True,False,0,0.01
302.6,311.0,1329,48.6,111,6763.786151325753,8.399999999999977,False,False,True,1,0.91
300.1,309.3,1469,43.9,20,6753.282759887251,9.199999999999989,False,False,True,0,0.01
300.9,311.0,2003,20.2,138,4237.024123994506,10.100000000000023,False,True,False,0,0.0
303.4,312.7,1534,35.5,98,5702.723704551312,9.300000000000011,False,True,False,0,0.0
297.2,307.9,1541,35.7,169,5761.021192226427,10.699999999999989,False,False,True,0,0.0
300.8,309.4,1489,38.4,109,5987.6242703298585,8.599999999999966,False,True,False,0,0.0
302.2,310.1,1368,51.6,12,7392.04185019064,7.900000000000034,False,False,True,1,0.8866666666666667
302.4,310.9,1435,42.3,83,6356.541495640907,8.5,False,False,True,0,0.006666666666666667
300.7,312.4,1371,61.7,102,8858.317389400605,11.699999999999989,False,False,True,0,0.03
301.5,310.7,1394,46.7,130,6817.235114338827,9.199999999999989,True,False,False,0,0.02666666666666667
301.8,311.0,1529,41.6,12,6660.846632043128,9.199999999999989,False,True,False,0,0.0
303.4,312.2,1554,36.8,85,5988.629579979007,8.800000000000011,True,False,False,0,0.0
300.8,311.2,1434,39.1,82,5871.573837706252,10.399999999999977,False,False,True,0,0.0
300.8,310.1,1686,26.9,128,4749.396941843977,9.300000000000011,False,False,True,0,0.0
297.2,308.5,1584,40.0,4,6635.043684381643,11.300000000000011,False,False,True,0,0.0
299.1,310.5,1496,35.2,60,5514.458528797188,11.399999999999977,False,True,False,0,0.0
296.6,307.6,1498,41.1,80,6447.364939256189,11.0,False,True,False,0,0.0
298.0,307.4,1463,46.5,182,7124.032580912894,9.399999999999977,False,False,True,0,0.0
298.6,309.4,1464,36.9,179,5657.128723172212,10.799999999999955,False,False,True,0,0.013333333333333334
299.0,310.3,1582,33.3,177,5516.699531556748,11.300000000000011,False,False,True,0,0.0
298.8,309.7,1609,40.4,169,6807.161073896316,10.899999999999977,False,True,False,0,0.0
303.9,312.7,1339,62.3,156,8735.690556155481,8.800000000000011,False,True,False,0,0.13666666666666666
297.3,308.6,1511,35.7,120,5648.866334493272,11.300000000000011,False,True,False,0,0.0
302.1,310.6,1326,59.1,88,8206.53116156033,8.5,False,False,True,1,0.6533333333333333
298.0,307.5,1427,45.1,95,6739.522584064528,9.5,False,False,True,0,0.0033333333333333335
299.5,309.3,1333,54.1,147,7551.896556380801,9.800000000000011,False,True,False,0,0.0
302.3,311.7,1640,31.5,199,5409.822549481624,9.399999999999977,False,False,True,0,0.0
302.1,311.0,1574,34.1,215,5620.665304439547,8.899999999999977,False,False,True,0,0.15
302.2,311.4,1430,43.1,29,6454.19266728999,9.199999999999989,False,True,False,0,0.0
298.7,309.6,1452,42.7,180,6492.666705320954,10.900000000000034,False,False,True,0,0.0
299.7,309.6,1321,53.4,166,7387.078133797967,9.900000000000034,False,True,False,0,0.0
301.3,311.0,1542,33.6,80,5425.656176455716,9.699999999999989,False,True,False,0,0.0
302.3,311.0,1384,49.7,192,7203.127411954773,8.699999999999989,False,False,True,0,0.02
300.6,312.2,1308,54.7,52,7492.447151399369,11.599999999999966,False,True,False,0,0.0
297.8,307.8,1543,43.7,8,7061.158839939051,10.0,False,False,True,0,0.0
298.2,308.7,1426,42.6,23,6361.473796107044,10.5,False,False,True,0,0.0
301.5,310.7,1871,21.3,152,4173.323096955218,9.199999999999989,False,False,True,0,0.0033333333333333335
298.7,308.5,1353,47.0,190,6659.233947814284,9.800000000000011,False,True,False,0,0.0
301.5,311.1,1469,49.5,107,7614.74935340362,9.600000000000023,False,True,False,0,0.0
298.9,309.6,1472,46.0,199,7090.7840586624025,10.700000000000045,False,False,True,0,0.0
300.7,310.8,1452,47.9,77,7283.342744376433,10.100000000000023,False,False,True,0,0.02666666666666667
296.4,307.2,1748,25.3,144,4631.1683383138825,10.800000000000011,False,True,False,0,0.0
298.2,308.1,1622,34.9,67,5927.954953862676,9.900000000000034,False,True,False,0,0.0
299.6,310.1,1531,36.8,62,5899.994779245727,10.5,True,False,False,0,0.0
298.2,307.8,1528,31.1,194,4976.366539090329,9.600000000000023,False,True,False,0,0.013333333333333334
299.0,310.4,1524,39.8,120,6351.797690733987,11.399999999999977,False,True,False,0,0.0
300.1,309.4,1569,31.6,124,5192.047346734779,9.299999999999955,False,False,True,0,0.0
303.7,312.7,1989,22.4,166,4665.642081699273,9.0,False,True,False,0,0.0
301.8,310.7,1309,43.3,68,5935.4843042557795,8.899999999999977,False,False,True,0,0.016666666666666666
302.4,311.3,1392,50.5,51,7361.379905891603,8.900000000000034,False,True,False,0,0.0
300.0,309.3,1473,46.0,35,7095.6011673979065,9.300000000000011,False,True,False,0,0.0
299.8,309.0,1614,30.8,100,5205.744690704431,9.199999999999989,False,True,False,0,0.0
302.0,309.9,1407,52.8,154,7779.588719937476,7.899999999999977,False,True,False,0,0.04
298.4,308.0,1540,37.8,7,6095.946385025633,9.600000000000023,False,True,False,0,0.0
297.6,309.0,1354,55.6,46,7883.554492820275,11.399999999999977,True,False,False,0,0.0
299.5,310.8,1754,31.3,114,5749.135500020346,11.300000000000011,False,False,True,0,0.0
298.4,309.3,1496,45.6,129,7143.730366850903,10.900000000000034,False,False,True,0,0.0
298.9,308.3,1855,23.8,33,4623.272468777859,9.400000000000034,False,True,False,0,0.0
301.2,310.9,1798,22.3,59,4198.780469424807,9.699999999999989,True,False,False,0,0.0
301.0,310.7,1497,37.6,116,5894.381800371314,9.699999999999989,False,False,True,0,0.0033333333333333335
297.9,307.7,1618,35.9,92,6082.772639831582,9.800000000000011,True,False,False,0,0.006666666666666667
297.2,308.1,1431,49.7,210,7447.742287938787,10.900000000000034,False,True,False,1,0.11
299.1,308.3,1489,38.1,32,5940.845955717907,9.199999999999989,False,True,False,0,0.0
298.7,309.7,1881,21.7,29,4274.419548547737,11.0,False,True,False,0,0.0
303.7,312.6,1396,44.1,136,6446.925116284687,8.900000000000034,False,True,False,0,0.0
301.0,311.0,1581,37.0,127,6125.791515234738,10.0,False,True,False,0,0.0
297.4,308.6,1461,40.1,126,6135.122045415899,11.200000000000045,True,False,False,0,0.0
303.3,311.4,1958,21.5,0,4408.387531272317,8.099999999999966,False,True,False,0,0.0
297.5,308.5,1671,28.0,158,4899.627902538642,11.0,True,False,False,0,0.0033333333333333335
300.6,310.7,1397,53.7,80,7855.960837346245,10.099999999999966,False,True,False,0,0.04
299.3,309.2,1775,24.2,125,4498.237081164985,9.899999999999977,False,True,False,0,0.0
302.5,312.1,1534,38.6,3,6200.708028047343,9.600000000000023,False,True,False,0,0.0
300.6,310.5,1570,38.3,14,6296.903595100261,9.899999999999977,False,True,False,0,0.0
298.3,307.8,1392,50.4,101,7346.802915978947,9.5,False,False,True,0,0.0
300.9,310.9,1636,35.3,153,6047.649633964447,10.0,False,False,True,0,0.0
302.3,311.5,1448,49.6,28,7521.056588498061,9.199999999999989,False,True,False,0,0.0
300.9,312.0,1500,44.2,188,6942.919764433444,11.100000000000023,False,True,False,0,0.0
303.9,312.7,1789,24.4,163,4571.184862581341,8.800000000000011,False,True,False,0,0.0
298.8,309.8,1490,35.9,171,5601.564421105721,11.0,True,False,False,0,0.0
299.5,309.3,1409,44.7,46,6595.4910328729475,9.800000000000011,False,True,False,0,0.0
295.8,306.4,1325,56.2,65,7797.956564985465,10.599999999999966,False,True,False,0,0.0
297.5,308.8,1502,45.9,150,7219.56841350856,11.300000000000011,False,True,False,0,0.0
300.3,311.8,2141,18.5,204,4147.792420657044,11.5,True,False,False,0,0.06666666666666667
302.9,311.0,1437,49.9,55,7509.0661765368595,8.100000000000023,False,False,True,0,0.006666666666666667
301.1,310.8,1274,55.7,169,7431.102318850273,9.699999999999989,False,True,False,0,0.013333333333333334
300.4,311.4,1445,52.4,105,7929.170418150399,11.0,True,False,False,0,0.0033333333333333335
297.2,308.5,1353,46.5,185,6588.391033475835,11.300000000000011,False,False,True,0,0.0
300.0,311.4,1927,24.6,132,4964.1562156433765,11.399999999999977,False,True,False,0,0.0033333333333333335
302.3,311.9,1374,52.4,154,7539.571041203216,9.599999999999966,True,False,False,0,0.06333333333333334
304.3,313.5,1452,41.5,15,6310.203004000458,9.199999999999989,False,True,False,0,0.0
298.9,309.8,1836,22.8,18,4383.652725113055,10.900000000000034,False,False,True,0,0.0
297.9,309.1,1614,38.1,62,6439.573789475286,11.200000000000045,False,False,True,0,0.0
298.6,309.3,1449,46.5,26,7055.860020329997,10.699999999999989,False,True,False,0,0.0
297.1,308.2,1351,56.6,126,8007.563626832977,11.099999999999966,False,True,False,0,0.0
298.2,309.1,1539,36.5,134,5882.475164214208,10.900000000000034,False,True,False,0,0.0
298.5,309.6,1582,40.3,103,6676.366099751861,11.100000000000023,False,True,False,0,0.0
297.9,309.0,1290,49.8,43,6727.406508397182,11.100000000000023,False,True,False,0,0.0
298.7,309.9,1404,47.1,64,6924.949854454911,11.199999999999989,False,True,False,0,0.01
298.0,307.9,1417,51.0,137,7567.782543232453,9.899999999999977,False,False,True,0,0.0
300.3,309.8,1523,39.2,24,6251.9369322518805,9.5,False,True,False,0,0.0
297.3,308.1,1554,42.4,158,6899.942776932334,10.800000000000011,True,False,False,0,0.0
300.5,312.0,1867,23.0,103,4496.77100459331,11.5,False,False,True,0,0.0
300.7,310.1,1376,50.8,75,7319.994658668314,9.400000000000034,False,True,False,0,0.0033333333333333335
299.3,308.6,1403,50.6,189,7434.243911503862,9.300000000000011,False,True,False,0,0.016666666666666666
300.8,312.4,1465,59.1,91,9066.793477892823,11.599999999999966,False,True,False,1,0.3566666666666667
297.5,308.6,1437,43.3,34,6515.883075030983,11.100000000000023,False,True,False,0,0.0
297.5,308.7,1407,42.5,145,6261.979556767855,11.199999999999989,False,True,False,0,0.0
297.8,309.2,1372,47.3,15,6795.851340343393,11.399999999999977,False,True,False,0,0.0
300.6,309.7,1470,43.8,18,6742.486153134413,9.099999999999966,True,False,False,0,0.0033333333333333335
300.8,311.0,1578,44.4,86,7337.001146899745,10.199999999999989,False,True,False,0,0.0033333333333333335
299.3,309.1,1449,47.9,131,7268.294515565737,9.800000000000011,False,False,True,0,0.0
303.5,312.7,2116,16.7,45,3700.502930614441,9.199999999999989,False,False,True,0,0.013333333333333334
298.7,308.5,1420,45.7,143,6795.683788735202,9.800000000000011,True,False,False,0,0.0
298.7,309.8,1570,42.1,200,6921.661654144152,11.100000000000023,False,False,True,0,0.0033333333333333335
302.0,310.7,2157,17.8,17,4020.673109917289,8.699999999999989,False,False,True,0,0.0
298.1,308.5,1665,29.6,20,5161.008411317312,10.399999999999977,False,True,False,0,0.0
296.3,307.1,1419,48.6,142,7221.830360219145,10.800000000000011,False,True,False,0,0.0
301.5,311.1,2055,16.8,105,3615.344825751134,9.600000000000023,False,True,False,0,0.0
302.7,312.2,1447,47.5,166,7197.650568762015,9.5,False,True,False,0,0.006666666666666667
299.7,309.0,1412,49.2,85,7274.923276064813,9.300000000000011,False,True,False,0,0.0
300.3,309.5,1474,38.7,35,5973.612767094848,9.199999999999989,False,True,False,0,0.0
300.6,309.6,1409,42.4,57,6256.125722456666,9.0,False,True,False,0,0.0
297.5,308.5,1373,39.9,110,5736.8309287937855,11.0,False,True,False,0,0.0
304.1,313.1,1327,54.1,57,7517.904523868959,9.0,False,True,False,0,0.0033333333333333335
302.0,311.0,1980,21.5,20,4457.919975443917,9.0,False,False,True,0,0.02
296.6,307.4,1389,42.7,48,6210.960092073557,10.799999999999955,False,True,False,0,0.0
303.6,313.0,1593,31.6,52,5271.466809017529,9.399999999999977,False,True,False,0,0.0
300.5,311.4,1556,45.3,58,7381.3604351684335,10.899999999999977,False,True,False,0,0.0033333333333333335
298.2,307.9,1544,31.4,192,5076.981279809296,9.699999999999989,False,True,False,0,0.006666666666666667
302.4,310.4,1463,42.2,139,6465.251073430627,8.0,False,False,True,0,0.0033333333333333335
300.9,311.1,1457,37.4,96,5706.367952029476,10.200000000000045,False,True,False,0,0.0
300.4,312.0,1596,30.4,191,5080.8349667977,11.600000000000023,False,False,True,0,0.01
297.4,308.6,1524,43.1,73,6878.454283181781,11.200000000000045,False,True,False,0,0.0
301.3,310.6,1426,40.7,54,6077.746091585838,9.300000000000011,False,True,False,0,0.0
302.2,311.7,1412,44.5,204,6579.961093188702,9.5,False,True,False,0,0.03
302.6,311.9,1453,39.1,84,5949.370143784647,9.299999999999955,False,True,False,0,0.0
298.0,307.9,1479,47.6,76,7372.312648326097,9.899999999999977,False,False,True,0,0.0
297.8,307.8,1662,30.7,48,5343.157953372448,10.0,True,False,False,0,0.0
300.6,309.4,1432,44.2,84,6628.174068445794,8.799999999999955,False,False,True,0,0.0
297.4,308.8,1325,62.4,204,8658.22935329347,11.400000000000034,False,False,True,1,0.37666666666666665
297.5,308.4,1723,27.3,67,4925.797369343044,10.899999999999977,False,True,False,0,0.0
302.5,311.9,1306,59.7,172,8164.810811120657,9.399999999999977,False,True,False,0,0.11
301.8,310.8,1456,46.6,35,7105.193496966868,9.0,False,True,False,0,0.016666666666666666
298.8,308.6,1507,42.3,207,6675.475981833343,9.800000000000011,False,False,True,0,0.013333333333333334
300.7,310.9,1486,38.9,106,6053.367332593981,10.199999999999989,False,False,True,0,0.0
300.7,309.6,1388,51.1,160,7427.437127421085,8.900000000000034,False,False,True,0,0.0
296.9,308.1,1483,44.3,219,6879.763280120776,11.200000000000045,False,False,True,0,0.013333333333333334
302.2,311.0,1476,47.4,161,7326.445395583683,8.800000000000011,False,False,True,0,0.0
297.8,309.7,1547,37.3,25,6042.65450164524,11.899999999999977,False,True,False,0,0.0
303.5,311.6,1465,48.7,60,7471.2832888896855,8.100000000000023,False,True,False,0,0.0
297.9,307.5,1574,35.8,153,5900.874425188732,9.600000000000023,False,True,False,0,0.0
299.9,311.3,1504,40.7,20,6410.18942618871,11.400000000000034,False,True,False,0,0.0
297.5,308.5,1446,41.9,32,6344.697691336874,11.0,False,True,False,0,0.0
302.7,310.5,1563,35.0,8,5728.694203820987,7.800000000000011,False,True,False,0,0.0
295.7,306.2,1458,49.8,151,7603.5338676303045,10.5,True,False,False,0,0.0
298.9,310.1,1442,42.9,153,6478.152547261368,11.200000000000045,False,False,True,0,0.0
303.1,311.3,1657,31.8,217,5517.956168618184,8.199999999999989,False,True,False,0,0.08
298.1,307.4,1608,33.9,193,5708.3995152787975,9.299999999999955,False,True,False,0,0.0033333333333333335
301.7,311.2,1418,38.0,166,5642.719284867748,9.5,False,True,False,0,0.0
303.6,311.8,1627,30.8,104,5247.674480654342,8.199999999999989,False,False,True,0,0.01
298.9,309.8,1390,49.9,21,7263.466934854721,10.900000000000034,False,True,False,0,0.0
301.3,310.7,1761,24.3,174,4481.199177007017,9.399999999999977,False,True,False,0,0.0
300.1,311.4,1418,47.7,73,7083.09762863662,11.299999999999955,False,True,False,0,0.0
303.0,311.1,1372,54.3,117,7801.579868512605,8.100000000000023,False,False,True,1,0.83
297.6,308.5,1475,42.4,24,6549.173485183522,10.899999999999977,False,True,False,0,0.0033333333333333335
296.4,307.5,1596,35.1,75,5866.358793901293,11.100000000000023,True,False,False,0,0.0
302.4,310.2,1578,31.2,139,5155.7305356592815,7.800000000000011,False,True,False,0,0.0
303.0,312.5,1698,30.0,89,5334.424325795469,9.5,True,False,False,0,0.0
301.7,310.1,1500,39.6,56,6220.353454107791,8.400000000000034,False,True,False,0,0.0
297.4,308.9,1809,23.8,131,4508.625280872857,11.5,False,True,False,0,0.0
302.3,311.1,1373,53.0,181,7620.351860302521,8.800000000000011,False,True,False,0,0.06666666666666667
302.2,311.5,1734,25.0,116,4539.601384437251,9.300000000000011,False,False,True,0,0.0
298.5,309.3,1551,34.7,121,5635.985804613553,10.800000000000011,False,False,True,0,0.0
300.8,310.4,1288,64.0,3,8632.258854023794,9.599999999999966,False,False,True,0,0.07333333333333333
299.8,309.6,1374,51.6,137,7424.463086375687,9.800000000000011,False,True,False,0,0.0
302.0,311.0,1632,34.2,18,5844.870300150738,9.0,False,True,False,0,0.0
302.3,310.8,1421,41.4,102,6160.600361836512,8.5,False,True,False,0,0.01
299.9,310.4,1820,26.6,175,5069.692784852969,10.5,False,False,True,0,0.01
298.8,309.7,1505,39.0,131,6146.52602674843,10.899999999999977,False,True,False,0,0.0
298.4,308.0,1416,38.2,198,5664.417218128541,9.600000000000023,False,False,True,1,0.0
295.6,306.2,1329,55.3,135,7696.242266837739,10.599999999999966,True,False,False,0,0.0
296.9,308.1,1435,45.3,62,6807.360041431043,11.200000000000045,False,True,False,0,0.01
302.0,310.9,1352,55.5,59,7857.751545158791,8.899999999999977,False,False,True,0,0.04
299.8,309.5,1545,32.2,18,5209.703097447955,9.699999999999989,False,True,False,0,0.0
300.5,311.9,1432,43.1,16,6463.219510181306,11.399999999999977,False,True,False,0,0.0
300.7,311.0,1378,41.2,93,5945.317489261517,10.300000000000011,False,False,True,0,0.0
297.4,309.4,1539,42.2,134,6801.1082720504,12.0,False,False,True,0,0.0
301.4,310.8,1530,39.9,107,6392.82689078987,9.400000000000034,False,False,True,0,0.0
297.4,309.0,1583,32.0,166,5304.683915341486,11.600000000000023,False,True,False,0,0.0
297.7,309.0,1636,29.7,32,5088.249125460173,11.300000000000011,False,False,True,0,0.0
300.6,311.7,1500,36.7,17,5764.822519337272,11.099999999999966,True,False,False,0,0.0033333333333333335
298.9,310.6,1679,35.8,14,6294.515984683533,11.700000000000045,False,False,True,0,0.0
302.3,311.7,1510,38.7,141,6119.508329927558,9.399999999999977,False,True,False,0,0.0
298.2,309.1,1569,35.2,199,5783.5464115526665,10.900000000000034,False,True,False,0,0.0
298.5,309.5,1480,38.1,160,5904.937551687375,11.0,False,True,False,0,0.0
302.4,312.0,1305,49.1,16,6709.97066916976,9.600000000000023,False,True,False,0,0.006666666666666667
299.7,309.1,1713,33.5,141,6009.395507419235,9.400000000000034,False,True,False,0,0.0
300.6,310.5,1470,37.7,98,5803.464108976425,9.899999999999977,False,True,False,0,0.0
301.6,310.5,1593,34.5,102,5755.240661743822,8.899999999999977,False,True,False,0,0.0
301.6,310.6,1455,43.9,0,6688.921998390708,9.0,False,True,False,0,0.0
301.1,311.2,1910,20.2,41,4040.297592026713,10.099999999999966,False,True,False,0,0.0
298.6,310.1,1458,41.9,61,6397.350784211039,11.5,False,False,True,0,0.0
297.4,308.7,1545,36.9,125,5970.125599249363,11.300000000000011,False,True,False,0,0.0
298.0,308.2,2090,19.0,143,4158.42147580169,10.199999999999989,False,False,True,0,0.0033333333333333335
298.3,309.1,1395,49.8,133,7274.986107917884,10.800000000000011,False,True,False,0,0.0
300.5,311.4,1400,45.1,29,6612.005338255318,10.899999999999977,False,True,False,0,0.0
297.6,309.5,2001,20.5,220,4295.656714886003,11.899999999999977,False,True,False,0,0.07
298.2,309.0,1441,44.2,147,6669.831587032395,10.800000000000011,False,False,True,0,0.0
297.9,309.0,1970,21.6,37,4456.035019851762,11.100000000000023,False,False,True,0,0.0
301.5,309.8,1549,38.5,81,6245.11967619359,8.300000000000011,False,True,False,0,0.0
302.0,311.1,1635,36.0,23,6163.804786343174,9.100000000000023,False,True,False,0,0.0
302.9,311.2,2102,17.8,91,3918.152469655142,8.300000000000011,True,False,False,0,0.0
300.0,309.8,1372,39.6,105,5689.5499593572595,9.800000000000011,False,True,False,0,0.0
300.2,309.8,1506,41.8,161,6592.192360586678,9.600000000000023,False,True,False,0,0.0
298.9,309.9,1449,44.1,112,6691.686599925868,11.0,False,False,True,0,0.0
301.0,311.0,1553,35.8,26,5822.146113289771,10.0,False,True,False,0,0.0
302.6,312.4,1386,45.8,38,6647.484391289859,9.799999999999955,False,True,False,0,0.0
303.3,311.8,1842,24.5,67,4725.897828795126,8.5,False,True,False,0,0.0
300.6,310.4,1494,47.3,118,7400.147159236902,9.799999999999955,False,True,False,0,0.0033333333333333335
299.1,310.3,1449,40.7,40,6175.774254353351,11.199999999999989,False,True,False,0,0.0
303.3,311.3,1350,48.1,32,6799.9772986951075,8.0,False,True,False,1,0.9366666666666666
298.7,310.1,1641,31.1,49,5344.383174507349,11.400000000000034,False,True,False,0,0.0
301.3,311.1,1581,30.9,31,5115.8637248852265,9.800000000000011,False,False,True,0,0.0
299.8,309.4,1436,51.6,158,7759.482526954502,9.599999999999966,False,True,False,0,0.01
301.4,310.5,1536,39.9,201,6417.896800165516,9.100000000000023,True,False,False,0,0.0
295.9,306.6,1678,26.7,53,4691.717300724068,10.700000000000045,False,True,False,0,0.0
300.3,311.5,1552,38.9,23,6322.224831888195,11.199999999999989,False,True,False,0,0.0
299.6,309.2,1651,30.8,92,5325.083323638795,9.599999999999966,False,False,True,0,0.0
297.8,307.8,1310,57.9,70,7942.888706071074,10.0,False,False,True,0,0.0
300.5,309.3,1528,37.0,221,5920.436075445085,8.800000000000011,False,True,False,0,0.043333333333333335
299.7,309.6,1399,51.3,144,7515.600689256326,9.900000000000034,False,True,False,0,0.0
300.4,310.6,1384,48.7,24,7058.195270869165,10.200000000000045,False,True,False,0,0.0033333333333333335
298.0,308.7,1511,45.8,114,7247.004989349911,10.699999999999989,False,True,False,0,0.0
301.0,310.9,1495,37.3,21,5839.5400646151475,9.899999999999977,True,False,False,0,0.0
302.2,311.1,1470,39.6,97,6095.946385025634,8.900000000000034,False,True,False,0,0.0
303.9,312.9,1430,53.5,189,8011.5848654295705,9.0,False,False,True,0,0.023333333333333334
299.9,309.8,1400,48.7,119,7139.792904058403,9.900000000000034,True,False,False,0,0.0
299.7,309.3,1399,41.9,221,6138.473077579728,9.600000000000023,False,False,True,1,0.013333333333333334
298.4,308.7,1523,36.1,126,5757.523552405431,10.300000000000011,False,True,False,0,0.0
295.6,306.3,1509,35.8,60,5657.191555025284,10.699999999999989,True,False,False,0,0.0
298.2,309.0,1601,35.8,43,6002.096540487395,10.800000000000011,False,True,False,0,0.0
299.9,311.4,1337,54.8,32,7672.565130205184,11.5,False,False,True,0,0.0033333333333333335
300.7,311.0,1496,38.3,99,6000.106865140121,10.300000000000011,False,True,False,0,0.0
302.1,310.6,1439,40.0,7,6027.669104687617,8.5,False,True,False,0,0.0
297.7,308.9,1662,28.1,19,4890.642947549375,11.199999999999989,False,True,False,0,0.0
297.7,307.2,1668,32.7,31,5711.792435344675,9.5,False,True,False,0,0.0
300.3,311.4,1386,48.1,119,6981.3100266603105,11.099999999999966,False,False,True,0,0.0
300.7,312.3,1590,36.3,93,6044.110106241403,11.600000000000023,False,True,False,0,0.0
297.6,308.7,1319,50.9,141,7030.58067144411,11.099999999999966,False,True,False,0,0.0
299.1,308.3,1533,42.4,48,6806.700306973788,9.199999999999989,False,True,False,0,0.0
302.8,310.6,1670,29.1,2,5089.065939550105,7.800000000000011,False,True,False,0,0.016666666666666666
301.1,311.3,1630,29.5,51,5035.44942492884,10.199999999999989,False,True,False,0,0.0
301.4,310.7,1368,63.7,92,9125.447012735345,9.300000000000011,False,False,True,1,0.6733333333333333
301.3,311.1,1723,27.6,210,4979.927010764397,9.800000000000011,False,True,False,0,0.02
303.6,312.6,1699,27.9,160,4963.936304157624,9.0,False,True,False,0,0.0
300.7,309.8,1490,38.8,173,6054.05848297777,9.100000000000023,False,False,True,0,0.0033333333333333335
302.5,310.4,1580,35.6,176,5890.276785970623,7.899999999999977,False,False,True,0,0.0
300.3,311.6,1359,54.1,81,7699.195363932115,11.300000000000011,False,False,True,0,0.02
300.8,310.8,1618,32.8,40,5557.519292102391,10.0,True,False,False,0,0.006666666666666667
298.9,309.6,1663,33.7,195,5868.819708146605,10.700000000000045,False,True,False,0,0.0033333333333333335
300.6,312.0,1490,42.2,3,6584.568762413968,11.399999999999977,False,True,False,0,0.0
297.4,308.6,1522,38.0,33,6056.571757100643,11.200000000000045,False,False,True,0,0.0
297.4,309.3,1775,25.8,91,4795.64118570482,11.900000000000034,False,False,True,0,0.0
300.7,311.0,1318,48.2,128,6652.594715339698,10.300000000000011,False,True,False,0,0.0
301.0,310.1,1681,27.4,212,4823.329088958457,9.100000000000023,False,False,True,0,0.023333333333333334
301.6,310.6,1309,65.8,75,9019.742891917558,9.0,False,False,True,1,0.67
303.7,312.4,1474,38.8,139,5989.048458999486,8.699999999999989,False,False,True,0,0.0
300.7,309.6,1439,43.0,61,6479.744287539187,8.900000000000034,False,False,True,0,0.0
299.4,309.3,1377,43.6,28,6287.080882070038,9.900000000000034,False,True,False,0,0.0
297.4,308.8,1640,34.2,142,5873.5216251514785,11.400000000000034,False,True,False,0,0.0
300.6,310.2,1447,45.9,17,6955.203391708978,9.599999999999966,False,True,False,0,0.0033333333333333335
297.1,307.8,1443,43.9,137,6633.75563139367,10.699999999999989,False,False,True,0,0.0
303.0,312.7,1553,35.8,122,5822.146113289771,9.699999999999989,False,False,True,0,0.0
302.0,310.6,1392,60.5,10,8819.078897157267,8.600000000000023,False,False,True,0,0.12666666666666668
299.3,310.7,1440,45.5,146,6861.238355440108,11.399999999999977,False,False,True,0,0.0
301.6,310.2,1411,45.1,54,6663.956808770181,8.599999999999966,False,False,True,0,0.04
297.2,308.5,1425,45.8,109,6834.534817884593,11.300000000000011,False,False,True,0,0.0
300.0,311.3,1520,39.2,43,6239.6218890498085,11.300000000000011,False,True,False,0,0.0
301.1,310.1,1564,36.8,7,6027.166449863042,9.0,False,True,False,0,0.0
297.2,308.3,1656,30.3,124,5254.502208688145,11.100000000000023,False,True,False,0,0.0
299.0,310.6,1787,22.2,192,4154.379293254071,11.600000000000023,False,False,True,0,0.0
298.8,308.6,1524,37.7,170,6016.652586449029,9.800000000000011,True,False,False,0,0.0
300.8,310.6,1402,53.7,93,7884.078091595874,9.800000000000011,False,True,False,0,0.0
297.5,308.6,1842,27.0,133,5208.13230112116,11.100000000000023,False,False,True,0,0.0
302.7,311.1,1297,60.7,125,8244.366409085063,8.400000000000034,False,False,True,1,0.7
303.8,312.8,1443,40.7,145,6150.201690153131,9.0,False,True,False,0,0.0
297.2,308.4,1378,41.9,97,6046.330165049939,11.199999999999989,False,False,True,0,0.0
303.5,312.5,1380,46.1,166,6662.061381202515,9.0,False,True,False,0,0.013333333333333334
304.1,313.3,1415,50.0,184,7408.922674715928,9.199999999999989,False,True,False,0,0.0
298.2,309.3,2056,18.7,144,4026.181369036583,11.100000000000023,False,False,True,0,0.0033333333333333335
299.4,309.2,1552,37.4,37,6078.437241969627,9.800000000000011,False,True,False,0,0.0
302.2,310.9,1465,43.5,140,6673.528194388117,8.699999999999989,False,False,True,0,0.0
298.0,309.1,1574,34.8,40,5736.0455306303875,11.100000000000023,False,False,True,0,0.0033333333333333335
301.4,311.0,1533,45.8,125,7352.520614608479,9.600000000000023,False,True,False,0,0.0
302.6,311.9,1354,48.0,67,6805.946324736928,9.299999999999955,False,True,False,0,0.016666666666666666
299.1,310.0,1437,41.1,192,6184.82204119569,10.899999999999977,False,False,True,0,0.0
299.0,310.1,1487,47.5,123,7396.618103489369,11.100000000000023,False,False,True,0,0.0
302.8,310.6,1470,41.1,205,6326.853445064484,7.800000000000011,False,True,False,0,0.09666666666666666
301.5,310.8,1350,58.5,13,8270.24266057513,9.300000000000011,False,True,False,0,0.02
298.9,308.9,1727,27.1,37,4901.062563183781,10.0,False,False,True,0,0.0
299.5,309.2,1872,22.6,162,4430.39962379847,9.699999999999989,True,False,False,0,0.0
300.6,310.7,1543,39.6,60,6398.670253125547,10.099999999999966,False,True,False,0,0.0033333333333333335
298.3,309.5,1543,49.9,199,8062.970849266787,11.199999999999989,False,False,True,0,0.0
302.4,311.4,1450,44.1,56,6696.304741126644,9.0,False,True,False,0,0.0
301.3,311.5,1648,32.4,0,5591.532268565256,10.199999999999989,False,False,True,0,0.0
301.6,310.6,1562,34.4,162,5626.885657893654,9.0,False,True,False,0,0.0
301.7,309.9,1524,46.6,104,7437.029456990046,8.199999999999989,False,True,False,0,0.006666666666666667
301.3,311.0,1542,35.1,204,5667.8729700474905,9.699999999999989,False,True,False,0,0.016666666666666666
300.4,309.6,1536,34.5,154,5549.30926330101,9.200000000000045,False,True,False,0,0.0
299.1,308.5,1689,32.1,192,5677.580491347082,9.399999999999977,False,True,False,0,0.0
302.6,310.2,1563,39.0,97,6383.402112829101,7.599999999999966,False,False,True,0,0.006666666666666667
302.4,311.9,1422,46.4,194,6909.4932185992475,9.5,False,False,True,0,0.0033333333333333335
300.0,309.4,1308,50.2,32,6876.066672765052,9.399999999999977,False,True,False,0,0.0
298.5,309.4,1517,40.2,45,6386.16671436426,10.899999999999977,False,True,False,0,0.0
299.7,311.1,1618,30.3,125,5133.927882643368,11.400000000000034,False,False,True,0,0.0
303.5,312.9,1530,34.5,110,5527.632273991241,9.399999999999977,False,False,True,0,0.0
299.0,308.6,1429,37.7,126,5641.598783487967,9.600000000000023,False,True,False,0,0.006666666666666667
297.1,308.1,1487,34.6,208,5387.852344857519,11.0,False,True,False,0,0.14
298.1,308.2,1654,32.1,25,5559.927846470145,10.099999999999966,False,True,False,0,0.0
303.7,312.0,1892,22.5,79,4457.919975443917,8.300000000000011,False,True,False,0,0.01
300.3,309.3,1345,53.5,192,7535.3717790229175,9.0,False,True,False,0,0.08
298.7,309.6,1800,24.8,78,4674.689868541612,10.900000000000034,False,False,True,0,0.0
303.1,312.5,1766,26.7,157,4937.7668373532215,9.399999999999977,False,False,True,0,0.0
303.4,311.5,1501,36.2,69,5690.073558132858,8.100000000000023,False,True,False,0,0.006666666666666667
298.8,310.0,1295,52.7,74,7146.75676777386,11.199999999999989,False,False,True,0,0.0
299.4,310.4,1509,40.6,175,6415.697685308003,11.0,False,True,False,0,0.0
303.9,313.0,1480,39.9,176,6183.910979326149,9.100000000000023,False,True,False,0,0.0
297.7,307.2,1372,52.8,33,7586.066612476344,9.5,False,False,True,0,0.0033333333333333335
302.2,311.8,1618,36.0,158,6099.716296209942,9.600000000000023,False,True,False,0,0.0
299.7,309.3,1592,34.2,8,5701.613675147044,9.600000000000023,False,True,False,0,0.0
299.8,310.5,1375,53.9,110,7761.042851305785,10.699999999999989,False,False,True,0,0.0
300.6,311.6,1964,21.4,15,4401.329419777252,11.0,False,True,False,0,0.006666666666666667
302.4,311.3,1503,38.2,120,6012.4428522932185,8.900000000000034,False,True,False,0,0.0
298.1,307.6,1354,43.3,155,6139.530747106436,9.5,False,True,False,0,0.0033333333333333335
297.9,308.1,1585,33.5,212,5560.3571974661345,10.200000000000045,False,True,False,0,0.21
296.8,308.1,1356,48.3,201,6858.599417611093,11.300000000000011,False,True,False,0,0.023333333333333334
300.0,309.1,1791,28.2,108,5288.99689602456,9.100000000000023,False,True,False,0,0.0
300.7,310.8,1619,34.9,57,5916.990795501648,10.100000000000023,False,True,False,0,0.0
301.3,310.0,1550,41.5,197,6736.098248072115,8.699999999999989,False,True,False,0,0.0
298.9,310.2,1562,42.5,179,6951.820943618614,11.300000000000011,False,True,False,0,0.0
304.1,313.6,1382,46.7,134,6758.55016356977,9.5,False,True,False,0,0.0
298.2,309.1,1350,52.0,136,7351.326809400116,10.900000000000034,False,True,False,0,0.0
304.0,313.2,1314,47.1,144,6481.042812502671,9.199999999999989,False,True,False,0,0.0
300.1,311.5,1383,49.1,33,7111.026387327032,11.399999999999977,True,False,False,0,0.01
302.6,310.8,1470,41.2,156,6342.247249067075,8.199999999999989,False,True,False,0,0.0
297.4,309.3,1564,36.0,126,5896.141092257324,11.900000000000034,False,False,True,0,0.0
298.9,310.4,1533,44.4,24,7127.771076170666,11.5,False,False,True,0,0.0
299.3,309.1,1376,46.7,49,6729.207688185242,9.800000000000011,False,False,True,0,0.0
299.2,309.0,1881,23.9,137,4707.770839183912,9.800000000000011,False,False,True,0,0.0
302.6,310.4,1478,47.7,189,7382.805567789086,7.7999999999999545,False,True,False,0,0.01
299.3,308.6,1314,48.2,65,6632.404746552627,9.300000000000011,False,True,False,0,0.0
303.1,311.3,2056,19.7,167,4241.485185562603,8.199999999999989,True,False,False,0,0.0
297.2,308.6,1404,43.7,160,6425.059631415702,11.400000000000034,False,False,True,0,0.0
298.1,309.0,1502,40.9,153,6433.123052559914,10.899999999999977,False,True,False,0,0.0
302.2,310.5,1507,40.4,111,6375.631906999221,8.300000000000011,False,False,True,0,0.0
303.0,311.2,1800,23.7,61,4467.344753404685,8.199999999999989,False,True,False,0,0.0
304.1,313.6,1556,37.4,129,6094.103317335528,9.5,False,True,False,0,0.0
303.6,312.3,1698,31.3,100,5565.582713246606,8.699999999999989,False,False,True,0,0.0
300.6,310.4,1407,51.1,157,7529.109537666762,9.799999999999955,False,False,True,0,0.006666666666666667
299.0,310.2,1625,31.8,89,5411.393345808418,11.199999999999989,False,False,True,0,0.0
300.1,309.7,1481,37.9,34,5877.909382890992,9.599999999999966,False,True,False,0,0.0
299.0,310.3,1428,46.3,175,6923.693217393473,11.300000000000011,False,True,False,0,0.0
303.0,311.3,1365,56.2,146,8033.36657449446,8.300000000000011,False,True,False,1,0.87
301.4,310.6,1431,40.6,101,6084.071164795065,9.200000000000045,False,False,True,0,0.0
300.5,309.9,1552,41.3,116,6712.284975757904,9.399999999999977,False,False,True,0,0.0
298.9,310.6,1720,25.3,197,4556.984863787115,11.700000000000045,False,False,True,0,0.0
302.2,310.6,1462,43.6,0,6675.172294543498,8.400000000000034,False,True,False,0,0.0
298.1,309.4,1397,48.2,63,7051.346598884339,11.299999999999955,False,True,False,0,0.0
301.5,310.9,1600,39.0,160,6534.51271946677,9.399999999999977,False,True,False,0,0.0
297.1,307.8,1584,42.3,135,7016.5586962335865,10.699999999999989,False,True,False,0,0.0
303.4,312.7,1363,45.5,26,6494.3526933783805,9.300000000000011,False,True,False,0,0.0
301.2,311.0,1761,29.1,195,5366.3743230824775,9.800000000000011,False,True,False,0,0.0
297.4,308.3,1405,51.7,108,7606.685932259406,10.900000000000034,False,False,True,0,0.0
302.1,311.5,1533,39.4,26,6325.094153178474,9.399999999999977,False,True,False,0,0.0
298.0,308.2,1620,35.8,5,6073.326917919787,10.199999999999989,False,True,False,0,0.0
302.0,310.1,1409,50.4,172,7436.526802165471,8.100000000000023,False,True,False,0,0.013333333333333334
299.7,310.6,1737,26.1,144,4747.543402178359,10.900000000000034,False,True,False,0,0.0
300.8,311.1,1480,41.1,176,6369.893264418665,10.300000000000011,False,True,False,0,0.0
301.0,310.8,1475,35.3,19,5452.495849692885,9.800000000000011,False,True,False,0,0.0
297.0,307.9,1846,27.3,179,5277.43583505935,10.899999999999977,True,False,False,0,0.02
298.8,308.5,1446,37.0,11,5602.716338412037,9.699999999999989,False,True,False,0,0.0
299.1,310.5,1736,26.9,74,4890.24501247992,11.399999999999977,False,True,False,0,0.0
301.1,311.3,1389,53.3,8,7752.790934602355,10.199999999999989,False,False,True,0,0.0
297.4,308.5,1295,52.1,130,7065.389518045885,11.100000000000023,False,True,False,0,0.0
300.7,311.7,1532,40.0,0,6417.22659373275,11.0,False,False,True,0,0.0
302.1,311.0,1351,60.3,207,8531.026266749619,8.899999999999977,False,False,True,1,0.36333333333333334
297.7,308.9,1838,27.3,99,5254.565040541216,11.199999999999989,False,True,False,0,0.0
297.3,308.2,1754,29.4,123,5400.146444108567,10.899999999999977,False,True,False,0,0.0
298.1,307.7,1767,27.0,127,4996.074797003848,9.599999999999966,False,True,False,0,0.0
303.5,313.0,1393,51.6,80,7527.1303342950005,9.5,False,True,False,0,0.0033333333333333335
297.2,308.4,1677,26.4,146,4636.236774461673,11.199999999999989,False,True,False,0,0.0033333333333333335
303.9,313.3,1526,40.7,164,6503.955494922853,9.400000000000034,False,True,False,0,0.0
301.2,310.4,1515,38.4,51,6092.176473841328,9.199999999999989,False,True,False,0,0.0
298.6,309.4,1465,41.1,30,6305.3335353873945,10.799999999999955,False,False,True,0,0.0
302.0,309.9,1388,51.4,183,7471.042433452911,7.899999999999977,False,True,False,0,0.10666666666666667
301.0,311.4,1478,39.5,75,6113.644023640857,10.399999999999977,False,True,False,0,0.0
303.6,311.8,1567,31.7,97,5201.838643838467,8.199999999999989,False,True,False,0,0.0033333333333333335
298.9,308.3,1576,36.6,7,6040.403026910168,9.400000000000034,False,True,False,0,0.0
301.6,310.4,1377,44.9,161,6474.53971570974,8.799999999999955,False,False,True,0,0.05333333333333334
300.7,310.8,1925,22.0,74,4434.881629317591,10.100000000000023,False,True,False,0,0.0033333333333333335
298.7,310.0,1459,40.2,69,6142.002133327261,11.300000000000011,False,False,True,0,0.0
297.2,308.6,1578,34.4,76,5684.523411111515,11.400000000000034,False,True,False,0,0.0
297.5,308.8,1824,24.0,179,4584.212000118226,11.300000000000011,True,False,False,0,0.02
297.7,308.2,1500,39.9,158,6267.477343911637,10.5,False,True,False,0,0.0
299.5,308.8,1965,20.4,164,4197.796103726681,9.300000000000011,False,True,False,0,0.0
297.9,307.5,1602,38.3,21,6425.248126974916,9.600000000000023,False,True,False,0,0.0
300.4,311.4,1552,28.8,135,4680.7217264365045,11.0,False,True,False,0,0.0
300.7,309.5,1479,43.6,240,6752.7905770381885,8.800000000000011,False,True,False,0,0.02666666666666667
298.4,308.3,1458,42.9,15,6550.032187175503,9.900000000000034,True,False,False,0,0.0
302.5,311.4,1759,24.6,124,4531.370411684847,8.899999999999977,False,True,False,0,0.0
301.0,310.7,1517,40.2,171,6386.16671436426,9.699999999999989,False,False,True,0,0.0
298.9,310.1,1750,25.0,156,4581.4892864851145,11.200000000000045,False,True,False,0,0.0
299.1,310.6,1791,28.0,168,5251.486279740698,11.5,True,False,False,0,0.0
297.1,308.3,1763,25.7,139,4744.757856692177,11.199999999999989,False,True,False,0,0.0
298.0,308.6,1313,50.8,170,6984.849554383354,10.600000000000023,False,True,False,0,0.0
303.8,312.9,1589,37.2,203,6190.068500927185,9.099999999999966,False,True,False,0,0.02666666666666667
301.5,310.4,1474,39.9,53,6158.841069950502,8.899999999999977,False,True,False,0,0.0
303.0,311.3,1335,53.6,164,7493.326797342374,8.300000000000011,False,False,True,1,0.87
298.2,308.4,1388,53.8,137,7819.88488170752,10.199999999999989,False,True,False,0,0.0033333333333333335
302.6,312.1,2000,21.9,200,4586.725274241097,9.5,False,False,True,0,0.0033333333333333335
297.5,309.0,1320,54.7,179,7561.185198659915,11.5,False,True,False,0,0.0
299.0,310.2,1412,44.1,246,6520.815375497118,11.199999999999989,False,True,False,0,0.09333333333333334
301.1,311.1,1592,35.7,174,5951.684450372792,10.0,False,False,True,0,0.0
298.1,309.1,1425,44.5,49,6640.541471525426,11.0,True,False,False,0,0.0
299.6,311.1,1521,37.2,131,5925.169408376493,11.5,False,True,False,0,0.0
300.3,309.2,1650,35.2,196,6082.12337734984,8.899999999999977,False,True,False,0,0.0
297.4,308.4,1341,52.2,49,7330.403802327207,11.0,False,True,False,0,0.0
300.1,309.6,1622,36.1,43,6131.781485227582,9.5,False,False,True,0,0.0
297.8,308.9,1530,37.6,106,6024.318072523787,11.099999999999966,False,True,False,0,0.0
298.5,309.4,1911,21.5,164,4302.568218723902,10.899999999999977,False,True,False,0,0.0
298.1,307.9,1446,42.8,121,6480.979980649599,9.799999999999955,False,False,True,0,0.0
298.6,309.3,1537,37.6,175,6051.880312071282,10.699999999999989,False,True,False,0,0.0
300.5,311.6,1454,41.4,108,6303.6684912809915,11.100000000000023,False,False,True,0,0.0
295.8,306.5,1641,32.2,101,5533.412804473846,10.699999999999989,False,False,True,0,0.0
301.7,310.1,1660,29.3,72,5093.3594495100115,8.400000000000034,True,False,False,0,0.006666666666666667
300.0,309.3,1364,41.2,104,5884.9151345084965,9.300000000000011,False,True,False,0,0.0
297.3,308.2,1396,52.7,212,7704.148608349274,10.899999999999977,False,True,False,1,0.54
301.2,309.9,1456,50.8,15,7745.575743474611,8.699999999999989,False,False,True,0,0.0
301.9,310.9,1573,38.9,209,6407.770399845444,9.0,False,False,True,0,0.21666666666666667
300.9,310.7,1268,56.3,161,7475.7757663843195,9.800000000000011,False,False,True,0,0.0
300.2,311.3,1587,31.2,73,5185.1358428968815,11.100000000000023,False,False,True,0,0.0
302.6,311.5,1609,36.0,162,6065.787095551173,8.899999999999977,False,True,False,0,0.0
298.1,308.2,1521,39.3,151,6259.654778204199,10.099999999999966,False,True,False,0,0.0
303.5,311.6,1573,34.0,134,5600.621943309644,8.100000000000023,False,False,True,0,0.0
298.3,308.9,1270,52.7,44,7008.788490403708,10.599999999999966,False,True,False,0,0.0
300.1,310.5,1500,39.8,107,6251.769380643687,10.399999999999977,False,True,False,0,0.0
297.7,308.2,1489,43.0,151,6704.891761046456,10.5,True,False,False,0,0.0
299.4,309.2,1470,44.4,135,6834.848977149954,9.800000000000011,False,False,True,0,0.0
297.9,307.5,1642,32.4,126,5571.174748169996,9.600000000000023,False,False,True,0,0.0
299.8,309.6,1331,50.2,98,6996.97610202621,9.800000000000011,False,False,True,0,0.0
302.5,312.2,1574,38.7,30,6378.878219407931,9.699999999999989,False,True,False,0,0.0
298.4,309.7,1581,34.6,150,5728.4428764087015,11.300000000000011,False,True,False,0,0.0
296.2,306.8,1389,53.3,132,7752.790934602355,10.600000000000023,False,True,False,0,0.0
297.0,307.8,1385,56.4,202,8180.078951417104,10.800000000000011,False,True,False,1,0.56
298.1,308.0,1652,28.5,63,4930.415510543821,9.899999999999977,False,True,False,0,0.0
298.3,308.4,1444,47.5,178,7182.728003657464,10.099999999999966,False,False,True,0,0.0
302.5,310.4,1349,55.1,187,7783.808926068799,7.899999999999977,False,True,False,1,0.7833333333333333
298.4,308.5,1827,24.3,153,4649.148720267927,10.100000000000023,True,False,False,0,0.0
297.6,307.2,1486,40.6,42,6317.910377977266,9.599999999999966,False,True,False,0,0.0
299.7,310.9,1491,40.1,195,6261.09991082485,11.199999999999989,False,True,False,0,0.0
299.2,309.0,1951,21.4,102,4372.196383902962,9.800000000000011,False,True,False,0,0.0
300.1,310.1,1684,30.8,13,5431.520482742418,10.0,False,True,False,0,0.0
300.3,311.5,1466,46.2,62,7092.58523845046,11.199999999999989,False,True,False,0,0.0
302.0,310.4,1895,23.2,161,4603.899314080722,8.399999999999977,False,True,False,0,0.0
299.9,309.3,1471,41.8,109,6438.987358846615,9.400000000000034,False,True,False,0,0.0
295.5,306.1,1573,35.1,129,5781.818535593192,10.600000000000023,False,True,False,0,0.0
298.8,310.3,1708,27.1,78,4847.142361272668,11.5,True,False,False,0,0.0
301.4,311.1,1495,36.3,193,5682.984030711255,9.700000000000045,False,True,False,0,0.0
297.6,309.2,1611,33.1,155,5584.08669397625,11.599999999999966,False,True,False,0,0.0
302.5,311.9,1524,34.8,86,5553.833156722179,9.399999999999977,False,False,True,0,0.0
302.3,311.5,1530,42.3,21,6777.35783158926,9.199999999999989,False,False,True,0,0.0033333333333333335
300.6,310.7,1440,52.5,200,7916.813487046279,10.099999999999966,False,True,False,0,0.27
296.3,307.4,1472,39.9,51,6150.484433491953,11.099999999999966,False,True,False,0,0.0
299.3,309.1,1634,36.8,62,6296.924539051285,9.800000000000011,False,True,False,0,0.0
300.6,310.6,1463,45.5,196,6970.827579172833,10.0,False,False,True,0,0.0
301.6,311.0,1431,42.3,129,6338.822913074661,9.399999999999977,False,False,True,0,0.0033333333333333335
297.7,307.6,1538,38.3,63,6168.559063225606,9.900000000000034,True,False,False,0,0.0
300.6,309.7,1428,42.6,23,6370.395919243239,9.099999999999966,False,False,True,0,0.0
302.3,311.0,1541,36.6,143,5906.257020601884,8.699999999999989,False,False,True,0,0.0
301.6,310.6,1418,43.9,129,6518.825700149844,9.0,False,True,False,0,0.0
297.4,308.6,1420,45.8,120,6810.553993962192,11.200000000000045,True,False,False,0,0.02
299.7,309.1,1475,40.0,123,6178.465552059927,9.400000000000034,False,True,False,0,0.0
299.6,309.0,1539,36.1,76,5818.009682962545,9.399999999999977,False,False,True,0,0.0
302.4,310.9,1349,46.1,148,6512.40637916101,8.5,False,True,False,1,0.89
304.2,313.3,1625,37.3,27,6347.326157190377,9.100000000000023,True,False,False,0,0.0
302.9,311.2,1751,23.8,196,4364.070130905678,8.300000000000011,False,True,False,0,0.0
304.3,313.5,1802,25.4,170,4793.1069676309235,9.199999999999989,False,True,False,0,0.0
297.9,309.2,1478,39.7,10,6144.5991832542295,11.300000000000011,False,True,False,0,0.0
302.4,310.1,1379,48.9,107,7061.577718959528,7.7000000000000455,False,False,True,1,0.7466666666666667
297.8,309.2,1648,33.0,29,5695.079162427577,11.399999999999977,True,False,False,0,0.0
302.7,312.2,1336,46.8,179,6547.581744905703,9.5,False,True,False,0,0.0033333333333333335
302.4,310.3,1378,54.3,165,7835.69756473059,7.900000000000034,False,False,True,1,0.6966666666666667
298.3,308.4,1528,37.3,160,5968.439611191936,10.099999999999966,False,True,False,0,0.0
300.5,310.8,1445,46.6,155,7051.51415049253,10.300000000000011,False,True,False,0,0.0
298.2,307.7,1459,44.5,89,6798.98246102147,9.5,False,True,False,0,0.0
299.0,308.5,1886,23.0,198,4542.533537580602,9.5,False,True,False,0,0.0033333333333333335
298.8,308.9,1466,44.1,184,6770.195000339076,10.099999999999966,True,False,False,0,0.0
303.5,312.0,1366,54.5,30,7796.0716093933115,8.5,False,True,False,1,0.7033333333333334
300.7,309.3,1580,38.3,102,6337.011261311091,8.600000000000023,False,True,False,0,0.0
299.8,309.3,1640,31.1,211,5341.126390123127,9.5,False,False,True,0,0.07666666666666666
302.4,311.0,2211,15.4,203,3565.644829971344,8.600000000000023,False,True,False,0,0.05
302.0,310.5,1978,22.0,106,4556.984863787115,8.5,False,True,False,0,0.0
299.0,308.8,1418,45.7,204,6786.112403117265,9.800000000000011,False,False,True,0,0.01
303.7,312.4,1316,59.3,137,8172.204025832105,8.699999999999989,False,True,False,0,0.07666666666666666
301.9,310.8,1465,44.3,57,6796.259747388359,8.900000000000034,False,True,False,0,0.0033333333333333335
298.6,310.0,1512,37.5,27,5937.6101152847095,11.399999999999977,False,False,True,0,0.0
304.2,313.3,1668,35.7,180,6235.810089963453,9.100000000000023,False,True,False,0,0.0
297.5,308.9,1471,37.7,197,5807.412043744436,11.399999999999977,True,False,False,0,0.0033333333333333335
297.4,308.3,1771,27.4,100,5081.568005083537,10.900000000000034,True,False,False,0,0.0
298.6,310.1,1721,27.2,5,4902.057400857418,11.5,False,True,False,0,0.0
301.0,310.5,1317,50.9,75,7019.920200372929,9.5,False,True,False,0,0.0
301.3,310.0,1696,32.4,202,5754.392431727351,8.699999999999989,False,False,True,0,0.006666666666666667
298.9,309.8,1396,49.0,13,7163.250129205207,10.900000000000034,False,True,False,0,0.0
300.4,311.5,1492,44.6,149,6968.387608878544,11.100000000000023,False,True,False,0,0.0
297.9,308.7,1545,35.9,120,5808.333577589489,10.800000000000011,True,False,False,0,0.0033333333333333335
300.9,310.8,1708,29.1,14,5204.865044761425,9.900000000000034,False,True,False,0,0.0033333333333333335
297.3,308.5,1710,27.7,138,4960.260640752925,11.199999999999989,False,False,True,0,0.0
300.7,311.0,1559,42.8,121,6987.446604310321,10.300000000000011,False,False,True,0,0.0
302.1,310.1,1543,35.8,164,5784.656440956934,8.0,False,True,False,0,0.0
297.5,308.9,1390,47.4,187,6899.565785813904,11.399999999999977,False,True,False,0,0.0
298.0,309.1,1820,23.6,120,4497.922921899627,11.100000000000023,False,True,False,0,0.0
300.8,310.5,1409,50.6,141,7466.036829158193,9.699999999999989,False,False,True,0,0.0
299.0,308.6,1648,30.8,98,5315.407218265739,9.600000000000023,False,True,False,0,0.0
299.0,308.9,1615,30.6,14,5175.145578258466,9.899999999999977,False,True,False,0,0.0
301.1,310.7,1621,31.0,108,5262.272414518024,9.599999999999966,False,False,True,0,0.0
300.8,310.8,1689,32.9,151,5819.077824464766,10.0,False,True,False,0,0.0
300.7,309.5,1352,44.0,126,6229.568792558321,8.800000000000011,False,False,True,0,0.006666666666666667
299.9,310.2,1288,69.6,62,9387.581503750875,10.300000000000011,False,True,False,1,0.9333333333333333
304.0,313.1,1564,50.9,119,8336.488377663825,9.100000000000023,False,True,False,0,0.01
300.2,311.5,1685,31.0,193,5470.036408675428,11.300000000000011,False,True,False,0,0.013333333333333334
302.1,310.9,1477,41.4,184,6403.382642105931,8.799999999999955,False,True,False,0,0.0
298.4,308.6,1527,40.9,96,6540.199002169767,10.200000000000045,False,False,True,0,0.0
300.7,312.4,1470,38.6,56,5942.008344999735,11.699999999999989,False,True,False,0,0.0
298.9,308.5,1534,42.9,121,6891.460476767641,9.600000000000023,False,False,True,0,0.0
302.6,312.0,1781,28.5,196,5315.41769024125,9.399999999999977,False,True,False,0,0.0
298.5,309.7,1634,37.8,78,6468.03661891681,11.199999999999989,False,True,False,0,0.0
302.2,311.7,1466,49.0,66,7522.43888926564,9.5,False,False,True,0,0.0
297.0,308.1,1429,54.0,138,8080.804623563667,11.100000000000023,False,True,False,0,0.0
302.8,312.6,1462,39.4,22,6032.151110206737,9.800000000000011,False,True,False,0,0.0
297.5,308.6,1452,39.0,72,5930.070292916093,11.100000000000023,False,True,False,0,0.0
303.5,311.6,1428,46.2,139,6908.739236362386,8.100000000000023,False,True,False,0,0.023333333333333334
299.0,308.4,1571,38.6,5,6350.268782309241,9.399999999999977,False,True,False,0,0.0
296.2,307.0,2119,18.3,159,4060.7912481036315,10.800000000000011,False,False,True,0,0.0
302.3,310.9,1529,33.4,62,5347.891286303857,8.599999999999966,False,True,False,0,0.0
298.8,310.1,1567,36.8,197,6038.727510828252,11.300000000000011,True,False,False,0,0.0
301.6,310.8,1392,42.4,3,6180.643722966415,9.199999999999989,False,True,False,0,0.0033333333333333335
297.2,308.1,1474,44.3,152,6838.011513754567,10.900000000000034,False,True,False,0,0.0
299.2,310.3,1551,44.8,18,7276.4312405385335,11.100000000000023,False,False,True,0,0.0033333333333333335
298.0,308.5,1404,46.6,201,6851.436586360908,10.5,False,True,False,0,0.01
301.5,310.5,1927,22.4,149,4520.20728578909,9.0,False,True,False,0,0.0
298.9,310.2,1498,50.2,160,7874.883697096367,11.300000000000011,False,True,False,0,0.0
303.7,312.2,1487,34.0,94,5294.421379339759,8.5,False,True,False,0,0.0033333333333333335
300.5,309.4,2179,16.3,59,3719.4048464135403,8.899999999999977,False,False,True,0,0.006666666666666667
300.5,310.0,1358,60.4,102,8589.449418130876,9.5,True,False,False,0,0.03333333333333333
299.8,309.7,1910,21.8,141,4360.321163672394,9.899999999999977,False,False,True,0,0.0
298.5,309.0,1458,44.8,217,6840.126852807984,10.5,False,True,False,0,0.09333333333333334
299.9,309.2,1389,51.2,185,7447.33388089382,9.300000000000011,False,False,True,0,0.006666666666666667
298.7,308.4,1507,45.7,192,7212.039063115458,9.699999999999989,False,False,True,0,0.0033333333333333335
300.5,309.3,1471,45.2,223,6962.732742102083,8.800000000000011,True,False,False,0,0.03333333333333333
299.0,308.3,1441,44.0,48,6639.651353606908,9.300000000000011,False,True,False,0,0.0
296.9,307.8,1840,24.6,157,4740.03499573628,10.900000000000034,False,False,True,0,0.0
302.6,311.6,1227,68.2,187,8763.095716070298,9.0,False,False,True,1,0.48
299.5,310.8,1873,22.3,211,4373.924259862438,11.300000000000011,False,True,False,0,0.13
299.2,308.9,1447,39.6,22,6000.567632062649,9.699999999999989,False,False,True,0,0.0
301.3,311.1,1303,49.2,212,6713.332173309102,9.800000000000011,False,True,False,0,0.11
299.0,308.6,1297,54.2,110,7361.526513548772,9.600000000000023,False,True,False,0,0.0033333333333333335
297.0,308.1,1455,43.5,122,6627.975100911066,11.100000000000023,False,True,False,0,0.006666666666666667
302.3,310.9,1596,33.5,104,5598.946427227729,8.599999999999966,False,True,False,0,0.0
302.3,310.9,1545,36.7,18,5937.76719491739,8.599999999999966,False,True,False,0,0.0
301.5,310.7,1744,28.2,61,5150.201332588962,9.199999999999989,False,False,True,0,0.0
298.4,309.6,1710,27.3,163,4888.632328251077,11.200000000000045,False,True,False,1,0.0
298.2,307.8,1530,35.9,68,5751.941989457552,9.600000000000023,False,True,False,0,0.0
296.9,307.8,1392,43.9,0,6399.298571656264,10.900000000000034,False,False,True,0,0.0
298.3,309.6,1420,44.1,197,6557.760505103334,11.300000000000011,False,True,False,0,0.0
298.5,309.0,1921,22.0,196,4425.6662908670605,10.5,False,False,True,0,0.0
303.2,312.5,1518,39.9,146,6342.687072038577,9.300000000000011,False,True,False,0,0.0
297.7,308.4,1487,41.4,84,6446.73662072547,10.699999999999989,False,True,False,0,0.0
299.9,310.9,1292,51.1,173,6913.723896706081,11.0,False,True,False,0,0.0
297.7,308.8,1388,45.6,190,6628.006516837602,11.100000000000023,False,False,True,0,0.0033333333333333335
298.8,310.2,1455,44.9,107,6841.289242089813,11.399999999999977,True,False,False,0,0.006666666666666667
299.9,311.3,1647,27.5,26,4743.01950875719,11.400000000000034,False,True,False,0,0.0
300.2,309.9,1906,22.9,165,4570.7450396098375,9.699999999999989,True,False,False,0,0.0
299.3,308.5,1422,43.1,186,6418.085295724732,9.199999999999989,False,False,True,0,0.0033333333333333335
301.0,310.9,1740,28.9,129,5265.9376059472115,9.899999999999977,False,True,False,0,0.0
296.7,307.9,1874,21.3,130,4180.014689307364,11.199999999999989,False,False,True,0,0.0
300.2,311.4,1570,35.3,138,5803.673548486663,11.199999999999989,False,False,True,0,0.0
301.2,310.6,1389,45.3,64,6589.145015712696,9.400000000000034,False,True,False,0,0.0
301.0,311.0,1634,31.2,182,5338.69689180435,10.0,False,True,False,0,0.0
302.5,310.4,1581,32.7,181,5413.875204004755,7.899999999999977,False,False,True,0,0.0
297.4,308.3,1336,53.7,61,7512.930335500774,10.900000000000034,False,True,False,0,0.0
297.5,309.1,1611,30.2,211,5094.846470032711,11.600000000000023,False,True,False,0,0.0
301.9,310.3,1653,32.4,100,5608.496868894642,8.400000000000034,True,False,False,0,0.0
299.1,310.6,1921,23.9,158,4807.8829250783065,11.5,False,True,False,0,0.0033333333333333335
298.2,309.0,1694,28.0,5,4967.067424835702,10.800000000000011,False,False,True,0,0.0
297.8,309.8,1533,36.8,198,5907.7021532225335,12.0,False,True,False,0,0.0
296.9,308.0,1713,29.3,13,5255.9787572353325,11.100000000000023,False,True,False,0,0.0
300.6,310.9,1433,42.6,101,6392.701227083727,10.299999999999955,False,True,False,0,0.0
295.7,306.3,1347,50.4,46,7109.298511367559,10.600000000000023,False,False,True,0,0.0
297.9,309.9,1410,55.4,188,8180.078951417104,12.0,False,False,True,0,0.006666666666666667
298.3,307.7,1465,49.4,109,7578.673397764897,9.399999999999977,False,True,False,0,0.0
297.5,308.3,1435,40.3,197,6055.995798447484,10.800000000000011,False,True,False,0,0.006666666666666667
296.4,307.1,1638,32.5,146,5574.756163795088,10.700000000000045,True,False,False,0,0.0
297.4,308.6,1459,41.3,196,6310.066868318802,11.200000000000045,False,True,False,0,0.0
299.2,308.4,1529,43.0,50,6885.009739852271,9.199999999999989,False,False,True,0,0.0
299.3,310.5,1462,40.5,24,6200.561420390175,11.199999999999989,False,False,True,0,0.0
300.6,309.4,1380,47.6,246,6878.831274300212,8.799999999999955,True,False,False,1,0.15666666666666668
300.3,310.5,1522,39.1,217,6231.893571121977,10.199999999999989,False,True,False,0,0.11666666666666667
298.8,308.5,1510,38.7,66,6119.508329927558,9.699999999999989,False,False,True,0,0.0
298.3,309.4,1468,46.2,10,7102.261343823518,11.099999999999966,False,True,False,0,0.0
300.2,309.8,1827,23.0,6,4400.428829883223,9.600000000000023,False,True,False,0,0.0033333333333333335
300.7,309.6,1996,19.8,203,4138.6084981330505,8.900000000000034,False,False,True,1,0.07666666666666666
301.5,310.4,1580,35.7,161,5906.82250727953,8.899999999999977,True,False,False,0,0.0033333333333333335
300.4,311.3,1495,51.2,175,8015.668935879237,10.900000000000034,False,True,False,0,0.0
300.6,310.4,1446,49.7,155,7525.810865380493,9.799999999999955,False,True,False,0,0.02
297.2,308.5,1482,39.3,187,6099.150809532296,11.300000000000011,True,False,False,0,0.0
300.8,311.4,1492,40.6,20,6343.420110324415,10.599999999999966,False,True,False,0,0.0
297.7,309.1,1732,28.1,167,5096.626705869746,11.400000000000034,False,False,True,0,0.01
300.5,310.6,1411,47.2,201,6974.251915165244,10.100000000000023,True,False,False,0,0.01
295.5,306.1,1488,40.7,31,6341.995921654788,10.600000000000023,False,True,False,0,0.0
298.0,307.8,1839,22.7,79,4371.557593396733,9.800000000000011,False,True,False,0,0.0
301.4,310.9,1536,38.3,9,6160.53752998344,9.5,False,True,False,0,0.0
302.4,310.6,1445,40.3,162,6098.197859760707,8.200000000000045,False,True,False,0,0.0
303.4,311.6,1564,41.9,137,6862.453104599496,8.200000000000045,False,True,False,0,0.0
302.8,311.0,1507,33.4,82,5270.94321024193,8.199999999999989,False,False,True,0,0.0
299.6,311.0,1574,35.0,133,5769.011309542057,11.399999999999977,False,True,False,0,0.0
297.4,308.5,1418,51.2,52,7602.821773295492,11.100000000000023,False,True,False,0,0.0
302.7,312.2,1572,34.4,228,5662.909253654817,9.5,False,True,False,0,0.18
300.7,310.2,1696,27.5,73,4884.129378780932,9.5,False,True,False,0,0.0
298.3,309.6,1531,40.1,81,6429.070398036784,11.300000000000011,False,False,True,0,0.0
297.8,308.4,1512,39.9,181,6317.61716266293,10.599999999999966,False,True,False,0,0.0
300.4,311.1,1487,37.4,162,5823.863517273735,10.700000000000045,False,True,False,0,0.0
298.4,307.9,1700,28.2,120,5020.26506043649,9.5,True,False,False,0,0.0
298.9,308.8,1621,32.7,75,5550.848643701271,9.900000000000034,True,False,False,0,0.0
300.7,310.6,1447,40.7,82,6167.2500662866105,9.900000000000034,False,True,False,0,0.0
296.2,306.8,1526,42.3,129,6759.639249023015,10.600000000000023,False,False,True,0,0.0
298.0,308.6,1430,57.0,43,8535.707239803469,10.600000000000023,False,True,False,0,0.0033333333333333335
296.6,307.5,1439,45.5,199,6856.4736065821635,10.899999999999977,False,True,False,0,0.01
300.2,310.2,1378,43.9,193,6334.937810159722,10.0,False,True,False,0,0.0
298.5,309.5,1738,25.2,49,4586.473946828811,11.0,False,True,False,0,0.0
299.3,310.5,1281,59.8,15,8021.931177235394,11.199999999999989,False,True,False,0,0.0033333333333333335
300.9,312.7,1416,43.8,112,6494.802988325394,11.800000000000011,False,True,False,0,0.0
300.8,311.4,1521,39.9,15,6355.222026726401,10.599999999999966,False,False,True,0,0.0
299.4,309.3,1439,49.7,9,7489.378862574364,9.900000000000034,True,False,False,0,0.03666666666666667
299.4,309.1,2421,14.2,57,3600.0766854546873,9.700000000000045,False,True,False,0,0.01
302.5,311.9,1340,59.4,60,8335.27362850444,9.399999999999977,False,False,True,0,0.06333333333333334
299.2,309.0,1515,48.9,228,7758.005978407315,9.800000000000011,False,True,False,1,0.17666666666666667
300.6,311.9,1425,44.9,224,6700.231731943631,11.299999999999955,False,True,False,0,0.14
297.8,309.9,1351,49.0,181,6932.343069166357,12.099999999999966,False,True,False,0,0.0033333333333333335
301.3,310.7,1608,31.4,86,5287.4260996977655,9.399999999999977,False,True,False,0,0.0
298.1,307.8,1569,31.2,131,5126.325228421681,9.699999999999989,False,False,True,0,0.0
301.4,310.4,1559,39.4,199,6432.369070323053,9.0,False,True,False,0,0.0
301.7,310.7,1542,40.0,188,6459.114495780615,9.0,False,True,False,0,0.006666666666666667
299.7,309.3,1417,54.6,131,8101.9789580488605,9.600000000000023,False,True,False,0,0.0
298.1,307.8,1524,40.8,71,6511.390597536349,9.699999999999989,False,True,False,0,0.0
301.1,311.2,1564,37.0,165,6059.922789264471,10.099999999999966,False,True,False,0,0.0
299.4,308.9,1440,42.5,87,6408.849013323178,9.5,False,True,False,0,0.0
298.3,308.2,1663,28.4,67,4945.830258497434,9.899999999999977,False,True,False,0,0.006666666666666667
301.5,310.6,1447,41.9,140,6349.085449076388,9.100000000000023,False,False,True,0,0.0
300.2,309.4,1558,38.3,51,6248.774395647266,9.199999999999989,False,True,False,0,0.0
302.3,310.9,1366,48.4,130,6923.483777883233,8.599999999999966,True,False,False,1,0.6333333333333333
303.0,312.7,1551,41.8,111,6789.170219966758,9.699999999999989,False,True,False,0,0.0
299.0,308.7,1426,38.6,16,5764.1523129045045,9.699999999999989,False,True,False,0,0.0
302.4,310.2,1400,53.7,175,7872.831189896022,7.800000000000011,False,True,False,0,0.11666666666666667
301.7,310.6,1876,22.1,99,4341.639159359047,8.900000000000034,False,False,True,0,0.0
298.2,307.8,1575,35.0,137,5772.676500971244,9.600000000000023,False,True,False,0,0.0
300.2,310.2,1530,48.5,15,7770.729428654353,10.0,False,True,False,0,0.016666666666666666
299.0,310.1,1593,35.4,5,5905.377374658877,11.100000000000023,False,False,True,0,0.0
299.4,309.1,1464,40.5,215,6209.043720554867,9.700000000000045,False,True,False,0,0.08666666666666667
298.3,309.5,1711,30.3,148,5429.017680595058,11.199999999999989,False,True,False,0,0.0
300.1,311.4,1660,31.4,38,5458.412515857146,11.299999999999955,False,True,False,0,0.0
299.1,308.3,1424,43.4,16,6471.8484180031655,9.199999999999989,True,False,False,0,0.0
302.9,312.3,1578,36.3,141,5998.494180911279,9.400000000000034,False,True,False,0,0.0
301.8,309.5,1732,30.1,220,5459.375937604247,7.699999999999989,False,False,True,0,0.13333333333333333
298.9,309.9,1500,44.2,115,6942.919764433444,11.0,False,True,False,0,0.0
300.4,309.4,1412,51.6,153,7629.797582214315,9.0,False,True,False,0,0.013333333333333334
298.9,309.6,1567,34.5,204,5661.3070414014865,10.700000000000045,False,False,True,0,0.013333333333333334
298.9,310.6,1387,52.7,2,7654.48002849602,11.700000000000045,False,True,False,0,0.0033333333333333335
302.1,310.9,1452,42.5,198,6462.256088434205,8.799999999999955,True,False,False,0,0.0
301.8,310.8,1618,37.8,59,6404.702111020439,9.0,False,False,True,0,0.0
298.6,308.9,1327,58.8,9,8171.031164574763,10.299999999999955,False,True,False,0,0.0
298.5,309.4,1573,33.6,143,5534.732273388354,10.899999999999977,True,False,False,0,0.0
298.9,308.7,1500,41.6,187,6534.51271946677,9.800000000000011,True,False,False,0,0.0
297.5,308.4,1441,44.5,4,6715.1019371706225,10.899999999999977,False,True,False,0,0.0
302.9,312.5,1550,45.5,72,7385.360729814006,9.600000000000023,False,True,False,0,0.0
295.6,306.1,1372,55.6,215,7988.35802374403,10.5,False,True,False,1,0.35333333333333333
301.7,310.1,2695,12.6,10,3555.968724598287,8.400000000000034,False,True,False,0,0.30333333333333334
298.2,307.7,1608,33.8,106,5691.560578655555,9.5,False,False,True,0,0.0
299.1,308.3,1325,46.9,28,6507.547382523457,9.199999999999989,False,True,False,0,0.0033333333333333335
300.2,311.8,1379,51.0,46,7364.835657810551,11.600000000000023,False,True,False,0,0.0
299.5,310.0,1594,35.1,54,5859.007467091893,10.5,False,True,False,0,0.0
297.1,307.9,1507,38.3,170,6044.225297972034,10.799999999999955,False,True,False,0,0.0
296.9,307.9,1359,56.5,110,8040.749317230396,11.0,False,True,False,0,0.0033333333333333335
302.5,310.5,1520,41.2,154,6557.969944613575,8.0,False,True,False,0,0.0
300.7,310.6,1288,47.2,216,6366.290904842549,9.900000000000034,False,True,False,0,0.08666666666666667
302.3,310.9,1459,35.0,32,5347.514295185426,8.599999999999966,False,True,False,0,0.0
302.3,311.7,1449,44.5,152,6752.382169993221,9.399999999999977,True,False,False,0,0.0
297.4,309.4,1296,52.3,96,7097.988777814636,12.0,False,True,False,0,0.0033333333333333335
300.7,311.7,1412,49.1,219,7260.136846641916,11.0,False,False,True,0,0.11666666666666667
298.5,308.3,1504,38.0,20,5984.943444598795,9.800000000000011,False,True,False,0,0.0
300.1,311.3,1470,45.2,40,6957.999409170674,11.199999999999989,False,True,False,0,0.006666666666666667
298.8,308.9,1852,25.0,57,4848.524662040248,10.099999999999966,False,True,False,0,0.0
298.0,307.6,1281,50.8,122,6814.617120460835,9.600000000000023,False,True,False,0,0.0
300.3,311.8,1418,45.9,53,6815.8109256692,11.5,False,True,False,0,0.0
297.9,307.6,1519,44.0,37,6999.0495531775805,9.700000000000045,False,False,True,0,0.0
303.7,312.1,1363,51.8,90,7393.570758615386,8.400000000000034,False,True,False,1,0.4533333333333333
297.1,308.4,1654,31.4,171,5438.683313992602,11.299999999999955,True,False,False,0,0.0
300.5,311.7,1269,64.0,87,8504.919631798288,11.199999999999989,False,False,True,0,0.06
297.7,309.0,1538,43.2,30,6957.748081758387,11.300000000000011,False,True,False,0,0.0
299.2,308.7,1375,55.1,78,7933.830447253223,9.5,True,False,False,0,0.0
298.7,310.2,1402,45.9,30,6738.904737509321,11.5,False,True,False,0,0.0
300.5,311.6,1577,36.5,4,6027.721464565176,11.100000000000023,False,False,True,0,0.0
301.6,310.5,1809,25.5,40,4830.669943792346,8.899999999999977,False,True,False,0,0.0
298.8,309.9,1525,39.7,77,6339.995774332002,11.099999999999966,False,True,False,0,0.0
298.2,307.9,1769,27.2,188,5038.779513141645,9.699999999999989,False,True,False,0,0.0033333333333333335
295.5,306.0,1800,27.6,208,5202.477434344697,10.5,False,True,False,0,0.03
300.8,311.7,1753,29.0,8,5323.6381910181435,10.899999999999977,False,True,False,0,0.0
298.8,309.1,1477,42.4,158,6558.053720417669,10.300000000000011,False,True,False,0,0.0
300.2,309.2,1431,51.3,57,7687.50863926076,9.0,False,True,False,0,0.0033333333333333335
298.1,308.9,1388,53.5,83,7776.279575675695,10.799999999999955,True,False,False,0,0.0
303.8,313.2,1381,52.4,140,7577.982247381107,9.399999999999977,True,False,False,0,0.006666666666666667
300.4,311.2,1406,43.6,22,6419.488540443335,10.800000000000011,False,True,False,0,0.0
299.1,310.1,1416,41.2,185,6109.266737876856,11.0,False,True,False,0,0.0
299.4,309.0,1607,33.7,130,5671.192586284783,9.600000000000023,True,False,False,0,0.0
303.4,311.4,1606,29.6,122,4978.125830976339,8.0,False,False,True,0,0.0
303.5,311.7,1620,31.0,141,5259.026102109314,8.199999999999989,False,True,False,0,0.0
302.0,311.2,1420,45.8,192,6810.553993962192,9.199999999999989,False,True,False,0,0.0
303.8,313.0,1789,23.5,215,4402.575584863177,9.199999999999989,False,False,True,0,0.03333333333333333
298.5,309.6,1585,32.2,89,5344.582142042077,11.100000000000023,False,True,False,0,0.0
298.1,307.6,1496,44.1,104,6908.739236362386,9.5,True,False,False,0,0.0033333333333333335
298.1,307.9,1502,41.8,79,6574.683217530672,9.799999999999955,False,True,False,0,0.0
296.6,307.6,1671,28.8,108,5039.617271182603,11.0,False,True,False,0,0.0
300.8,309.7,1482,39.0,171,6052.5924064060955,8.899999999999977,False,False,True,0,0.0033333333333333335
300.8,309.7,1481,38.1,153,5908.927374357434,8.899999999999977,False,True,False,0,0.0
300.8,311.6,1568,36.0,23,5911.2207369945545,10.800000000000011,False,True,False,0,0.0
301.2,310.4,1390,49.9,74,7263.466934854721,9.199999999999989,False,True,False,0,0.0
302.3,311.4,1845,21.9,27,4231.254065487413,9.099999999999966,False,True,False,0,0.0
300.9,312.0,1397,42.7,212,6246.732360422433,11.100000000000023,True,False,False,0,0.05333333333333334
300.6,309.5,1516,39.0,142,6191.450801694765,8.899999999999977,False,True,False,0,0.0
302.2,310.1,1458,45.1,15,6885.931273697324,7.900000000000034,False,True,False,0,0.016666666666666666
301.7,310.8,1671,31.6,137,5529.580061436467,9.100000000000023,False,False,True,0,0.0033333333333333335
302.1,310.9,1666,30.7,203,5356.017539301142,8.799999999999955,False,True,False,0,0.02
302.1,311.4,1549,44.6,31,7234.606170343744,9.299999999999955,False,True,False,0,0.0
300.7,310.3,1369,50.7,12,7268.420179271881,9.600000000000023,True,False,False,0,0.0033333333333333335
297.2,308.3,1796,23.8,61,4476.224988638834,11.100000000000023,False,True,False,0,0.0
300.6,309.8,1532,42.5,130,6818.303255841048,9.199999999999989,False,False,True,0,0.0
301.0,310.9,1296,54.9,69,7450.85246466584,9.899999999999977,False,True,False,0,0.0
297.5,308.1,1907,23.5,125,4692.963465809993,10.600000000000023,False,False,True,0,0.0
301.7,309.9,1452,41.5,86,6310.203004000458,8.199999999999989,False,False,True,0,0.0
299.9,309.4,1363,60.9,57,8692.441297291061,9.5,False,True,False,0,0.10333333333333333
303.5,312.7,1402,47.0,23,6900.403543854861,9.199999999999989,False,False,True,0,0.0033333333333333335
301.2,310.9,1598,35.9,71,6007.5838556556655,9.699999999999989,True,False,False,0,0.0
304.0,313.3,1530,34.8,211,5575.698641591164,9.300000000000011,False,True,False,0,0.23333333333333334
298.2,308.4,1478,42.9,183,6639.881737068171,10.199999999999989,False,True,False,0,0.0
300.5,310.0,1451,48.6,208,7384.69052338124,9.5,False,True,False,0,0.15333333333333332
298.3,307.7,1602,33.4,106,5603.218993236611,9.399999999999977,False,False,True,0,0.0
299.6,309.1,1471,44.3,67,6824.094258299165,9.5,False,False,True,0,0.0
297.5,308.5,1712,26.8,136,4804.709916498181,11.0,False,True,False,0,0.0
298.5,309.7,1561,35.3,208,5770.404082285148,11.199999999999989,True,False,False,0,0.043333333333333335
298.9,308.5,1503,40.6,145,6390.187952960855,9.600000000000023,False,True,False,0,0.0
297.8,307.3,1327,61.0,186,8476.7500176711,9.5,False,True,False,1,0.35333333333333333
302.4,310.2,1485,45.9,50,7137.855588588689,7.800000000000011,False,False,True,0,0.006666666666666667
299.1,308.4,1543,37.9,130,6123.979863471167,9.299999999999955,False,True,False,0,0.0
299.2,310.2,1609,33.2,156,5594.003654786082,11.0,False,True,False,0,0.0
296.9,307.7,2008,17.5,3,3679.8521949048445,10.800000000000011,False,False,True,0,0.006666666666666667
303.5,312.6,1405,51.6,62,7591.972806665094,9.100000000000023,False,False,True,0,0.0033333333333333335
300.8,311.7,1468,38.7,39,5949.296839956063,10.899999999999977,True,False,False,0,0.0
300.1,309.5,1462,42.8,50,6552.692068955543,9.399999999999977,False,False,True,0,0.0
300.7,309.8,1596,31.5,123,5264.680968885776,9.100000000000023,False,True,False,0,0.0033333333333333335
299.0,310.3,1657,31.0,70,5379.139661231563,11.300000000000011,False,False,True,0,0.0
296.4,307.5,1549,36.1,58,5855.813514560743,11.100000000000023,False,True,False,0,0.0
302.3,311.0,1412,47.0,164,6949.621828761101,8.699999999999989,False,True,False,0,0.0
300.4,311.1,1589,35.5,191,5907.189026422448,10.700000000000045,False,True,False,0,0.0
303.5,311.9,1515,39.2,24,6219.096817046356,8.399999999999977,False,True,False,0,0.0
302.3,311.0,1428,47.9,174,7162.956913890872,8.699999999999989,False,True,False,0,0.0
298.2,309.0,1489,40.6,89,6330.6652441508395,10.800000000000011,False,True,False,0,0.0
300.0,309.5,1781,24.9,70,4643.996508316039,9.5,True,False,False,0,0.0
300.5,310.6,1543,36.2,30,5849.289473816788,10.100000000000023,False,True,False,0,0.0
298.2,309.0,1524,39.1,100,6240.082655972335,10.800000000000011,True,False,False,0,0.0
300.4,311.5,1704,29.7,103,5299.741142899837,11.100000000000023,False,True,False,0,0.0
300.9,310.0,1600,36.0,204,6031.857894892402,9.100000000000023,False,False,True,0,0.04
298.4,309.5,1450,47.9,112,7273.310591835969,11.100000000000023,False,True,False,0,0.0
299.5,309.3,1382,61.0,140,8828.084796097559,9.800000000000011,False,True,False,0,0.12333333333333334
300.9,310.7,1359,46.0,151,6546.450771550411,9.800000000000011,False,True,False,0,0.0
302.0,309.7,1551,34.8,207,5652.227838632612,7.699999999999989,False,True,False,0,0.03333333333333333
300.8,309.9,2041,19.2,194,4103.673987825131,9.099999999999966,True,False,False,0,0.0
300.1,311.7,1503,42.6,208,6704.975536850552,11.599999999999966,False,True,False,0,0.02666666666666667
297.8,308.5,1561,46.3,194,7568.546997444824,10.699999999999989,False,True,False,0,0.0
298.9,310.1,1442,48.0,181,7248.28257036237,11.200000000000045,False,True,False,0,0.0
298.3,308.3,1379,48.0,181,6931.61003088052,10.0,False,False,True,0,0.0
303.5,312.8,1524,39.4,96,6287.960528013043,9.300000000000011,False,True,False,0,0.0
300.4,310.5,1644,31.4,41,5405.801310885028,10.100000000000023,False,False,True,0,0.0
300.3,309.9,1518,36.4,0,5786.311013087824,9.599999999999966,False,True,False,0,0.0
298.9,308.4,1301,51.1,138,6961.884512085614,9.5,False,True,False,0,0.0
295.8,306.4,1339,53.2,67,7459.69081199794,10.599999999999966,False,True,False,0,0.0
302.3,311.5,1384,50.8,13,7362.552767148943,9.199999999999989,False,True,False,0,0.0
297.1,307.9,1662,26.9,183,4681.7898679387245,10.799999999999955,False,False,True,0,0.0
299.0,310.2,1637,38.0,68,6514.197086973555,11.199999999999989,True,False,False,0,0.0
298.2,308.8,1666,31.5,30,5495.588028924625,10.600000000000023,False,True,False,0,0.0
300.2,311.4,1433,37.9,36,5687.403204377306,11.199999999999989,False,True,False,0,0.0
298.8,309.8,1461,39.4,141,6028.025151855023,11.0,False,True,False,0,0.0
300.1,311.2,1489,39.1,188,6096.77367109108,11.099999999999966,False,True,False,0,0.0
298.1,308.1,1484,40.4,59,6278.326310542034,10.0,False,True,False,0,0.0
298.2,308.4,1497,37.7,207,5910.058347712727,10.199999999999989,False,True,False,0,0.2866666666666667
300.6,310.9,1472,47.6,75,7337.420025920224,10.299999999999955,False,True,False,0,0.016666666666666666
300.5,312.0,1498,42.9,25,6729.7312869608395,11.5,False,True,False,0,0.0
300.3,311.5,1634,31.9,36,5458.475347710218,11.199999999999989,False,True,False,0,0.0
301.9,310.9,1569,32.5,188,5339.922112939251,9.0,False,False,True,0,0.0
298.5,308.3,1334,49.8,186,6956.868435815381,9.800000000000011,False,True,False,0,0.0033333333333333335
301.3,311.3,1434,49.8,16,7478.372816311286,10.0,False,True,False,0,0.0
301.7,310.5,1354,50.0,169,7089.527421600967,8.800000000000011,False,True,False,0,0.09666666666666666
302.3,311.3,1652,32.8,108,5674.302763011836,9.0,False,True,False,0,0.0
300.7,311.7,1701,30.8,44,5486.351746523072,11.0,False,False,True,0,0.0
302.3,310.8,1511,48.1,24,7610.937554317265,8.5,False,True,False,0,0.0
296.8,307.9,1611,35.4,72,5972.104802621124,11.099999999999966,False,True,False,0,0.0
297.0,307.9,1595,31.7,170,5294.7878984826775,10.899999999999977,False,True,False,0,0.0
299.3,310.8,1391,46.9,21,6831.6969125208525,11.5,False,True,False,0,0.0033333333333333335
300.1,311.3,1518,40.2,130,6390.37644852007,11.199999999999989,False,False,True,0,0.0
298.9,310.0,1487,36.6,129,5699.288896583387,11.100000000000023,False,False,True,0,0.0
303.5,311.9,1565,38.9,12,6375.181612052208,8.399999999999977,False,True,False,0,0.0
300.0,310.5,1790,25.7,123,4817.422894769708,10.5,False,False,True,0,0.0
298.0,308.9,1390,53.9,88,7845.70877332003,10.899999999999977,False,True,False,0,0.0033333333333333335
298.6,309.5,1450,44.3,7,6726.673470111345,10.899999999999977,False,True,False,0,0.0
298.0,308.1,1339,51.6,197,7235.339208629582,10.100000000000023,False,False,True,0,0.0033333333333333335
300.3,310.2,1492,52.3,2,8171.450043595242,9.899999999999977,False,True,False,0,0.0
299.6,310.9,1472,40.9,137,6304.631913028092,11.299999999999955,False,True,False,0,0.0
295.6,306.2,1612,31.2,131,5266.8172518902165,10.599999999999966,False,True,False,0,0.0
303.9,312.7,1485,43.3,174,6733.5326140716825,8.800000000000011,False,False,True,0,0.0
303.8,313.3,1406,52.1,166,7670.99433387839,9.5,False,True,False,0,0.006666666666666667
300.2,311.4,1483,44.4,141,6895.293219805021,11.199999999999989,False,True,False,0,0.0
298.6,309.4,1460,43.8,138,6696.618900392002,10.799999999999955,False,False,True,0,0.0
300.9,310.8,1519,34.9,73,5551.518850134035,9.900000000000034,False,False,True,0,0.0
300.4,309.7,1367,51.2,143,7329.377548727036,9.300000000000011,False,False,True,0,0.0
300.8,310.6,1505,36.2,0,5705.236978674185,9.800000000000011,False,False,True,0,0.0
300.2,309.3,1342,48.7,68,6844.001483747413,9.100000000000023,True,False,False,0,0.0
298.4,309.2,1583,35.4,112,5868.306581346518,10.800000000000011,False,True,False,0,0.0
296.2,307.2,1633,31.1,0,5318.328899433577,11.0,False,False,True,0,0.0
300.8,310.4,1450,39.4,62,5982.639609986162,9.599999999999966,False,False,True,0,0.0
300.9,310.7,1740,25.3,164,4609.973059877662,9.800000000000011,False,True,False,0,0.0
298.4,308.0,1508,47.9,25,7564.243015509408,9.600000000000023,False,True,False,0,0.0
296.9,308.4,1557,32.4,173,5282.776542570452,11.5,False,True,False,0,0.0
304.1,313.5,1587,33.6,108,5583.992446196642,9.399999999999977,False,False,True,0,0.0
298.5,309.5,1547,33.1,68,5362.248364730763,11.0,False,True,False,0,0.0
302.5,310.3,1710,27.3,186,4888.632328251077,7.800000000000011,False,False,True,0,0.0033333333333333335
303.9,313.0,1759,28.4,74,5231.338198855676,9.100000000000023,False,True,False,0,0.0
298.8,309.6,1516,40.2,152,6381.95698020845,10.800000000000011,True,False,False,0,0.0
299.9,311.3,1413,41.8,153,6185.104784534513,11.400000000000034,True,False,False,0,0.0
298.4,308.8,1458,40.1,111,6122.524258875005,10.400000000000034,False,True,False,0,0.0
297.8,308.9,1871,25.6,200,5015.824942819416,11.099999999999966,False,True,False,1,0.0
298.9,309.8,1947,21.7,105,4424.399181830114,10.900000000000034,False,False,True,0,0.0
299.8,309.1,1612,35.4,205,5975.811881952361,9.300000000000011,False,True,False,0,0.043333333333333335
300.7,310.8,1496,46.4,90,7269.058969778111,10.100000000000023,False,True,False,0,0.0
302.9,311.1,1926,21.8,58,4396.847414258131,8.200000000000045,False,False,True,0,0.0
300.8,311.2,1488,40.1,87,6248.502124283956,10.399999999999977,False,False,True,0,0.0
301.9,310.5,1477,42.4,128,6558.053720417669,8.600000000000023,False,True,False,0,0.0
300.2,309.8,1401,49.3,163,7232.920182286316,9.600000000000023,False,True,False,0,0.0033333333333333335
303.4,312.8,1622,35.1,107,5961.926042423494,9.400000000000034,False,False,True,0,0.0
302.6,312.3,1647,31.8,52,5484.655286490132,9.699999999999989,False,True,False,0,0.0
301.3,311.1,1624,40.9,0,6955.653686655993,9.800000000000011,False,True,False,0,0.0
299.3,308.6,1422,48.9,83,7281.771948049639,9.300000000000011,False,True,False,0,0.0
300.0,311.4,1692,29.0,216,5138.388944211465,11.399999999999977,False,False,True,1,0.01
302.8,311.1,1550,32.3,76,5242.794540065765,8.300000000000011,False,True,False,0,0.0
297.9,307.6,1687,29.1,176,5140.870802407802,9.700000000000045,False,True,False,0,0.0
298.5,309.4,1418,45.1,148,6697.016835461458,10.899999999999977,False,True,False,0,0.0
297.9,307.9,1336,54.4,82,7610.86425048868,10.0,False,False,True,0,0.0
296.8,307.8,1480,39.4,122,6106.418360537601,11.0,False,True,False,0,0.0
302.7,312.4,1423,51.9,60,7733.941378680816,9.699999999999989,False,True,False,0,0.013333333333333334
302.5,310.5,1436,36.5,43,5488.781244841847,8.0,False,True,False,0,0.0033333333333333335
302.0,310.6,1325,55.3,192,7673.078257005271,8.600000000000023,False,True,False,0,0.32666666666666666
298.7,309.9,1372,54.7,44,7859.050070122275,11.199999999999989,False,True,False,0,0.013333333333333334
302.4,311.1,1721,30.1,210,5424.703226684128,8.700000000000045,False,False,True,0,0.08333333333333333
298.8,309.2,1452,48.6,98,7389.779903480055,10.399999999999977,False,False,True,0,0.0033333333333333335
298.3,309.4,1546,36.1,94,5844.472365081284,11.099999999999966,False,True,False,0,0.0
300.2,311.4,1427,39.7,196,5932.573095063454,11.199999999999989,False,False,True,0,0.0
302.0,310.9,1679,29.0,222,5098.9095965313545,8.899999999999977,True,False,False,0,0.1
302.0,310.6,1583,38.9,94,6448.506384586993,8.600000000000023,False,True,False,0,0.0
304.0,313.0,1685,28.2,66,4975.9686040208735,9.0,False,False,True,0,0.0
301.0,312.3,1488,42.6,107,6638.05961332909,11.300000000000011,False,True,False,0,0.0
295.4,305.9,1518,40.6,178,6453.962283828728,10.5,False,False,True,0,0.0
299.0,310.3,1827,28.0,178,5357.043792901315,11.300000000000011,False,False,True,0,0.0
298.2,309.5,1478,36.5,182,5649.316629440286,11.300000000000011,False,False,True,0,0.0
299.2,309.0,1597,30.3,115,5067.294702460728,9.800000000000011,False,False,True,0,0.013333333333333334
300.2,309.1,1479,47.0,22,7279.3843376329105,8.900000000000034,False,True,False,0,0.0
300.9,310.3,1446,44.5,135,6738.402082684747,9.400000000000034,False,True,False,0,0.0033333333333333335
298.2,307.5,1470,51.3,180,7897.021453328663,9.300000000000011,False,True,False,0,0.0033333333333333335
297.9,308.0,1954,21.1,42,4317.532671730501,10.100000000000023,False,True,False,0,0.0
298.2,307.8,1388,48.6,76,7064.059577155865,9.600000000000023,False,True,False,0,0.0
298.6,309.7,1422,49.7,139,7400.901141473763,11.099999999999966,False,False,True,0,0.0
298.3,308.6,1589,37.1,137,6173.428531838671,10.300000000000011,False,False,True,0,0.0
299.8,309.6,1447,43.1,12,6530.920831866166,9.800000000000011,False,True,False,0,0.0
297.5,308.1,1480,42.4,112,6571.37407326889,10.600000000000023,False,False,True,0,0.0
297.4,309.3,1622,35.0,123,5944.940498143085,11.900000000000034,False,False,True,0,0.0
302.0,311.1,1406,50.5,187,7435.416772761203,9.100000000000023,False,True,False,0,0.0
303.4,311.6,1449,41.7,132,6327.513179521739,8.200000000000045,False,True,False,0,0.0
301.6,310.6,1691,30.1,40,5330.141287811075,9.0,False,False,True,0,0.0
295.9,306.4,1575,28.5,74,4700.608007933728,10.5,False,True,False,0,0.0
298.9,310.1,1394,42.7,179,6233.317759791605,11.200000000000045,False,True,False,0,0.0
298.9,309.6,1284,55.3,166,7435.647156222465,10.700000000000045,False,False,True,0,0.0
298.0,308.5,1702,26.7,203,4758.821719804747,10.5,False,True,False,0,0.016666666666666666
300.1,311.4,1377,56.7,50,8176.089128747045,11.299999999999955,True,False,False,0,0.0033333333333333335
297.0,308.4,1305,54.6,168,7461.596711541118,11.399999999999977,True,False,False,0,0.0
302.2,311.2,1471,41.9,166,6454.391634824718,9.0,False,False,True,0,0.0
301.8,310.6,1441,46.3,100,6986.724037999997,8.800000000000011,True,False,False,0,0.0
298.2,307.8,1578,34.5,127,5701.048188469398,9.600000000000023,False,False,True,0,0.0
296.6,307.5,1482,39.9,153,6192.267615784697,10.899999999999977,False,False,True,0,0.0
298.4,308.3,1422,42.7,186,6358.52069901267,9.900000000000034,False,True,False,0,0.0
298.9,310.2,1411,46.5,202,6870.820213033557,11.300000000000011,False,True,False,0,0.02
297.6,307.1,1496,39.2,12,6141.101543433233,9.5,False,True,False,0,0.0
302.3,311.9,1434,51.9,173,7793.725886878629,9.599999999999966,False,True,False,0,0.02
297.7,308.5,1373,56.7,203,8152.338688285906,10.800000000000011,False,True,False,1,0.71
298.2,309.0,1780,29.3,91,5461.554108510736,10.800000000000011,False,True,False,0,0.0
295.8,306.5,1505,35.2,86,5547.633747219096,10.699999999999989,False,True,False,0,0.0
302.0,311.2,1558,39.1,179,6379.29709842841,9.199999999999989,False,False,True,0,0.0
300.5,309.8,1461,52.5,146,8032.267017065704,9.300000000000011,False,True,False,0,0.013333333333333334
296.1,307.1,1898,22.7,20,4511.808761428493,11.0,False,True,False,0,0.0
301.7,310.5,1625,35.9,121,6109.0887142931515,8.800000000000011,False,False,True,0,0.0
298.3,307.8,1457,52.5,98,8010.275868490575,9.5,False,False,True,0,0.0
301.1,311.1,1615,37.7,153,6375.914650338046,10.0,False,False,True,0,0.0
297.9,309.0,1562,35.8,40,5855.886818389326,11.100000000000023,False,True,False,0,0.0
302.3,311.4,1418,41.3,62,6132.744906974683,9.099999999999966,False,False,True,0,0.0033333333333333335
297.0,308.1,1355,51.4,76,7293.416784818944,11.100000000000023,False,False,True,0,0.01
298.1,309.1,1448,52.5,150,7960.795784196536,11.0,False,False,True,0,0.0
298.4,308.1,1495,46.0,203,7201.577559579003,9.700000000000045,False,False,True,0,0.016666666666666666
298.8,308.5,1395,44.4,33,6486.132192601487,9.699999999999989,False,True,False,0,0.0033333333333333335
297.4,308.7,1726,26.8,158,4844.000768619078,11.300000000000011,True,False,False,0,0.0
300.0,310.1,1762,28.0,202,5166.453838583534,10.100000000000023,False,True,False,0,0.0
298.2,308.6,1353,54.1,38,7665.203331420273,10.400000000000034,False,True,False,0,0.0
301.8,310.7,2092,18.6,51,4074.771335412106,8.899999999999977,False,True,False,0,0.0
297.6,308.4,1398,41.9,215,6134.085319840215,10.799999999999955,False,False,True,0,0.043333333333333335
299.0,310.2,1490,41.1,54,6412.933083772845,11.199999999999989,False,True,False,0,0.0
302.4,311.2,1330,58.6,201,8161.648274516044,8.800000000000011,False,False,True,0,0.17333333333333334
299.9,310.3,1535,43.9,154,7056.6977783709535,10.400000000000034,True,False,False,0,0.0
300.8,312.5,1423,47.3,123,7048.466805618547,11.699999999999989,False,True,False,0,0.0
304.1,313.3,1725,28.3,177,5112.1566455539905,9.199999999999989,False,False,True,0,0.0
296.9,307.8,1549,37.8,104,6131.572045717343,10.900000000000034,True,False,False,0,0.006666666666666667
297.4,308.4,1441,46.8,116,7062.174621563711,11.0,False,False,True,0,0.0
300.6,312.1,1354,46.9,138,6649.976721461706,11.5,True,False,False,0,0.0033333333333333335
297.6,308.5,1572,35.9,71,5909.838436226974,10.899999999999977,False,True,False,0,0.0
301.0,311.0,1582,37.5,176,6212.499472473816,10.0,False,True,False,0,0.0033333333333333335
302.2,311.5,1482,45.6,87,7076.877275182512,9.300000000000011,False,True,False,0,0.0
297.5,308.4,1440,35.9,13,5413.592460665931,10.899999999999977,False,True,False,0,0.0
302.5,312.0,1451,43.2,189,6564.169354116658,9.5,False,False,True,0,0.0
302.3,311.7,1442,41.7,127,6296.9454830023105,9.399999999999977,False,False,True,0,0.0033333333333333335
301.8,311.2,1417,55.9,156,8294.883218954787,9.399999999999977,False,True,False,0,0.02
303.4,311.7,1353,44.1,192,6248.345044651275,8.300000000000011,False,False,True,1,0.3933333333333333
298.5,308.9,1500,40.3,207,6330.309196983432,10.399999999999977,True,False,False,0,0.09
300.5,311.5,1487,43.0,78,6695.885862106165,11.0,False,True,False,0,0.006666666666666667
299.2,310.3,1507,41.3,158,6517.663310868016,11.100000000000023,False,True,False,0,0.0
299.7,309.2,1412,45.4,147,6713.038957994765,9.5,False,True,False,0,0.0
301.5,310.4,1425,54.4,7,8117.875416876025,8.899999999999977,False,True,False,0,0.0
300.5,311.9,1546,39.4,203,6378.731611750763,11.399999999999977,False,True,False,0,0.023333333333333334
304.1,313.2,1586,34.6,139,5746.559394044402,9.099999999999966,True,False,False,0,0.0
303.2,311.5,1544,42.5,227,6871.710330952074,8.300000000000011,False,True,False,0,0.05333333333333334
297.2,307.9,1309,49.6,167,6799.076708801078,10.699999999999989,False,True,False,0,0.0033333333333333335
300.6,310.3,1614,32.7,0,5526.87829175438,9.699999999999989,False,False,True,0,0.0
298.2,308.9,1605,32.0,79,5378.406622945726,10.699999999999989,False,True,False,0,0.0
299.6,311.0,1552,33.2,139,5395.831990197637,11.399999999999977,False,True,False,0,0.0
297.5,309.4,1803,24.7,98,4663.60004647444,11.899999999999977,False,True,False,0,0.0
297.2,308.5,1604,40.7,158,6836.398829525726,11.300000000000011,False,False,True,0,0.0
300.6,310.3,1794,24.4,211,4583.960672705939,9.699999999999989,False,True,False,0,0.03666666666666667
302.9,312.4,1383,51.4,160,7444.129456387159,9.5,False,True,False,0,0.0033333333333333335
300.6,310.7,1457,36.7,193,5599.564273782935,10.099999999999966,False,False,True,0,0.0
300.3,311.8,1488,38.4,51,5983.603031733263,11.5,False,True,False,0,0.0
303.6,312.7,1765,27.5,115,5082.835114120487,9.099999999999966,False,False,True,0,0.0
302.7,310.5,1398,47.3,70,6924.63569518955,7.800000000000011,False,False,True,0,0.07666666666666666
299.1,310.3,1459,46.7,84,7135.111931004555,11.199999999999989,False,True,False,0,0.0
297.5,308.3,1674,30.0,54,5259.026102109314,10.800000000000011,True,False,False,0,0.0
298.4,309.4,1540,43.2,141,6966.795868600725,11.0,False,True,False,0,0.0
300.1,311.4,1342,48.5,203,6815.894701473296,11.299999999999955,False,False,True,0,0.04
300.5,309.8,1345,62.7,153,8831.174028873587,9.300000000000011,False,True,False,0,0.17666666666666667
297.4,308.7,1798,23.0,135,4330.58075321841,11.300000000000011,False,False,True,0,0.0
298.4,309.1,1423,48.0,135,7152.778153693242,10.700000000000045,False,True,False,0,0.0
296.6,307.3,1474,40.0,158,6174.276761855141,10.699999999999989,False,True,False,0,0.0
300.6,309.6,1426,53.6,66,8004.107874914028,9.0,False,True,False,0,0.0
298.2,308.7,1408,40.0,9,5897.816608339239,10.5,False,True,False,0,0.0
298.9,310.1,1313,56.8,171,7809.831785216034,11.200000000000045,False,False,True,0,0.0
301.7,310.1,1462,38.3,49,5863.740800023301,8.400000000000034,True,False,False,0,0.0
296.8,307.7,1565,40.1,89,6571.845312166928,10.899999999999977,False,True,False,0,0.0
302.2,311.3,1510,36.6,91,5787.441986443117,9.100000000000023,False,False,True,0,0.0
298.8,309.5,1368,44.7,147,6403.571137665148,10.699999999999989,False,True,False,0,0.0033333333333333335
296.2,307.2,1552,34.8,8,5655.872086110776,11.0,False,False,True,0,0.0
300.5,309.6,1390,48.4,194,7045.1262454302305,9.100000000000023,False,True,False,0,0.0033333333333333335
300.0,309.6,1571,33.1,65,5445.437738197821,9.600000000000023,False,True,False,0,0.0
303.5,312.3,1946,21.1,112,4299.855977066302,8.800000000000011,False,True,False,0,0.0
301.4,311.3,2323,15.9,50,3867.897459173218,9.900000000000034,False,True,False,0,0.023333333333333334
303.1,311.4,1831,23.3,161,4467.585608841461,8.299999999999955,False,False,True,0,0.0
299.4,309.0,1381,44.9,88,6493.347383729231,9.600000000000023,False,False,True,0,0.0033333333333333335
301.0,310.6,1460,53.6,74,8194.949156644096,9.600000000000023,False,False,True,0,0.0
298.5,308.8,1305,58.7,26,8021.899761308858,10.300000000000011,False,True,False,0,0.0
300.3,309.5,1438,44.0,59,6625.828345931112,9.199999999999989,True,False,False,0,0.0033333333333333335
297.7,308.9,1479,40.9,87,6334.613178918851,11.199999999999989,True,False,False,0,0.0
297.8,308.5,1699,27.8,199,4946.1444177627955,10.699999999999989,False,True,False,0,0.0
300.8,310.9,1425,44.0,33,6565.928646002667,10.099999999999966,True,False,False,0,0.006666666666666667
300.8,310.6,1545,37.5,155,6067.200812245288,9.800000000000011,False,False,True,0,0.0
301.3,310.7,1516,46.0,119,7302.736843024594,9.399999999999977,False,True,False,0,0.02666666666666667
301.0,310.4,1614,31.6,84,5340.958838514936,9.399999999999977,False,True,False,0,0.0
298.8,309.0,1592,38.2,169,6368.469075749037,10.199999999999989,False,False,True,0,0.0
297.6,308.6,1480,39.8,19,6168.412455568438,11.0,True,False,False,0,0.0
303.8,313.2,1710,26.5,190,4745.375703247382,9.399999999999977,False,False,True,0,0.0
300.8,310.7,1572,36.2,167,5959.224272741407,9.899999999999977,False,False,True,0,0.0
297.3,308.4,1472,41.3,67,6366.290904842548,11.099999999999966,False,True,False,0,0.0
303.8,313.2,1336,47.8,176,6687.487337745568,9.399999999999977,False,True,False,0,0.0
300.5,311.6,1658,30.4,170,5278.210761247235,11.100000000000023,False,False,True,0,0.0
298.3,308.0,1578,37.8,101,6246.365841279514,9.699999999999989,False,True,False,0,0.0
301.8,310.2,2825,5.8,215,1715.8331876356253,8.399999999999977,False,True,False,1,0.6866666666666666
299.8,309.6,1346,53.2,95,7498.688448804501,9.800000000000011,False,False,True,0,0.0
301.6,310.1,1687,26.6,16,4699.215235190637,8.5,False,True,False,0,0.0
300.5,309.5,1691,27.6,67,4887.438523042713,9.0,False,False,True,0,0.0
297.1,308.1,1754,30.3,206,5565.457049540462,11.0,False,True,False,0,0.03666666666666667
301.1,311.1,1799,21.7,206,4088.0812162878137,10.0,False,True,False,0,0.04666666666666667
298.5,310.2,1676,32.7,18,5739.187123283978,11.699999999999989,False,True,False,0,0.0
297.4,308.6,1446,48.1,88,7283.531239935649,11.200000000000045,False,True,False,0,0.0
300.3,311.1,1480,46.6,185,7222.312071092695,10.800000000000011,False,True,False,0,0.0
303.1,311.3,1494,42.7,221,6680.471114152551,8.199999999999989,True,False,False,0,0.06333333333333334
297.9,307.7,1567,34.7,74,5694.126212655989,9.800000000000011,False,True,False,0,0.0
300.0,309.2,1566,34.4,18,5641.29509619812,9.199999999999989,False,True,False,0,0.0
298.3,308.6,1548,40.3,140,6532.879091286903,10.300000000000011,False,True,False,0,0.0
303.0,311.2,1503,37.0,152,5823.570301959399,8.199999999999989,True,False,False,0,0.0
297.4,308.8,1353,49.4,188,6999.2799366388435,11.400000000000034,False,True,False,0,0.0033333333333333335
302.2,311.6,1462,50.0,51,7655.014099247129,9.400000000000034,False,True,False,0,0.0
298.4,309.7,1419,41.3,159,6137.069832861124,11.300000000000011,False,True,False,0,0.0033333333333333335
297.3,308.5,1350,57.6,186,8143.008158104743,11.199999999999989,False,True,False,0,0.11666666666666667
300.5,310.5,1469,42.9,14,6599.44943961647,10.0,False,False,True,0,0.0
300.6,309.4,2496,13.5,111,3528.6368685120556,8.799999999999955,False,True,False,0,0.14666666666666667
302.4,311.9,1398,50.1,188,7334.550704629946,9.5,False,False,True,0,0.0033333333333333335
302.3,310.2,1394,55.4,57,8087.2553604790355,7.899999999999977,False,True,False,0,0.08333333333333333
301.6,311.2,1525,43.7,91,6978.786280561926,9.599999999999966,False,True,False,0,0.0
301.7,310.5,1567,39.1,114,6416.147980255018,8.800000000000011,False,True,False,0,0.0033333333333333335
301.2,310.8,1479,38.2,139,5916.435780799514,9.600000000000023,False,True,False,0,0.0
302.3,311.7,1414,47.0,11,6959.465485742348,9.399999999999977,False,True,False,0,0.0
298.6,308.4,1407,50.5,164,7440.705120394746,9.799999999999955,True,False,False,0,0.0033333333333333335
301.3,310.9,1512,36.9,159,5842.608353440153,9.599999999999966,False,False,True,0,0.0
301.0,311.7,1547,34.5,152,5589.050410368921,10.699999999999989,False,True,False,0,0.0
301.4,310.6,1550,36.8,159,5973.214832025393,9.200000000000045,False,True,False,0,0.0
298.2,308.4,1424,47.6,179,7098.156329422827,10.199999999999989,False,True,False,0,0.0
298.3,309.7,1484,44.3,173,6884.402365272576,11.399999999999977,False,True,False,0,0.0
298.4,307.9,1446,45.3,23,6859.541895407169,9.5,False,True,False,0,0.0
297.8,309.0,1434,43.3,96,6502.2799788409375,11.199999999999989,False,False,True,0,0.0
296.9,308.1,1440,46.3,64,6981.875513337956,11.200000000000045,False,False,True,0,0.0
298.8,309.6,1442,50.0,104,7550.294344127469,10.800000000000011,False,True,False,0,0.0
297.3,308.5,1384,39.6,144,5739.312786990122,11.199999999999989,False,True,False,0,0.0
298.6,309.5,1730,30.2,41,5471.188325981744,10.899999999999977,False,True,False,0,0.0
301.5,310.9,1524,40.4,124,6447.553434815404,9.399999999999977,True,False,False,0,0.0
301.0,311.4,1484,36.2,188,5625.629020832219,10.399999999999977,False,True,False,0,0.0
300.0,309.3,1395,56.5,122,8253.749299143785,9.300000000000011,False,True,False,0,0.0
298.0,309.2,1527,32.4,99,5180.988940594142,11.199999999999989,False,True,False,0,0.0
300.8,311.7,1426,45.5,16,6794.531871428885,10.899999999999977,False,True,False,0,0.0
295.9,306.6,1414,50.2,51,7433.301433707787,10.700000000000045,False,True,False,0,0.0
300.7,309.5,1622,30.5,14,5180.591005524689,8.800000000000011,False,False,True,0,0.0
301.4,310.6,1557,38.2,157,6228.458763154052,9.200000000000045,False,True,False,0,0.0
301.5,310.6,1638,31.9,137,5471.837588463486,9.100000000000023,False,False,True,0,0.0
298.9,310.1,1577,41.4,80,6836.922428301323,11.200000000000045,False,True,False,0,0.0
298.0,307.7,1442,43.6,148,6583.856668079154,9.699999999999989,False,True,False,0,0.0
300.3,311.7,1236,57.5,12,7442.43299635422,11.399999999999977,False,False,True,0,0.01
304.0,313.2,1517,43.1,96,6846.86033306218,9.199999999999989,True,False,False,0,0.0
297.5,308.8,1360,50.7,190,7220.636555010781,11.300000000000011,False,True,False,0,0.02
301.1,309.6,1501,36.1,156,5674.355122889396,8.5,False,True,False,0,0.0
301.2,310.4,1470,44.0,113,6773.273761139594,9.199999999999989,False,True,False,0,0.0
297.9,309.1,1521,36.1,15,5749.96278608579,11.200000000000045,False,True,False,0,0.0
300.8,310.8,1520,38.0,45,6048.613055711548,10.0,False,False,True,0,0.0
298.8,308.2,1450,44.7,14,6787.410928080749,9.399999999999977,True,False,False,0,0.006666666666666667
299.3,310.5,1818,26.0,102,4949.893384996078,11.199999999999989,False,True,False,0,0.0
301.3,310.7,1594,34.1,172,5692.084177431155,9.399999999999977,False,True,False,0,0.0
298.9,310.4,1739,26.3,30,4789.431304226224,11.5,False,True,False,0,0.0
300.1,309.2,1421,42.5,61,6324.287811064053,9.099999999999966,False,True,False,0,0.0
303.3,311.3,1409,51.8,16,7643.096991114511,8.0,False,True,False,0,0.01
301.4,311.1,1462,37.1,41,5680.02046164137,9.700000000000045,False,True,False,0,0.0
300.2,311.5,1549,37.2,67,6034.245505309131,11.300000000000011,False,True,False,0,0.0
302.6,310.4,1359,57.2,67,8140.369220275728,7.7999999999999545,False,True,False,1,0.8933333333333333
298.6,309.7,1280,64.1,71,8592.046468057846,11.099999999999966,False,False,True,0,0.06333333333333334
297.6,308.3,1658,34.3,59,5955.349641801979,10.699999999999989,False,True,False,0,0.0
298.9,310.2,1359,56.9,166,8097.674976113442,11.300000000000011,False,True,False,0,0.02666666666666667
299.2,308.2,1674,28.2,14,4943.484535982755,9.0,False,False,True,0,0.006666666666666667
297.5,308.6,1510,35.5,155,5613.502473189362,11.100000000000023,False,False,True,0,0.0
303.4,312.2,1561,38.2,45,6244.459941736336,8.800000000000011,False,False,True,0,0.0
298.2,308.9,1592,35.2,142,5868.327525297543,10.699999999999989,False,False,True,0,0.0
298.7,310.1,1506,50.7,53,7995.793126357526,11.400000000000034,False,False,True,0,0.0
302.6,311.9,1598,35.5,69,5940.646988183179,9.299999999999955,False,True,False,0,0.0
300.2,309.5,2183,17.8,39,4069.1374125866673,9.300000000000011,False,True,False,0,0.0
298.5,309.2,1721,29.4,170,5298.547337691472,10.699999999999989,False,False,True,0,0.0
297.4,308.2,1471,46.5,25,7162.988329817408,10.800000000000011,False,True,False,0,0.0
299.3,309.0,1508,35.0,70,5527.1086752156425,9.699999999999989,True,False,False,0,0.0
298.9,309.3,1581,30.7,65,5082.7513383163905,10.400000000000034,False,False,True,0,0.0
300.3,311.8,1413,46.0,182,6806.574643267645,11.5,False,True,False,0,0.0
300.7,311.8,1407,42.4,224,6247.245487222519,11.100000000000023,False,False,True,0,0.05
300.3,309.6,1600,34.6,177,5797.285643424365,9.300000000000011,False,True,False,0,0.0
298.1,308.5,1372,51.1,116,7341.81825563525,10.399999999999977,False,False,True,0,0.0033333333333333335
297.3,308.7,1352,53.8,91,7617.063659991763,11.399999999999977,False,True,False,0,0.0
298.5,309.3,1498,34.6,46,5427.708683656062,10.800000000000011,False,False,True,0,0.0
298.6,309.4,1375,55.4,145,7977.027346240083,10.799999999999955,False,True,False,0,0.0033333333333333335
302.1,311.0,1586,35.1,142,5829.602159854292,8.899999999999977,False,True,False,0,0.0
298.6,309.5,1366,55.0,65,7867.595202140039,10.899999999999977,False,False,True,0,0.0
297.6,309.4,1628,33.4,229,5694.157628582524,11.799999999999955,False,True,False,0,0.01
301.6,309.8,1588,33.9,89,5637.399521307668,8.199999999999989,False,True,False,0,0.0
301.6,310.6,1506,43.4,222,6844.525082523011,9.0,False,True,False,0,0.03333333333333333
300.1,310.4,1480,37.1,77,5749.952314110279,10.299999999999955,False,False,True,0,0.0
299.0,308.9,1511,35.9,16,5680.512644490433,9.899999999999977,False,True,False,0,0.0
302.2,310.0,1483,48.7,20,7563.080626227581,7.800000000000011,False,True,False,0,0.0033333333333333335
297.6,308.7,1476,39.0,44,6028.087983708096,11.099999999999966,False,True,False,0,0.0
301.7,310.7,1763,25.9,3,4781.682042347368,9.0,False,True,False,0,0.0
297.3,308.6,1446,50.1,144,7586.380771741705,11.300000000000011,False,True,False,0,0.0
300.6,310.6,1508,34.8,62,5495.525197071553,10.0,False,True,False,0,0.0
297.2,308.6,1366,50.4,74,7209.578148870144,11.400000000000034,False,True,False,0,0.01
296.8,307.6,1338,44.4,128,6221.107436344651,10.800000000000011,False,True,False,0,0.0
303.4,311.8,1306,61.0,215,8342.604011362815,8.400000000000034,False,True,False,1,0.8966666666666666
301.2,310.6,1437,51.2,112,7704.693151075897,9.400000000000034,False,True,False,0,0.0
303.8,313.1,1422,42.4,152,6313.847251478623,9.300000000000011,False,True,False,0,0.0
303.4,311.8,1341,47.0,210,6600.172005926796,8.400000000000034,False,False,True,1,0.63
301.6,310.6,1621,33.7,137,5720.599366750238,9.0,False,True,False,0,0.0
299.3,309.3,1471,46.0,42,7085.9669499268975,10.0,False,False,True,0,0.0
297.2,308.5,1513,42.9,212,6797.11844938034,11.300000000000011,False,True,False,0,0.01
304.4,313.6,1507,43.1,13,6801.726118605607,9.200000000000045,False,True,False,0,0.02
301.1,310.7,1367,43.4,111,6212.792687788151,9.599999999999966,False,False,True,0,0.0
299.8,309.2,1678,29.8,202,5236.448522905515,9.399999999999977,False,False,True,0,0.04
299.7,309.2,1691,27.7,203,4905.146633633447,9.5,True,False,False,0,0.07333333333333333
303.5,312.2,1511,37.1,27,5870.390504473399,8.699999999999989,False,True,False,0,0.0
298.1,308.7,1315,56.8,59,7821.7279493976275,10.599999999999966,False,False,True,0,0.0
301.1,311.1,1570,41.6,202,6839.456646375219,10.0,False,True,False,0,0.0
300.6,309.5,1437,40.0,55,6019.291524278044,8.899999999999977,False,True,False,0,0.0
303.4,311.5,1560,36.4,114,5946.40657471476,8.100000000000023,False,False,True,0,0.0
298.3,308.9,1708,28.0,42,5008.117568842609,10.599999999999966,False,True,False,0,0.0
302.5,310.3,1551,37.3,168,6058.278689109093,7.800000000000011,False,True,False,0,0.0
301.6,310.0,1566,30.3,79,4968.9314364768325,8.399999999999977,False,True,False,0,0.0
298.0,308.7,1392,53.4,104,7784.112613358647,10.699999999999989,False,False,True,0,0.0
299.4,309.3,1534,37.5,39,6024.003913258429,9.900000000000034,True,False,False,0,0.0
301.3,310.6,1527,44.0,114,7035.9109069797005,9.300000000000011,True,False,False,0,0.0
301.8,310.3,1482,41.4,63,6425.059631415701,8.5,False,True,False,0,0.0033333333333333335
298.8,309.9,1495,35.2,60,5510.772393416976,11.099999999999966,False,False,True,0,0.0
297.9,307.6,1430,52.4,178,7846.860690626346,9.700000000000045,False,True,False,0,0.01
299.8,309.7,1556,37.7,124,6142.986499025386,9.899999999999977,False,False,True,0,0.0
302.2,310.8,1340,47.8,54,6707.509754924447,8.600000000000023,False,True,False,0,0.8433333333333334
298.0,307.5,1618,35.2,31,5964.167045183055,9.5,False,True,False,0,0.0
297.3,308.3,1501,38.2,2,6004.442263002076,11.0,False,False,True,0,0.0
301.1,310.8,1521,41.0,99,6530.428649017103,9.699999999999989,False,True,False,0,0.0
298.8,310.0,1423,42.1,154,6273.582505635114,11.199999999999989,False,True,False,0,0.0
300.6,310.8,1533,38.5,117,6180.612307039879,10.199999999999989,False,True,False,0,0.0
299.8,309.9,1553,36.6,157,5952.249937050437,10.099999999999966,False,True,False,0,0.0
302.7,312.3,1858,25.4,2,4942.060347313128,9.600000000000023,False,True,False,0,0.0
297.9,309.2,1529,38.1,96,6100.438862520268,11.300000000000011,False,False,True,0,0.0
298.7,309.8,1501,44.7,48,7026.140553827036,11.100000000000023,False,False,True,0,0.0
301.1,310.7,1334,48.2,106,6733.35459048798,9.599999999999966,False,True,False,0,0.0
298.7,309.7,1667,30.4,92,5306.862086247974,11.0,False,True,False,0,0.0
299.0,308.6,1587,38.6,124,6414.943703071142,9.600000000000023,False,True,False,0,0.0
299.7,310.2,1440,42.8,30,6454.087947534871,10.5,False,False,True,0,0.0033333333333333335
297.3,308.4,1864,23.1,90,4509.065103844358,11.099999999999966,True,False,False,0,0.0
300.0,310.1,1714,28.7,55,5151.353249895279,10.100000000000023,True,False,False,0,0.0
300.0,309.6,1587,32.6,152,5417.802194821742,9.600000000000023,False,False,True,0,0.0
298.1,307.7,1289,48.3,42,6519.715818068362,9.599999999999966,False,True,False,0,0.0
302.4,311.4,1475,40.4,126,6240.250207580526,9.0,False,True,False,0,0.0
300.4,310.5,1402,54.3,44,7972.168349602531,10.100000000000023,False,True,False,0,0.0033333333333333335
302.5,312.0,1495,38.8,186,6074.374115470984,9.5,False,True,False,0,0.0
300.7,310.6,1349,54.5,19,7699.048756274946,9.900000000000034,False,False,True,0,0.006666666666666667
299.6,309.0,1472,48.8,72,7522.397001363591,9.399999999999977,False,True,False,0,0.0
299.3,309.0,1449,46.5,121,7055.860020329997,9.699999999999989,False,True,False,0,0.0
301.2,310.3,1497,45.7,76,7164.182135025772,9.100000000000023,False,True,False,0,0.0
301.5,310.5,1503,38.2,200,6012.4428522932185,9.0,False,False,True,0,0.0
299.3,310.4,1365,53.9,171,7704.598903296288,11.099999999999966,False,True,False,0,0.013333333333333334
299.3,309.3,1325,62.0,47,8602.727883080051,10.0,False,True,False,0,0.07666666666666666
300.2,311.8,1464,44.5,179,6822.282606535595,11.600000000000023,False,True,False,0,0.0
300.0,309.0,1454,51.7,2,7871.9724879040405,9.0,False,True,False,0,0.0033333333333333335
302.1,311.2,1550,34.8,177,5648.583591154447,9.099999999999966,False,True,False,0,0.0
297.4,308.2,1533,37.4,115,6004.023383981596,10.800000000000011,False,True,False,0,0.0
297.9,307.3,1502,36.7,12,5772.508949363053,9.400000000000034,False,True,False,0,0.006666666666666667
297.2,307.9,1989,20.3,186,4228.238136539967,10.699999999999989,False,True,False,0,0.0
299.0,310.1,1886,21.2,13,4187.030912900381,11.100000000000023,False,True,False,0,0.0
302.0,310.8,1447,42.7,229,6470.309037602906,8.800000000000011,False,True,False,0,0.23
300.5,311.6,1534,37.7,90,6056.13193412914,11.100000000000023,False,True,False,0,0.0
299.6,308.9,1613,30.8,80,5202.519322246746,9.299999999999955,False,True,False,0,0.0
298.0,308.2,1514,37.9,9,6008.882380619149,10.199999999999989,False,True,False,0,0.0
297.3,308.7,1556,36.7,114,5980.042560059196,11.399999999999977,False,True,False,0,0.0
299.0,310.0,1488,46.3,198,7214.604697115888,11.0,False,False,True,0,0.0
299.2,310.7,1737,27.0,225,4911.251795356923,11.5,False,True,False,1,0.04
300.0,310.1,1314,53.5,199,7361.694065156962,10.100000000000023,False,False,True,0,0.01
298.5,310.0,1804,26.1,22,4930.666837956108,11.5,False,True,False,0,0.0
299.7,309.1,1352,46.1,102,6526.889121294059,9.400000000000034,False,False,True,0,0.0
296.3,307.4,1648,34.0,60,5867.657318864776,11.099999999999966,False,True,False,0,0.0
298.1,308.0,1426,46.0,61,6869.197056829203,9.899999999999977,False,True,False,0,0.0
297.7,308.2,2007,19.3,181,4056.330186535533,10.5,False,True,False,0,0.0
297.5,308.9,1581,30.4,155,5033.082758463135,11.399999999999977,False,True,False,0,0.0
301.1,310.5,1428,44.1,103,6594.70563470955,9.399999999999977,False,True,False,0,0.0
298.2,308.2,1478,50.1,166,7754.267483149542,10.0,False,True,False,0,0.006666666666666667
301.5,311.2,1700,28.8,39,5127.079210658542,9.699999999999989,False,True,False,0,0.0
301.7,310.6,1380,45.8,70,6618.707402582975,8.900000000000034,False,False,True,0,0.013333333333333334
300.6,312.0,1430,42.7,130,6394.292967361546,11.399999999999977,False,True,False,0,0.0
300.2,309.7,1771,27.1,104,5025.9303991884635,9.5,False,True,False,0,0.0
297.3,308.3,1459,59.6,207,9106.052914087184,11.0,False,False,True,1,0.33
301.6,309.9,1397,43.7,102,6393.025858324598,8.299999999999955,False,True,False,0,0.01
298.0,308.5,1666,31.0,198,5408.356472909948,10.5,False,False,True,0,0.0
296.9,307.9,1557,36.5,63,5951.276043327825,11.0,True,False,False,0,0.0
298.1,308.8,1378,53.5,65,7720.254506686677,10.699999999999989,False,False,True,0,0.0
299.6,309.4,1283,62.1,83,8343.47318533031,9.799999999999955,False,False,True,0,0.04
301.3,310.8,1560,38.5,52,6289.468492486765,9.5,False,True,False,0,0.0
299.0,310.0,1341,58.9,126,8271.279386150814,11.0,False,False,True,0,0.006666666666666667
297.3,307.9,1628,30.2,80,5148.609592311144,10.599999999999966,False,True,False,0,0.0
302.6,310.2,2157,17.2,94,3885.144802841425,7.599999999999966,False,False,True,0,0.01
298.5,308.2,1654,27.1,13,4693.895471630558,9.699999999999989,False,True,False,0,0.0
302.5,310.2,1563,34.8,150,5695.958808370581,7.699999999999989,False,True,False,0,0.0
296.1,307.0,1523,42.0,164,6698.503855984157,10.899999999999977,False,False,True,0,0.0
300.2,309.4,1526,35.3,46,5641.0228248348085,9.199999999999989,False,True,False,0,0.0
297.7,308.9,1573,35.1,9,5781.818535593192,11.199999999999989,False,False,True,0,0.0
304.2,313.6,1411,46.0,149,6796.940425796637,9.400000000000034,False,True,False,0,0.0
297.0,308.3,1492,48.1,137,7515.234170113407,11.300000000000011,False,True,False,0,0.0
300.4,309.5,1711,29.2,215,5231.924629484345,9.100000000000023,False,True,False,0,0.023333333333333334
300.3,311.7,1515,37.5,5,5949.39108773567,11.399999999999977,False,True,False,0,0.0
300.4,311.6,1518,36.4,53,5786.311013087824,11.200000000000045,False,False,True,0,0.0
297.8,309.7,1935,22.1,171,4478.183248059571,11.899999999999977,False,True,False,0,0.0
300.9,310.7,1477,43.2,143,6681.79058306706,9.800000000000011,False,True,False,0,0.0
303.7,312.8,1437,51.3,42,7719.74137988659,9.100000000000023,False,True,False,0,0.0033333333333333335
298.8,309.7,1499,40.3,154,6326.08899085211,10.899999999999977,False,False,True,0,0.0
300.1,309.7,1441,40.1,46,6051.136801809932,9.599999999999966,False,True,False,0,0.0
300.3,311.1,1477,44.2,166,6836.461661378797,10.800000000000011,False,False,True,0,0.0
299.2,310.6,1675,33.3,28,5841.006141186822,11.400000000000034,False,True,False,0,0.0
298.0,307.7,1643,32.3,200,5557.362212469712,9.699999999999989,False,True,False,0,0.0
297.7,307.4,1432,40.2,132,6028.339311120382,9.699999999999989,True,False,False,0,0.0033333333333333335
299.7,310.7,1498,37.8,146,5929.693301797662,11.0,False,False,True,0,0.0
303.8,312.4,1597,33.4,203,5585.730794131628,8.599999999999966,False,False,True,0,0.016666666666666666
301.0,310.1,1454,44.1,217,6714.7773059297515,9.100000000000023,True,False,False,0,0.11666666666666667
297.2,308.5,1574,35.8,95,5900.874425188732,11.300000000000011,False,True,False,0,0.0
301.6,309.8,1472,42.5,91,6551.267880285915,8.199999999999989,False,True,False,0,0.0033333333333333335
298.7,309.6,1442,55.6,194,8395.927310669746,10.900000000000034,False,True,False,0,0.27
300.7,310.6,1572,38.5,50,6337.849019352049,9.900000000000034,False,False,True,0,0.0
298.5,308.6,1384,54.4,44,7884.308475057135,10.100000000000023,False,False,True,0,0.0
300.7,310.6,1439,41.7,184,6283.8450416368405,9.900000000000034,False,False,True,0,0.0
298.0,309.4,1562,38.1,58,6232.103010632217,11.399999999999977,True,False,False,0,0.0
296.6,307.5,1485,42.7,204,6640.227312260066,10.899999999999977,False,True,False,0,0.0033333333333333335
302.4,311.0,1573,36.5,193,6012.432380317706,8.600000000000023,False,True,False,0,0.0
300.6,309.7,1593,32.4,76,5404.921664942023,9.099999999999966,False,True,False,0,0.0
303.5,312.0,1761,25.8,105,4757.8164101555985,8.5,False,True,False,0,0.0
302.1,311.2,1460,46.9,198,7170.580512063583,9.099999999999966,False,True,False,0,0.006666666666666667
303.1,311.2,1452,52.9,11,8043.608166545163,8.099999999999966,False,True,False,0,0.02666666666666667
299.3,308.6,1437,48.1,67,7238.198057944347,9.300000000000011,False,True,False,0,0.0033333333333333335
302.8,312.3,1483,47.2,223,7330.131530963898,9.5,True,False,False,0,0.15666666666666668
297.4,308.6,1476,42.3,107,6538.156966944934,11.200000000000045,False,True,False,0,0.0
302.8,311.1,1456,36.1,89,5504.237880697508,8.300000000000011,False,True,False,0,0.0
300.6,310.3,1648,30.5,217,5263.633771334579,9.699999999999989,False,True,False,1,0.09666666666666666
299.0,309.9,1411,44.7,94,6604.852978980646,10.899999999999977,False,True,False,0,0.0
298.1,308.7,1556,31.6,145,5149.028471331623,10.599999999999966,False,True,False,0,0.0
300.3,309.5,1551,37.9,42,6155.730893223447,9.199999999999989,False,True,False,0,0.0
301.8,310.9,1521,39.3,197,6259.654778204199,9.099999999999966,False,True,False,0,0.0
300.7,310.6,1474,37.0,33,5711.206004716005,9.900000000000034,False,False,True,0,0.0
300.1,311.6,1433,51.4,76,7713.259227044683,11.5,False,False,True,0,0.0033333333333333335
297.3,308.1,1369,52.0,214,7454.789927458341,10.800000000000011,False,False,True,0,0.07666666666666666
300.5,310.5,2633,12.2,17,3363.870805806783,10.0,False,True,False,1,0.9766666666666667
300.2,309.8,1487,39.2,122,6104.156413827016,9.600000000000023,False,False,True,0,0.0
301.1,310.8,1470,49.3,116,7589.145373276863,9.699999999999989,False,True,False,0,0.0
300.0,311.4,1352,61.8,10,8749.712531366004,11.399999999999977,False,False,True,0,0.013333333333333334
303.9,313.2,1570,40.7,74,6691.48763239114,9.300000000000011,False,False,True,0,0.0
300.7,309.6,1661,30.3,129,5270.367251588773,8.900000000000034,False,True,False,0,0.0
301.0,311.1,1420,47.4,167,7048.47727759406,10.100000000000023,False,False,True,0,0.0033333333333333335
300.7,310.6,1484,38.0,84,5905.356430707853,9.900000000000034,False,False,True,0,0.0
297.6,309.6,1428,46.6,13,6968.555160486736,12.0,True,False,False,0,0.01
300.1,310.1,1501,39.3,195,6177.3450506801455,10.0,False,False,True,0,0.0
298.9,310.2,1409,54.8,140,8085.747396005314,11.300000000000011,False,True,False,0,0.0
301.4,310.7,1376,50.6,25,7291.175782059384,9.300000000000011,False,True,False,0,0.006666666666666667
302.3,311.2,1507,47.7,70,7527.664405046113,8.899999999999977,False,False,True,0,0.006666666666666667
301.1,312.3,1852,25.9,131,5023.071549873696,11.199999999999989,False,False,True,0,0.0
297.6,309.5,1617,36.2,42,6129.812753831332,11.899999999999977,False,True,False,0,0.0
296.9,307.9,1626,29.9,177,5091.202222554547,11.0,False,True,False,0,0.0
301.9,309.6,1446,43.2,225,6541.549887010811,7.7000000000000455,False,True,False,0,0.11333333333333333
298.0,307.5,1644,32.8,215,5646.824299268437,9.5,False,True,False,0,0.09666666666666666
299.3,309.2,2280,15.4,207,3676.920041761494,9.899999999999977,False,True,False,0,0.17
298.3,309.1,1904,20.3,140,4047.544199080994,10.800000000000011,False,True,False,0,0.0
297.9,308.5,1300,53.0,172,7215.191127744559,10.600000000000023,False,False,True,0,0.0
301.8,309.9,1334,61.0,182,8521.465353107194,8.099999999999966,False,False,True,1,0.6
300.0,311.3,1629,32.1,55,5475.890242986617,11.300000000000011,False,False,True,0,0.0
299.9,309.3,1473,40.4,59,6231.788851366857,9.400000000000034,False,True,False,0,0.0
302.9,312.4,1561,34.8,150,5688.6703134142535,9.5,False,True,False,0,0.0
296.5,307.5,1443,41.8,87,6316.423357454566,11.0,False,True,False,0,0.0
300.3,309.5,1405,49.4,77,7268.284043590226,9.199999999999989,False,False,True,0,0.0
301.7,311.2,1639,30.0,161,5149.07035923367,9.5,True,False,False,0,0.0033333333333333335
301.7,311.0,1505,44.0,187,6934.54218402387,9.300000000000011,False,False,True,0,0.006666666666666667
297.0,307.7,1447,46.4,8,7030.968134538053,10.699999999999989,False,True,False,0,0.0
304.3,313.4,1482,43.8,41,6797.5268564253065,9.099999999999966,False,False,True,0,0.0
298.3,309.4,1378,52.3,12,7547.089919620807,11.099999999999966,False,True,False,0,0.0
302.4,311.5,1540,43.7,81,7047.430080042863,9.100000000000023,True,False,False,0,0.0
298.0,308.3,1362,56.8,216,8101.28780766507,10.300000000000011,False,True,False,1,0.7866666666666666
297.5,308.4,1793,23.9,28,4487.524250216244,10.899999999999977,True,False,False,0,0.0
299.1,308.1,1479,40.7,10,6303.637075354456,9.0,False,True,False,0,0.0
299.6,310.9,1716,28.5,117,5121.424343882081,11.299999999999955,False,True,False,0,0.0
303.6,312.3,1616,29.3,226,4958.354741209746,8.699999999999989,False,True,False,0,0.04
297.3,308.1,1506,36.0,150,5677.486243567474,10.800000000000011,False,True,False,0,0.0
299.4,309.1,1461,48.6,70,7435.584324369395,9.700000000000045,False,False,True,0,0.0
303.9,313.0,1620,36.6,80,6209.043720554867,9.100000000000023,False,False,True,0,0.0
297.3,307.9,1579,34.4,193,5688.125770687631,10.599999999999966,False,True,False,0,0.0033333333333333335
298.5,309.3,1630,33.3,116,5684.083588140012,10.800000000000011,False,True,False,0,0.0
300.6,310.2,1378,47.3,71,6825.570806846352,9.599999999999966,False,True,False,0,0.0
298.6,309.1,1423,44.3,29,6601.4181710127195,10.5,True,False,False,0,0.0
297.7,309.7,1440,51.1,191,7705.698460725045,12.0,True,False,False,0,0.006666666666666667
302.5,310.4,1509,37.6,45,5941.631353881304,7.899999999999977,False,False,True,0,0.0
302.6,311.6,1518,39.0,184,6199.6189425940975,9.0,False,False,True,0,0.0
297.0,308.1,1355,43.7,217,6200.823219777974,11.100000000000023,False,True,False,0,0.06666666666666667
304.1,313.2,1412,47.5,150,7023.55397587558,9.099999999999966,False,True,False,0,0.0033333333333333335
297.4,308.3,1706,30.9,9,5520.343779034912,10.900000000000034,False,True,False,0,0.0
296.8,307.5,1474,42.4,107,6544.733367566448,10.699999999999989,False,True,False,0,0.0
301.4,310.7,1516,36.4,83,5778.687414915114,9.300000000000011,True,False,False,0,0.0
303.7,312.9,1566,32.6,9,5346.111050466823,9.199999999999989,False,False,True,0,0.0
298.6,309.8,1370,56.0,0,8034.099612780297,11.199999999999989,False,True,False,0,0.006666666666666667
300.4,311.2,1705,28.7,20,5124.304137147872,10.800000000000011,False,True,False,0,0.0
304.1,313.3,1689,32.5,134,5748.329157905924,9.199999999999989,True,False,False,0,0.0
302.5,311.3,1393,47.5,130,6929.044396880087,8.800000000000011,True,False,False,0,0.0
298.2,308.3,1805,31.6,96,5973.005392515154,10.100000000000023,False,True,False,0,0.0
299.8,309.2,1491,47.5,216,7416.514856962104,9.399999999999977,False,True,False,0,0.01
303.7,312.3,1756,26.4,190,4854.640295739236,8.600000000000023,False,False,True,0,0.01
299.1,310.4,1422,49.3,69,7341.336544761699,11.299999999999955,False,False,True,0,0.006666666666666667
299.0,310.0,1360,48.1,37,6850.347500907664,11.0,False,True,False,0,0.0
297.0,307.7,1498,47.1,199,7388.58609827169,10.699999999999989,False,False,True,0,0.0
298.9,310.1,1523,39.1,53,6235.988113547156,11.200000000000045,False,True,False,0,0.0
303.3,311.8,1806,27.7,44,5238.731413567123,8.5,True,False,False,0,0.0
299.7,309.4,1445,42.9,55,6491.629979745268,9.699999999999989,False,True,False,0,0.0
297.4,308.4,1328,61.8,98,8594.392190572524,11.0,False,True,False,0,0.04
299.1,308.6,1260,57.8,152,7626.530325854581,9.5,False,True,False,0,0.013333333333333334
304.4,313.6,1569,38.4,11,6309.323358057453,9.200000000000045,False,True,False,0,0.016666666666666666
300.5,309.7,1887,24.3,28,4801.830123232391,9.199999999999989,False,True,False,0,0.0
301.4,310.1,1937,21.8,205,4421.9592115358255,8.700000000000045,False,True,False,0,0.11333333333333333
300.8,310.3,1526,36.3,205,5800.8251711474095,9.5,False,False,True,0,0.06
300.7,309.5,1838,24.9,66,4792.625256757372,8.800000000000011,False,False,True,0,0.0
296.5,307.5,1566,35.1,206,5756.088891760291,11.0,False,True,False,0,0.14666666666666667
299.8,309.3,1291,56.4,188,7624.896697674714,9.5,False,True,False,0,0.12666666666666668
302.8,312.3,1504,40.3,204,6347.190021508722,9.5,False,True,False,0,0.006666666666666667
299.9,310.5,1335,52.9,180,7395.466186183053,10.600000000000023,False,False,True,0,0.0
300.7,311.7,1395,43.7,215,6383.87335172714,11.0,False,True,False,0,0.03
301.6,310.8,1435,47.2,152,7092.878453764796,9.199999999999989,True,False,False,0,0.01
301.5,310.7,1408,47.3,79,6974.168139361149,9.199999999999989,False,True,False,0,0.01
299.4,309.1,1352,44.7,172,6328.675568803566,9.700000000000045,False,False,True,0,0.0
300.0,309.7,1529,42.4,107,6788.939836505495,9.699999999999989,True,False,False,0,0.0
302.5,311.9,1298,57.5,57,7815.758923355807,9.399999999999977,False,False,True,0,0.08
299.3,308.6,1744,26.4,33,4821.465077317328,9.300000000000011,False,True,False,0,0.0
297.1,308.5,1425,40.0,35,5969.026041820606,11.399999999999977,False,True,False,0,0.0
302.6,312.1,1420,51.6,182,7673.025897127711,9.5,False,True,False,0,0.01
300.8,311.3,1524,43.5,71,6942.291445902725,10.5,False,True,False,0,0.0
300.6,309.5,1557,33.8,84,5511.044664780286,8.899999999999977,False,False,True,0,0.0
303.9,313.0,1475,41.0,11,6332.9271908614255,9.100000000000023,False,False,True,0,0.0
299.4,309.2,1607,31.7,145,5334.623293330196,9.800000000000011,False,True,False,0,0.0033333333333333335
298.2,309.7,1585,37.4,118,6207.682363738311,11.5,False,True,False,0,0.0
297.8,307.2,1351,56.3,174,7965.120710082978,9.399999999999977,False,True,False,0,0.0033333333333333335
300.0,309.5,1717,28.3,48,5088.4480929949,9.5,False,True,False,0,0.0033333333333333335
300.8,310.9,1311,55.8,118,7660.648022072567,10.099999999999966,False,True,False,0,0.0
303.0,311.2,1374,48.2,65,6935.254278358684,8.199999999999989,False,True,False,1,0.9366666666666666
302.0,310.9,1455,43.2,220,6582.264927801336,8.899999999999977,False,True,False,0,0.19666666666666666
303.0,311.2,1664,29.8,186,5192.759441069593,8.199999999999989,False,True,False,0,0.0
297.6,308.4,1611,31.0,48,5229.809290430929,10.799999999999955,False,False,True,0,0.0
298.9,310.1,1495,42.9,175,6716.253854476939,11.200000000000045,False,True,False,0,0.0
297.2,308.5,1364,54.0,43,7713.238283093659,11.300000000000011,False,False,True,0,0.016666666666666666
300.9,311.4,1387,42.7,121,6202.017024986339,10.5,True,False,False,0,0.0
301.6,310.4,1561,35.3,156,5770.404082285148,8.799999999999955,False,True,False,0,0.0
299.2,308.9,1368,47.2,175,6761.712700174384,9.699999999999989,False,True,False,0,0.0
296.0,306.6,1392,51.3,124,7477.995825192856,10.600000000000023,False,False,True,0,0.0
300.0,309.6,1738,28.7,51,5223.484217221701,9.600000000000023,False,True,False,0,0.0
301.5,310.7,1618,35.5,218,6014.998014318137,9.199999999999989,False,True,False,0,0.11
300.8,312.0,1477,37.3,164,5769.231221027808,11.199999999999989,False,True,False,0,0.0
303.8,312.6,1577,41.3,134,6820.408122918952,8.800000000000011,False,True,False,0,0.0
297.5,309.4,1650,34.6,142,5978.450819781376,11.899999999999977,False,True,False,0,0.0
298.2,307.8,1411,53.4,110,7890.361276903052,9.600000000000023,False,False,True,0,0.0
302.1,310.1,1379,48.2,166,6960.491739342522,8.0,False,False,True,1,0.77
299.3,309.0,1420,41.6,155,6186.0053744285415,9.699999999999989,False,False,True,0,0.0
301.6,310.6,1834,23.5,146,4513.316725902217,9.0,False,True,False,0,0.006666666666666667
302.7,312.0,1944,21.4,71,4356.509364586038,9.300000000000011,False,False,True,0,0.0
302.9,311.2,1330,53.7,200,7479.189630401221,8.300000000000011,False,False,True,1,0.6366666666666667
300.5,311.7,1409,54.7,104,8070.992382508954,11.199999999999989,False,True,False,0,0.006666666666666667
298.7,310.1,1433,54.6,66,8193.462136121396,11.400000000000034,False,True,False,0,0.0033333333333333335
299.9,310.4,1408,38.4,144,5661.903944005669,10.5,False,True,False,0,0.0
303.3,312.6,1692,29.0,125,5138.388944211465,9.300000000000011,True,False,False,0,0.0
301.2,310.8,1396,47.4,5,6929.348084169935,9.600000000000023,False,False,True,0,0.0
300.8,310.5,1482,39.0,47,6052.5924064060955,9.699999999999989,False,True,False,0,0.0
298.7,308.4,1430,49.6,135,7427.562791127229,9.699999999999989,False,False,True,0,0.0
301.7,310.6,1486,38.5,78,5991.121910150856,8.900000000000034,False,True,False,0,0.0
302.6,311.6,1311,53.2,0,7303.700264771694,9.0,False,True,False,0,0.06333333333333334
301.7,310.0,1391,50.6,195,7370.6580761952055,8.300000000000011,False,False,True,0,0.03333333333333333
300.4,311.3,2026,20.3,26,4306.893144610343,10.900000000000034,True,False,False,0,0.0
298.1,308.0,1626,36.5,83,6215.012746596688,9.899999999999977,False,True,False,0,0.0
298.7,308.4,1750,25.8,72,4728.096943652638,9.699999999999989,False,True,False,0,0.0
302.2,310.9,1415,48.4,185,7171.837149125019,8.699999999999989,True,False,False,0,0.006666666666666667
300.9,311.5,1836,21.8,12,4191.387254713359,10.600000000000023,False,False,True,0,0.0
299.2,308.9,1521,42.3,215,6737.491020815205,9.699999999999989,False,False,True,0,0.006666666666666667
296.4,307.4,1403,48.4,70,7111.015915351521,11.0,False,True,False,0,0.0
298.7,309.8,1475,40.5,59,6255.696371460676,11.100000000000023,False,False,True,0,0.0033333333333333335
297.9,309.4,1558,35.7,39,5824.5756116085495,11.5,False,True,False,0,0.0
301.4,310.8,1389,52.7,125,7665.517490685631,9.400000000000034,False,True,False,0,0.0
298.9,309.3,1375,42.7,58,6148.358622463025,10.400000000000034,True,False,False,0,0.0
299.1,308.8,1566,46.6,192,7641.986961710244,9.699999999999989,True,False,False,0,0.0
298.2,308.8,1456,41.2,150,6281.844894314055,10.600000000000023,False,False,True,0,0.0
299.3,310.6,1480,45.1,107,6989.83421472705,11.300000000000011,False,True,False,0,0.0
300.5,311.8,1591,42.0,182,6997.583476605906,11.300000000000011,False,False,True,0,0.0033333333333333335
299.2,308.4,1402,47.7,24,7003.175511529295,9.199999999999989,False,True,False,0,0.0033333333333333335
300.3,311.4,1554,34.3,99,5581.793331339129,11.099999999999966,False,False,True,0,0.0
298.4,308.2,1468,43.8,2,6733.312702585931,9.800000000000011,False,False,True,0,0.0
299.7,310.3,1505,37.7,4,5941.6418258568165,10.600000000000023,False,True,False,0,0.0
295.6,306.2,1650,28.2,35,4872.610205717769,10.599999999999966,False,True,False,0,0.0
300.8,311.3,1498,40.2,73,6306.181765403864,10.5,False,True,False,0,0.0
297.9,307.3,1824,26.3,5,5023.532316796223,9.400000000000034,False,True,False,0,0.0033333333333333335
300.9,309.7,1431,41.4,199,6203.954340456052,8.800000000000011,False,True,False,0,0.0
298.9,310.1,1602,38.2,58,6408.472022204747,11.200000000000045,False,True,False,0,0.0
299.3,308.7,1408,44.4,82,6546.576435256555,9.399999999999977,True,False,False,0,0.0
301.9,311.5,1492,40.8,150,6374.66848525212,9.600000000000023,False,False,True,0,0.0033333333333333335
299.9,309.2,1560,38.9,180,6354.813619681433,9.300000000000011,False,True,False,0,0.0033333333333333335
298.4,309.1,1579,36.1,123,5969.225009355334,10.700000000000045,False,True,False,0,0.0
298.8,309.1,1512,40.7,156,6444.286178455671,10.300000000000011,False,True,False,0,0.0
298.3,307.9,1485,42.0,117,6531.371126813179,9.599999999999966,False,False,True,0,0.0
298.3,308.1,1505,46.1,80,7265.508970079554,9.800000000000011,False,True,False,0,0.0
300.1,309.6,1546,36.7,77,5941.61040993028,9.5,False,True,False,0,0.0
303.4,312.8,1526,30.8,37,4921.912266428105,9.400000000000034,False,False,True,0,0.0
300.0,310.1,1465,40.9,60,6274.650647137333,10.100000000000023,False,True,False,0,0.0
303.5,312.9,1275,64.4,113,8598.539092875264,9.399999999999977,False,True,False,0,0.17
303.1,311.2,1394,45.3,144,6612.864040247298,8.099999999999966,False,True,False,0,0.07666666666666666
300.3,309.9,1494,38.5,33,6023.37559472771,9.599999999999966,False,False,True,0,0.0
298.7,309.6,1686,26.2,189,4625.806686851754,10.900000000000034,False,False,True,0,0.02
299.7,310.3,1661,34.5,6,6000.9132072545435,10.600000000000023,False,False,True,0,0.0
