pipe_age_years,avg_pressure_bar,pressure_variance,night_flow_lps,flow_variance,complaint_count_30d,material_score,zone_id,actual_leak,predicted_probability,explanation,likely_cause
5.56721000205682,4.787488130417415,0.2547784828234845,1.1252247578651504,0.5998586692206461,0,0.9616943425160352,Zone-03,0,0.27,Elevated pipe material risk and pipe age,Aging infrastructure
16.409194613743555,4.738162823051829,0.24316880593944856,1.1183016077090648,0.25352173880822587,1,0.03716611284428528,Zone-05,0,0.12333333333333334,Elevated pipe material risk and night flow,
11.717945706499197,5.95503800793316,0.3536289209692119,2.177790564157439,1.055922538195412,0,0.6151156081733508,Zone-26,1,0.16,Elevated average pressure and flow fluctuation,
41.38694855778803,2.7363675950657536,0.4079287500519849,5.219040551786165,0.1082082207753236,1,0.9464397337431734,Zone-23,1,0.7966666666666666,Elevated night flow and pipe age,Suspected active leak (flow signature)
60.0,4.875284135919263,0.1969042023715259,3.3074599753726908,0.7015127440359643,0,0.28497224979840574,Zone-23,1,0.54,Elevated pipe age and night flow,Aging infrastructure
8.921908853851516,5.314797201379832,0.43007971633238656,1.4971154167888971,0.41376590649817513,1,0.38818668770789144,Zone-11,0,0.23,Elevated pipe age and night flow,
11.853280727350219,3.640469161069374,0.020614937008756645,0.45945083586252733,0.019109910549374207,0,0.7916245172784302,Zone-24,0,0.14666666666666667,Elevated night flow and pipe material risk,
37.25261392131108,5.012714044123538,0.007742896699938757,2.567943219884877,0.5098750264167912,0,0.40665191588463756,Zone-03,0,0.53,Elevated pipe age and pressure fluctuation,Aging infrastructure
17.170106838551032,4.336490308698846,0.1776162646806922,1.1083700356776598,0.14573584280448493,2,0.048908828249450864,Zone-12,0,0.2,Elevated pipe material risk and night flow,
11.436320643559055,5.317798223020826,0.04495218652726913,8.025669682111014,0.9861515675115519,0,0.8092925143565469,Zone-09,1,0.9133333333333333,Elevated night flow and pipe material risk,Suspected active leak (flow signature)
27.039873002636284,3.8544392764275712,0.09127241301843962,0.25002311403444405,0.07549463310941618,2,0.410960782918927,Zone-29,0,0.12333333333333334,Elevated night flow and flow fluctuation,
9.902560821844354,6.046890460938026,0.5594900537480593,6.855368813017838,0.278628124673174,0,0.28926652416899856,Zone-25,1,0.8133333333333334,Elevated night flow and average pressure,Suspected active leak (flow signature)
33.367973515600085,5.2603518761035195,0.6195708583875602,4.254381077000711,0.05927960754707677,4,0.5315841747305899,Zone-13,1,0.7866666666666666,Elevated night flow and pipe age,Suspected active leak (flow signature)
11.45409624857165,3.7133538895138147,0.14287044302221763,2.122160451359199,0.20574700525129042,2,0.7341836695281027,Zone-27,0,0.28,Elevated pipe age and average pressure,Aging infrastructure
38.61358002234785,5.006564471641214,0.2782076511823632,5.314769477562093,0.479053310340102,2,0.4689873273214826,Zone-25,1,0.8966666666666666,Elevated night flow and pipe age,Suspected active leak (flow signature)
10.334246772383722,4.039771003931231,0.1765821273109768,2.471292022981991,0.6748750465648307,1,0.038433026419515626,Zone-17,0,0.12,Elevated pipe material risk and pipe age,
13.112250407974264,5.962517439447861,0.7433496948931889,4.59208735422415,0.12293383562664775,4,0.36522346532425565,Zone-01,1,0.67,Elevated night flow and average pressure,Suspected active leak (flow signature)
22.358579799876498,4.195831075635797,0.37786978316642816,6.854862454384171,0.4207131895813084,0,0.9212747172490376,Zone-05,1,0.87,Elevated night flow and pipe material risk,Suspected active leak (flow signature)
38.23603117728263,2.685798152439286,0.29919890886281586,4.434253425507478,0.506424462189897,1,0.8765001370386457,Zone-20,1,0.72,Elevated average pressure and pipe age,Pressure-related stress
18.51176019731244,4.86061475561751,0.06370763843791213,5.996096345910703,0.17131034829227465,0,0.824665900517614,Zone-26,0,0.8633333333333333,Elevated night flow and pipe material risk,Suspected active leak (flow signature)
28.153946418874295,4.030923964592602,1.2000503444945598,3.3088502703145277,0.07512250996576644,2,0.5658982181152818,Zone-06,1,0.8433333333333334,Elevated pressure fluctuation and pipe age,Pressure-related stress
9.92123811452965,4.155407872996918,0.3771651326248205,2.505045584462559,0.5855810170382308,1,0.9272535572765392,Zone-11,0,0.42,Elevated pipe material risk and pipe age,Aging infrastructure
26.079777098677766,3.2318102427651576,0.03760340027159344,2.6037139863125236,1.3904453570165616,1,0.844922063927097,Zone-22,1,0.47333333333333333,Elevated flow fluctuation and average pressure,Suspected active leak (flow signature)
6.663246206870762,6.022327172959171,0.17960779819548264,1.990885758922932,0.0784497625781668,0,0.34394497870199514,Zone-30,0,0.14,Elevated average pressure and pipe age,
23.456534184039334,5.569947286332335,0.4708838661067478,1.8489626284996885,0.2925929519863289,0,0.10076078086452478,Zone-28,0,0.22666666666666666,Elevated pipe material risk and average pressure,
36.63330263503929,3.812650961711639,0.04163336712295313,5.07680724498446,0.028910095057079782,1,0.11383808388831251,Zone-17,1,0.5666666666666667,Elevated night flow and pipe age,Suspected active leak (flow signature)
10.18536811542689,5.414474839216693,0.3566446437371947,4.035683521157317,1.285136561604295,1,0.3128561714100768,Zone-07,0,0.7233333333333334,Elevated night flow and flow fluctuation,Suspected active leak (flow signature)
17.570730346975886,4.3246467642249415,0.32430588479238215,1.792258447909402,0.16209040062832217,0,0.5624178761835706,Zone-24,1,0.25,Elevated night flow and flow fluctuation,Suspected active leak (flow signature)
13.830658112344986,6.624608359130132,0.9097710898208254,0.8824638122581347,0.510074918356745,0,0.3768924174792121,Zone-15,1,0.37333333333333335,Elevated average pressure and pressure fluctuation,Pressure-related stress
12.555515386815511,3.9745126182244013,0.6765086540587971,0.9945778386247278,0.3059325483038909,0,0.340697240576997,Zone-26,0,0.12666666666666668,Elevated night flow and pressure fluctuation,
27.95366299136984,5.741024959121081,0.19872540783999995,0.24715281805664924,0.597463955943648,0,0.3824088584867783,Zone-02,0,0.07666666666666666,Elevated night flow and average pressure,
42.38466112761642,3.7131719632431017,1.1406828279816084,4.132892185342042,0.6287554960594114,0,0.9945814620095255,Zone-26,1,0.7466666666666667,Elevated pressure fluctuation and pipe age,Pressure-related stress
4.4075743505011085,4.809051603847609,0.31484039550534254,0.4232758492549677,0.3228620269977288,1,0.043737699437923716,Zone-24,0,0.31666666666666665,Elevated night flow and pipe age,Suspected active leak (flow signature)
13.729214403471419,2.873357547515969,0.037104947504507386,3.6083023391596063,0.4529828525659694,0,0.8855104375765616,Zone-19,0,0.56,Elevated average pressure and pipe material risk,Pressure-related stress
26.039218212441,4.041727616320196,0.4424026000517242,4.549680710543681,0.02990687403011917,0,0.13025927605307497,Zone-05,0,0.42333333333333334,Elevated night flow and pipe material risk,Suspected active leak (flow signature)
19.939258344577574,5.198562774366753,0.29255448848920623,3.45896679108347,1.5713455992749756,1,0.04903465209223723,Zone-16,0,0.6333333333333333,Elevated flow fluctuation and pipe material risk,Suspected active leak (flow signature)
24.08659660660263,3.677526844920113,0.9093028321276311,2.804081685027653,0.4029448965946034,1,0.39626161071486166,Zone-06,1,0.53,Elevated pressure fluctuation and average pressure,Pressure-related stress
26.80344464639336,4.735239441375259,0.10909311835820097,0.48055153177054466,1.5831821053798525,1,0.39716717230619913,Zone-08,0,0.25,Elevated flow fluctuation and night flow,Suspected active leak (flow signature)
7.753477185391322,4.5604028745906255,0.8178542538848745,0.27555327423226716,0.38273666128107026,0,0.5574872275263222,Zone-23,0,0.17333333333333334,Elevated night flow and pressure fluctuation,
15.147323065720604,4.372072260599126,0.3194213991080686,2.538936287316209,0.2303538394708299,1,0.5570850178312327,Zone-29,1,0.24,Elevated flow fluctuation and pipe age,
9.720242906575331,4.201812170054224,0.1380114399754007,0.7843498473572463,0.9175776413009472,1,0.5337664561792362,Zone-28,1,0.21,Elevated night flow and pipe age,
10.490648258996586,4.017593759941016,0.12973201208318919,1.6328491501146227,0.6592250255185803,1,0.10264510367870905,Zone-09,0,0.12333333333333334,Elevated pipe material risk and pipe age,
24.574360099261227,3.823535041437851,0.1371246605971707,3.729553077014385,0.4946078205757007,0,0.5522017462533704,Zone-24,1,0.49666666666666665,Elevated night flow and average pressure,Suspected active leak (flow signature)
15.416937333350697,4.756103331981548,0.0735488765902734,6.012949111188389,1.5921588684396448,1,0.7025072103650418,Zone-02,1,0.91,Elevated night flow and flow fluctuation,Suspected active leak (flow signature)
24.04518907073911,4.390785075712308,0.29181971623173486,5.093431313315503,0.26758227229342835,0,0.8217891792728482,Zone-18,0,0.7366666666666667,Elevated night flow and pipe material risk,Suspected active leak (flow signature)
34.18971680102847,3.1957346843553838,0.004953747103693812,2.7378900414780483,0.28274686905050084,0,0.620431282114764,Zone-24,1,0.45666666666666667,Elevated pipe age and average pressure,Aging infrastructure
7.600564583798203,3.141456936499794,0.15509746696418844,1.3935313499944557,0.28168338821065897,3,0.8137001465558348,Zone-12,1,0.2,Elevated average pressure and pipe age,
6.37631078014675,4.306281119716591,0.5420617997639596,0.9765758063313599,0.21242041998169275,0,0.7044754501900962,Zone-01,0,0.32666666666666666,Elevated night flow and pipe age,Suspected active leak (flow signature)
12.456830834512736,4.007258952578846,0.032580309011596885,4.3306088782884675,1.981515561901959,1,0.06779778983608642,Zone-05,1,0.5633333333333334,Elevated flow fluctuation and night flow,Suspected active leak (flow signature)
4.662064941951035,4.7913840466762085,0.09336930871730276,0.0324704485341684,0.9958596197231968,0,0.9753606480782769,Zone-11,0,0.14,Elevated night flow and pipe material risk,
39.29365750858553,5.719674424034052,0.4969019509282319,1.3969899329099302,0.06529694775314107,0,0.5506302942753012,Zone-25,0,0.42333333333333334,Elevated pipe age and average pressure,Aging infrastructure
23.778133168410065,4.930366411072155,0.09927275017654401,0.6820705679664087,0.005221898184728462,0,0.6889742960422307,Zone-12,0,0.31,Elevated night flow and flow fluctuation,Suspected active leak (flow signature)
5.949826634569813,4.2915887728461,0.09226432242752713,4.038887601783852,0.8229524831607931,0,0.03189708826527993,Zone-09,0,0.35,Elevated pipe material risk and night flow,Aging infrastructure
9.959146265679117,5.302716406117623,0.013108315312151318,0.8126596675310689,0.0004247351597443679,0,0.4268156556751779,Zone-02,1,0.13,Elevated night flow and pipe age,
15.725768702273257,4.752687189246834,0.05045858779870556,2.881333532401768,0.5135541830155883,0,0.09318497184579522,Zone-28,0,0.17,Elevated pipe material risk and pressure fluctuation,
15.643570308655404,5.442589867534876,0.6295629563218251,2.406716747750601,0.5728660968832843,0,0.015102809539694007,Zone-12,1,0.2733333333333333,Elevated pipe material risk and pressure fluctuation,Aging infrastructure
19.836469863923124,2.633963726997699,0.05500760411576431,0.43326859439898435,0.31505689334885834,0,0.27502264505440044,Zone-26,0,0.13666666666666666,Elevated average pressure and night flow,
23.275330822289675,3.7719920892360768,0.1229956481981053,2.289643123080273,1.4882457937409346,3,0.2382294933775917,Zone-03,0,0.5333333333333333,Elevated flow fluctuation and pipe material risk,Suspected active leak (flow signature)
14.706852772036054,4.334120805249324,0.37801460851504004,7.04267284807935,0.1499773359394544,0,0.0651002574222933,Zone-26,0,0.7133333333333334,Elevated night flow and pipe material risk,Suspected active leak (flow signature)
24.049190493874008,4.176025489935935,0.2265225013285304,3.346927836093976,0.9113518383081598,0,0.43081204608620116,Zone-16,1,0.67,Elevated night flow and flow fluctuation,Suspected active leak (flow signature)
16.43231208975108,5.3705424110053706,0.09471823330976038,1.6536722840173086,0.5112217522789118,0,0.05031458621786211,Zone-21,0,0.16,Elevated pipe material risk and average pressure,
19.102283601742464,5.875260620533691,0.05904311877413812,3.4362567960682533,2.014338785889687,1,0.014006501572616625,Zone-01,0,0.3933333333333333,Elevated flow fluctuation and pipe material risk,Suspected active leak (flow signature)
15.094932392812531,4.202967758855705,0.16822388022212473,0.03820599461772912,0.5077279061999463,1,0.3577479930418561,Zone-30,0,0.09666666666666666,Elevated night flow and pipe age,
26.175027524297548,5.884832305182779,0.008401364909453509,12.372037428107719,0.7156975412337249,1,0.4808057942686337,Zone-18,1,0.66,Elevated night flow and average pressure,Suspected active leak (flow signature)
11.390119015428366,4.285475644757897,0.08915207875665965,3.4410273757943144,0.5552986741157481,1,0.9686705228017769,Zone-29,1,0.6466666666666666,Elevated pipe material risk and night flow,Aging infrastructure
5.405561632352869,3.987947373119581,0.4791261882920178,1.0057746639196283,0.693646188805994,2,0.7877190754746666,Zone-30,0,0.5133333333333333,Elevated pipe age and night flow,Aging infrastructure
28.97395079488405,4.836013713558695,0.13060105696931973,0.606379578873463,0.4808790741715434,0,0.5177351244593374,Zone-16,0,0.2633333333333333,Elevated night flow and pipe age,Suspected active leak (flow signature)
30.735350929651744,4.8706046627037685,0.6944081564051936,1.4652611595007863,0.9852006748291015,0,0.2879178749350316,Zone-23,0,0.4766666666666667,Elevated pressure fluctuation and pipe age,Pressure-related stress
22.03614376708368,5.450939185724276,1.2734307642890077,8.61886813174744,0.720761963915967,1,0.357502400164458,Zone-29,1,0.8633333333333333,Elevated night flow and pressure fluctuation,Suspected active leak (flow signature)
4.80882752886807,4.242432067947085,0.12928109602415216,1.4192731825311418,1.4076930838040553,1,0.13150606981594593,Zone-12,0,0.2,Elevated flow fluctuation and pipe age,
5.769774220369703,4.239084669443105,0.04684209612277264,0.3239653045519665,1.0592709896253005,0,0.4429353388689752,Zone-01,0,0.08666666666666667,Elevated night flow and pipe age,
15.677287466025849,6.368783335882295,0.32370114080028056,0.7973274959354666,0.7426519620389491,1,0.6509333115468848,Zone-04,0,0.22,Elevated average pressure and night flow,
18.936465146307494,3.6325434757092205,0.287117548367655,5.0477738664389324,0.02867415303143724,0,0.22685753904581374,Zone-10,1,0.5333333333333333,Elevated night flow and average pressure,Suspected active leak (flow signature)
20.842972167471356,6.065991538148581,0.2745841194250989,2.5888858807215165,0.4238681823502377,1,0.7130274359995731,Zone-17,1,0.29,Elevated average pressure and pipe material risk,Pressure-related stress
13.03640756315058,4.043850931881525,0.0534262891503184,0.5726538402880155,0.3405842593041521,1,0.04459207129595222,Zone-28,0,0.09333333333333334,Elevated night flow and pipe material risk,
34.92728577882741,5.412112448041845,0.4275799247339048,0.8718487833543596,0.44671630480851443,3,0.1250464464147607,Zone-08,0,0.36,Elevated pipe age and night flow,Aging infrastructure
11.107281429967358,4.193818208535382,0.36796182166128866,0.60365030293964,0.19572180555279295,1,0.8293999275250313,Zone-06,0,0.3333333333333333,Elevated night flow and pipe material risk,Suspected active leak (flow signature)
13.646250126481439,3.3237700983982834,0.44945653823753157,0.8445073590300096,0.324280242913859,2,0.09292663355091069,Zone-11,1,0.18,Elevated night flow and pipe material risk,
5.189561903848413,4.137893372291607,0.03231401409194835,1.649733655226579,0.6844930528024993,1,0.412395246313771,Zone-12,0,0.16666666666666666,Elevated pipe age and pressure fluctuation,
6.908370132601455,4.071051325247601,0.5339486474689292,6.255481787647323,0.4479101680088027,0,0.7717224056181109,Zone-16,1,0.66,Elevated night flow and pipe age,Suspected active leak (flow signature)
15.404516633405729,2.660993372195052,0.28607761650497276,0.34518809023422226,0.2954574025650127,0,0.7787696375915263,Zone-01,0,0.18666666666666668,Elevated night flow and average pressure,
21.07714638709909,4.034952778306122,0.13395170018327013,0.050218565402617835,0.19379315727405658,0,0.36689934970980265,Zone-05,0,0.13333333333333333,Elevated night flow and flow fluctuation,
18.133993591477175,3.6111345426309733,0.4101820047351747,3.14076011805477,0.19194677287031148,1,0.402330207566579,Zone-08,0,0.6233333333333333,Elevated average pressure and night flow,Pressure-related stress
32.63188900570346,5.050850694308924,0.5219691670661215,0.7270898742304467,0.053736943010560916,0,0.18800994942605465,Zone-01,0,0.19333333333333333,Elevated night flow and pipe age,
15.272226905521606,4.678172671697828,0.18297498332450987,7.920224303849052,0.86027197964927,1,0.836190730724552,Zone-04,1,0.9633333333333334,Elevated night flow and pipe material risk,Suspected active leak (flow signature)
20.897889087989515,4.31751036916408,0.14777711314687103,0.890492985573116,0.12999287164469964,1,0.5328460751867595,Zone-23,0,0.13666666666666666,Elevated night flow and flow fluctuation,
20.52530821779898,4.900932989150262,0.26416973330395727,0.5427305870649912,0.3926924247330929,0,0.8597363859296714,Zone-28,0,0.21,Elevated night flow and pipe material risk,
54.66747826421895,5.236977600318867,0.049113462970297804,0.10697135491290385,1.019277123040406,0,0.3023460883150978,Zone-01,0,0.2833333333333333,Elevated pipe age and night flow,Aging infrastructure
25.40411261365957,3.8938389942079668,0.5238191261059103,2.0370801356146866,0.5241686786261742,0,0.24035424196775368,Zone-12,1,0.2633333333333333,Elevated pipe material risk and pressure fluctuation,Aging infrastructure
15.190955002412945,4.070486044476878,0.04373328665286264,1.1452897612403725,0.18289178880830498,2,0.5337218530596571,Zone-18,0,0.13666666666666666,Elevated night flow and pressure fluctuation,
8.534749383302572,5.330081444544602,0.04660565142315334,0.1363262830093153,0.29852955868468933,1,0.8327083552906172,Zone-19,0,0.12666666666666668,Elevated night flow and pipe age,
8.320035018279063,4.754844838772463,0.07294950780941557,0.29095669790044015,0.12562568788566847,0,0.2259407937925485,Zone-24,0,0.12,Elevated night flow and pipe age,
13.59849043843165,4.641123025657697,0.12056980542494403,2.1921845813487844,0.19990149800952944,0,0.6583420938909001,Zone-19,0,0.16666666666666666,Elevated pipe age and pressure fluctuation,
12.112381829984066,6.012393729341583,0.11958952425055884,0.9809780913609366,0.27226559684110846,1,0.7135996058306419,Zone-14,0,0.15,Elevated average pressure and night flow,
20.828247910580266,4.823042504663411,0.13969366574262043,1.087147380155805,1.0230124853885647,1,0.9860036633090774,Zone-26,0,0.29,Elevated pipe material risk and night flow,Aging infrastructure
4.818364882662615,5.62472604131222,0.05874459371718337,0.431950982592466,1.4250724599978424,1,0.2844392673130991,Zone-01,1,0.2,Elevated night flow and flow fluctuation,
22.354910133479034,6.0371516212426295,0.2895784523704521,2.315919142778053,0.1156092800150527,0,0.6130150722099382,Zone-16,0,0.2733333333333333,Elevated average pressure and flow fluctuation,Pressure-related stress
30.304762222387353,4.725832071910942,0.13922352847930444,7.658065853496315,1.0728615293895745,2,0.28985446907148904,Zone-02,1,0.94,Elevated night flow and pipe age,Suspected active leak (flow signature)
11.350985852791071,3.4086478182819517,0.7414339335971164,3.995090072737575,0.2623345111969378,2,0.33844555366245244,Zone-06,1,0.67,Elevated pressure fluctuation and night flow,Pressure-related stress
36.476037079975924,4.6556575847330475,0.77845453614251,0.9215920129723414,0.07272537076560993,4,0.020008565170631654,Zone-14,1,0.44333333333333336,Elevated pipe age and pressure fluctuation,Aging infrastructure
13.33547211158832,3.700952514142358,0.1299070592969083,3.3838657961338665,1.0068190479419568,0,0.8867420735450939,Zone-24,0,0.62,Elevated pipe material risk and flow fluctuation,Aging infrastructure
8.490253783629,4.889036278804572,1.1706365819297786,0.6544070545073724,0.9817728791953918,1,0.7321498911633945,Zone-15,1,0.36333333333333334,Elevated pressure fluctuation and night flow,Pressure-related stress
15.369406771591859,4.146027795474321,0.09001879700108457,0.6922993136891232,0.38742590545525407,2,0.001912011656956758,Zone-13,0,0.18,Elevated night flow and pipe material risk,
42.48477832957973,3.162826193653104,0.3722193091394432,5.328394623740161,0.6580481145780703,1,0.7075530602113299,Zone-29,1,0.8133333333333334,Elevated night flow and pipe age,Suspected active leak (flow signature)
5.438675088984635,4.218370131715806,0.4403858089210925,2.6127580189409914,0.011021422703110873,3,0.05842391342318343,Zone-29,1,0.31333333333333335,Elevated pipe age and pipe material risk,Aging infrastructure
16.30156193405534,3.1481311803527157,0.07288580183907177,0.10309603708250077,1.070450664995733,2,0.21866431438308642,Zone-26,0,0.17333333333333334,Elevated night flow and average pressure,
38.18560973909729,4.928562222613945,0.16957489986152122,0.00821796529216101,1.0080601509442577,0,0.3203965463409151,Zone-02,0,0.2833333333333333,Elevated night flow and pipe age,Suspected active leak (flow signature)
19.644826660111836,3.8838575701276015,0.3373169863564543,0.5072614018593059,0.5759407369076514,1,0.6671809588342422,Zone-18,0,0.27,Elevated night flow and average pressure,Suspected active leak (flow signature)
16.914936866095008,5.788005720683302,0.24171841200657584,0.5745350746568951,0.16857754288965673,1,0.9068578336847781,Zone-22,0,0.15333333333333332,Elevated night flow and average pressure,
13.48125996881744,3.848760956140133,0.35967648465430674,1.297687306070359,0.07614226211124324,1,0.6627603847289455,Zone-15,0,0.25,Elevated night flow and flow fluctuation,Suspected active leak (flow signature)
4.930566550199053,3.3404215713572123,0.1954403282846206,0.004847970368552875,0.019740877961864748,1,0.9740817064189309,Zone-03,0,0.2866666666666667,Elevated night flow and pipe material risk,Suspected active leak (flow signature)
15.6898026209765,5.556984074206337,0.07402745715605986,0.4211482920696951,0.19903085779562082,1,0.7546355032196034,Zone-29,0,0.14333333333333334,Elevated night flow and average pressure,
8.21797491384586,4.896117072797311,0.49928238544496784,0.7722236807108991,0.15692060936146862,0,0.29644444696772043,Zone-26,0,0.14666666666666667,Elevated night flow and pipe age,
23.94940391160551,3.732000754163737,0.6212603508735077,3.723235230323874,1.1693320544084496,0,0.08235262564191004,Zone-04,1,0.61,Elevated pipe material risk and flow fluctuation,Aging infrastructure
10.966202610325354,5.04606799070199,0.8594735913739162,3.267057918597824,0.06784874330406206,1,0.8388662924098707,Zone-21,1,0.5366666666666666,Elevated pressure fluctuation and pipe material risk,Pressure-related stress
17.436094086371288,5.28818269829843,0.0050338365526707155,1.1735449803230475,0.23237322526779475,0,0.37841598355708495,Zone-08,0,0.15,Elevated night flow and pressure fluctuation,
12.422393659471513,3.3128684449224437,0.16581313235781578,2.343842553734182,0.7010379268670346,1,0.04621114951762606,Zone-20,0,0.13333333333333333,Elevated pipe material risk and average pressure,
18.95353259494385,4.1714092379374845,0.2129366481347556,7.137815620274125,0.3300738185730292,1,0.3063524214080494,Zone-14,0,0.91,Elevated night flow and pipe material risk,Suspected active leak (flow signature)
10.286113600608642,4.125479020771425,0.6325516615177739,0.07366127310787446,0.3467112464071738,0,0.07517162391924948,Zone-17,0,0.1,Elevated night flow and pipe material risk,
24.88876662485421,5.012070020349388,0.5487852137192554,0.5268593842291426,0.8150674174420016,1,0.9392647955104453,Zone-20,0,0.36,Elevated night flow and pipe material risk,Suspected active leak (flow signature)
18.60466124151777,3.735779601045751,0.2714112403650445,6.816895780674315,0.08982403684176478,1,0.3771130198234427,Zone-04,1,0.8933333333333333,Elevated night flow and average pressure,Suspected active leak (flow signature)
13.187156547513403,4.326333708067119,0.683328293078851,4.000897358976747,2.266922671332794,0,0.5727351999905151,Zone-13,0,0.7266666666666667,Elevated flow fluctuation and night flow,Suspected active leak (flow signature)
12.631406496509696,4.527457597464843,0.13082518460387663,0.8720954543441922,0.8953125885500426,0,0.5009727741403103,Zone-09,1,0.15,Elevated night flow and pipe age,
26.619385249458215,3.803530138530466,0.2116529348127499,3.61917692750114,0.6800338671498161,0,0.7764737717328682,Zone-16,0,0.69,Elevated night flow and pipe material risk,Suspected active leak (flow signature)
5.636781649092825,3.229687308245481,0.05184305653171467,9.260579142815217,0.5325966941738999,1,0.44374759365999084,Zone-25,1,0.82,Elevated night flow and pipe age,Suspected active leak (flow signature)
13.032470058182998,5.857643727779189,0.08345006342884859,1.6265060984623168,0.51903344238174,0,0.14198722052344082,Zone-06,0,0.14333333333333334,Elevated average pressure and pipe material risk,
24.005845872471504,5.990076078880938,0.13761861942626655,6.850697587739397,0.6577014655217572,3,0.5133966911948447,Zone-03,1,0.79,Elevated night flow and average pressure,Suspected active leak (flow signature)
32.784873420238455,5.512569536629043,0.12326181355453839,1.6161105768320967,1.5462523387504519,0,0.47228734187485943,Zone-20,1,0.29,Elevated flow fluctuation and pipe age,Suspected active leak (flow signature)
22.206438541958082,4.557932030182803,0.25904575561703413,0.876684405241527,0.10357405610683505,2,0.9698729704330027,Zone-21,0,0.2966666666666667,Elevated pipe material risk and night flow,Aging infrastructure
8.866770697655443,6.2093805085720755,0.1174367461145043,0.2917661497479037,0.10756772895991867,0,0.2746570003279515,Zone-13,0,0.04666666666666667,Elevated night flow and average pressure,
12.877547486728462,4.463040135398988,0.17192137360114298,4.59151991016038,0.8080709551136526,1,0.1690732821647214,Zone-10,1,0.5333333333333333,Elevated night flow and pipe material risk,Suspected active leak (flow signature)
9.66825801436009,5.137983890894744,0.043323124664616214,0.7155774251254996,0.7262021467068052,1,0.3583051624075855,Zone-05,0,0.19,Elevated night flow and pipe age,
5.052881763398862,3.927481948680034,0.08343767030679332,1.0051286475544148,0.15360536361311417,2,0.2167863869105342,Zone-09,0,0.21333333333333335,Elevated pipe age and night flow,
10.081804875041565,5.981967912170718,0.10724424561857118,6.251431222967167,0.47955168032389694,1,0.7992872762466456,Zone-12,0,0.91,Elevated night flow and average pressure,Suspected active leak (flow signature)
11.93589173830566,3.712047768518489,0.13791120307399438,1.6983505731962918,0.6627052670392127,2,0.6610483803727015,Zone-16,0,0.3333333333333333,Elevated average pressure and pipe age,Pressure-related stress
15.583035883274615,5.7316351901517875,0.7623101778585418,0.011580919754575553,0.47192211083170743,1,0.3901659444754074,Zone-16,0,0.26666666666666666,Elevated night flow and pressure fluctuation,Suspected active leak (flow signature)
14.071085027208907,4.594998576031779,0.23114034521387752,4.8023612555716175,0.10665674385459943,1,0.12293983763239669,Zone-20,0,0.39666666666666667,Elevated night flow and pipe material risk,Suspected active leak (flow signature)
12.698281943201778,4.347709549345554,0.820415353022882,5.260523424979688,0.5465775772787365,0,0.09695562146613246,Zone-04,0,0.49333333333333335,Elevated night flow and pressure fluctuation,Suspected active leak (flow signature)
48.23323055803654,5.905566538734307,0.0409529671784468,1.5871489306713245,0.184366862692947,2,0.515316580059943,Zone-01,1,0.5033333333333333,Elevated pipe age and average pressure,Aging infrastructure
40.629619625059846,3.661416783231613,0.08869559045950613,0.8066113680307886,0.34981585372048685,0,0.8472824591896364,Zone-12,0,0.38,Elevated pipe age and night flow,Aging infrastructure
2.828179231145063,3.8022847624801126,0.7152505897139618,6.036690011340006,0.09305724506840211,1,0.306824518993254,Zone-01,1,0.7366666666666667,Elevated night flow and pipe age,Suspected active leak (flow signature)
12.964344936350194,5.991299412073691,0.8934387586229692,0.2109536742344527,0.6249424676602501,0,0.20485188616423267,Zone-03,0,0.19,Elevated night flow and pressure fluctuation,
22.574538617773694,5.377311154368668,0.08835617542675248,2.434986006898484,0.6132351408981108,1,0.5112070406423704,Zone-04,0,0.4066666666666667,Elevated average pressure and pressure fluctuation,Pressure-related stress
14.66914234730773,5.3662818228124936,0.19203929937782566,1.9356247249827165,0.05718278738018958,0,0.004689683358799046,Zone-23,0,0.14333333333333334,Elevated pipe material risk and average pressure,
4.312086056451207,3.9057262467778884,1.13767616081214,0.5910901832880633,0.5379715725654981,1,0.11663048199013704,Zone-05,1,0.4666666666666667,Elevated pressure fluctuation and night flow,Pressure-related stress
5.628842315830406,4.174509903247992,0.15654957891425733,2.0475599687040407,0.43104528198034064,0,0.9748002861802316,Zone-10,0,0.2866666666666667,Elevated pipe material risk and pipe age,Aging infrastructure
11.337886962423687,5.136936921171257,0.2582074623502438,3.5056274235182543,0.44483609792548173,0,0.9371839789044766,Zone-07,0,0.5833333333333334,Elevated pipe material risk and night flow,Aging infrastructure
20.580239773254508,5.770791878889552,0.044560762037654585,1.3108127797800926,0.01363235795257652,1,0.813719783392098,Zone-30,0,0.3,Elevated average pressure and night flow,Pressure-related stress
24.002150132337224,4.382277867378248,1.0574395363736697,10.334415314487469,0.5550786815723421,1,0.3056656871801583,Zone-19,0,0.93,Elevated night flow and pressure fluctuation,Suspected active leak (flow signature)
14.475516828319112,4.55433075264071,0.5378497929970092,0.04000442486108987,0.4710812354008325,1,0.6405141507713107,Zone-02,1,0.23,Elevated night flow and pressure fluctuation,
31.428078200632257,4.271663330978025,0.33244605560250545,0.7576166855221402,0.4269984956750433,0,0.6539007145769283,Zone-20,0,0.1,Elevated night flow and pipe age,
17.35798033531695,3.6346116369697565,0.14956508297591534,2.7221822663156354,0.16628567922434923,0,0.09815579727403456,Zone-29,0,0.11,Elevated pipe material risk and average pressure,
23.961762890985625,3.7133161143722364,0.248996845274866,0.34301376906835734,0.05616448948341389,0,0.40838691826770357,Zone-29,0,0.11666666666666667,Elevated night flow and flow fluctuation,
17.930121209423476,4.374198317930765,0.1602843313368699,0.26361883669712416,2.0118752293095556,0,0.017293532743372753,Zone-10,0,0.11,Elevated flow fluctuation and night flow,
25.114303065423726,4.430580932154213,0.017878027610648974,0.15395268400835943,0.8017902790189141,0,0.26865883477204466,Zone-30,0,0.15333333333333332,Elevated night flow and pressure fluctuation,
53.206166937504335,5.238094528442838,0.09161138629097974,3.890032477153892,0.36353286475231267,0,0.301941636937454,Zone-21,1,0.6766666666666666,Elevated pipe age and night flow,Aging infrastructure
7.516755259781513,4.422892237465848,0.07659495078487037,0.1618163956647523,0.04601771797900871,1,0.8131013581918458,Zone-18,0,0.09,Elevated night flow and pipe age,
13.948550265095562,3.7611995016694233,0.85410517069173,3.0544308906977866,0.44889281178700974,1,0.4440557592929125,Zone-07,0,0.5033333333333333,Elevated pressure fluctuation and average pressure,Pressure-related stress
15.521748356846043,4.1970441580249185,0.021710791627404302,1.871202862862631,0.5170248160126971,0,0.954878362284188,Zone-04,1,0.29,Elevated pipe material risk and pressure fluctuation,Aging infrastructure
30.146603070031276,6.100814376058309,0.03432798239254989,0.07903666038131504,0.9784591398330283,1,0.6913641082524293,Zone-29,0,0.23,Elevated night flow and average pressure,
27.07161815596899,4.515206776445881,0.3552789839921561,1.7561857751080365,0.20639576740192425,1,0.991898214529065,Zone-11,0,0.54,Elevated pipe material risk and pipe age,Aging infrastructure
23.623135632232678,3.8118658465266995,0.7425739089365366,6.704547262786442,0.8045753894301102,0,0.6381509062070567,Zone-09,1,0.8966666666666666,Elevated night flow and pressure fluctuation,Suspected active leak (flow signature)
41.00201482995005,5.002914966212153,0.4465203782430065,4.991215930141743,0.017406804188734314,0,0.3158724235225141,Zone-09,1,0.6566666666666666,Elevated night flow and pipe age,Suspected active leak (flow signature)
9.436590884548174,5.4951000324570085,0.28238328473699936,0.09387001615573057,0.6691035311584156,6,0.976188040691924,Zone-18,1,0.36,Elevated night flow and resident complaints,Suspected active leak (flow signature)
9.86678924213723,4.719199409810543,0.01565105021218508,1.2859238715969712,1.3821205480941061,0,0.6457996044274508,Zone-23,0,0.14666666666666667,Elevated flow fluctuation and night flow,
21.098279540545853,3.5823913479647342,0.9193457265356737,2.4790874384515442,0.006610317124561123,0,0.43480553190446225,Zone-19,1,0.43333333333333335,Elevated pressure fluctuation and average pressure,Pressure-related stress
28.070380160530167,3.765760650799995,0.09105462128869675,0.02788618500590392,2.1684721844150383,0,0.4517865497607988,Zone-24,0,0.22,Elevated flow fluctuation and night flow,
16.55388243412559,3.9059916541644455,0.06825659952440491,0.18150049258342804,1.1859193859432995,0,0.2918220637679737,Zone-12,0,0.09666666666666666,Elevated night flow and flow fluctuation,
8.268502018641001,5.463269919661996,0.1966472239780734,4.020630301797777,0.2412781203142984,1,0.061243192425916027,Zone-04,0,0.4166666666666667,Elevated pipe material risk and night flow,Aging infrastructure
12.250463254637836,5.23557677962161,0.8400842726772294,1.6362051109627305,0.5191446854900273,0,0.6532720194873326,Zone-04,0,0.36,Elevated pressure fluctuation and night flow,Pressure-related stress
17.648877850705784,3.2926084767491046,0.6346155737180086,0.8424221978640158,0.7425030353029395,0,0.5551156275905007,Zone-29,0,0.15,Elevated night flow and average pressure,
28.568618191139763,4.4133663422428215,0.04570592962435946,0.3641548799316906,0.22883665116786822,0,0.8440810609720583,Zone-17,0,0.10666666666666667,Elevated night flow and pipe material risk,
28.378080830122023,4.785103994143858,0.1679011227129073,0.7050943172161324,0.5720271251439774,4,0.21758218283397057,Zone-14,1,0.3,Elevated night flow and resident complaints,Suspected active leak (flow signature)
20.173106988999248,4.504628128806976,0.7902910799979641,0.16901247949769976,0.20164160678928392,1,0.2315598269633442,Zone-17,0,0.18333333333333332,Elevated night flow and pressure fluctuation,
18.0549446464205,4.866784499041107,0.4728633003849403,5.275950077417369,0.4003415672060167,1,0.6068354042954113,Zone-10,1,0.81,Elevated night flow and pressure fluctuation,Suspected active leak (flow signature)
23.435338125217584,4.948218127991113,0.3538998766024157,1.5973215238398302,1.2772937713843602,2,0.8087460868985846,Zone-24,1,0.6033333333333334,Elevated flow fluctuation and pipe material risk,Suspected active leak (flow signature)
19.346792831186242,5.2106386190859295,0.04984641889592595,4.724515281631037,0.024449126448034902,1,0.7929333636308883,Zone-02,1,0.6266666666666667,Elevated night flow and pipe material risk,Suspected active leak (flow signature)
12.707700556291588,3.6126564320904304,0.08405924213853233,1.809084975761307,0.333552653863505,0,0.8449280835329923,Zone-23,0,0.26,Elevated pipe material risk and average pressure,Aging infrastructure
20.629902594706998,5.4005380293472065,0.28720266888865714,1.4032857162735564,0.13248423278385713,0,0.4664983175426932,Zone-05,1,0.26,Elevated night flow and average pressure,Suspected active leak (flow signature)
28.48993620358118,3.798070115681205,0.6576404674878815,4.065351019171636,0.17119373168090993,1,0.2872874860291146,Zone-24,0,0.7566666666666667,Elevated night flow and pressure fluctuation,Suspected active leak (flow signature)
21.48919088722042,4.109175438640253,0.14659336736258444,0.8210441060386242,0.7001790108862286,1,0.6131489603765994,Zone-22,1,0.19,Elevated night flow and pressure fluctuation,
25.519097463678477,4.140183086597968,0.1012043518278584,0.6330152874056466,0.30994836938906617,0,0.31955526338552365,Zone-09,0,0.11,Elevated night flow and pressure fluctuation,
20.10175027907883,4.5517232577112985,0.7160327256821419,3.1679763598759902,0.3219458706223778,1,0.6190969833392602,Zone-12,0,0.7433333333333333,Elevated pressure fluctuation and night flow,Pressure-related stress
14.73015541859077,4.395188203584796,0.5055374657860752,6.436354317342904,0.19693900017192653,2,0.16209320201306132,Zone-13,1,0.8833333333333333,Elevated night flow and pipe material risk,Suspected active leak (flow signature)
23.400453279958636,3.9811865072286885,0.05985193228423408,0.4747097238327003,0.04257363799603494,1,0.4030331235900104,Zone-08,0,0.11333333333333333,Elevated night flow and flow fluctuation,
13.89232440144146,5.545114006509504,0.16986870284657324,5.2263255879218615,1.295988986444401,0,0.5191997687316403,Zone-09,0,0.49333333333333335,Elevated night flow and flow fluctuation,Suspected active leak (flow signature)
19.905683758187156,5.469786893941182,0.028019859348454714,1.1419248410932072,0.5624596149176795,4,0.26300845798337147,Zone-01,0,0.38,Elevated night flow and average pressure,Suspected active leak (flow signature)
38.70501267420559,3.16799741193533,0.1175224847922091,0.5166441848577397,0.1386388659124113,1,0.18028020546321621,Zone-09,0,0.26666666666666666,Elevated pipe age and night flow,Aging infrastructure
16.647457120364884,5.077900243855437,0.34202994927754243,0.19201468798448723,0.4072094338579066,1,0.3902791516962638,Zone-06,1,0.24666666666666667,Elevated night flow and average pressure,
26.592543967427492,3.8602054065724376,0.152913290031688,3.0614929802214452,0.33847857891707905,4,0.46783441117535374,Zone-13,1,0.66,Elevated resident complaints and pipe age,Resident-reported issue
17.774084436327094,5.092763469337173,0.16849949800172867,4.523612491289481,0.17623841789100314,0,0.9289582879775715,Zone-23,1,0.74,Elevated night flow and pipe material risk,Suspected active leak (flow signature)
13.366697593589546,4.495993436350341,0.25511547173378063,0.8781300089371384,0.0930662674848725,1,0.7215284710884615,Zone-21,0,0.15333333333333332,Elevated night flow and flow fluctuation,
18.676433026588086,4.381553110208943,0.009079228632531432,0.17850419349360938,0.1560037848237771,0,0.3414692286151024,Zone-10,0,0.1,Elevated night flow and pressure fluctuation,
32.20310287925354,3.5573687888572496,0.5127167644815555,1.3730841449351603,0.21462273563148207,0,0.6976491246075313,Zone-10,0,0.29333333333333333,Elevated pipe age and night flow,Aging infrastructure
18.463598543365855,4.191320885816876,0.18335758930554202,0.40716516073544473,0.2434459855547444,0,0.7083895384364276,Zone-08,0,0.14,Elevated night flow and pipe material risk,
6.737057154007387,5.0714432325688135,0.33532230100553295,0.43156305662473005,0.49242421729072966,0,0.9241669572300862,Zone-25,0,0.15,Elevated night flow and pipe material risk,
11.392204253483449,3.156280991848566,0.06788167578145332,9.959836507179622,1.0992241723141885,1,0.5941012950852975,Zone-28,1,0.87,Elevated night flow and average pressure,Suspected active leak (flow signature)
21.040216162138925,3.4029233209057264,0.21916425481272123,5.95322030631657,0.35012491974187876,0,0.32808953127387663,Zone-14,0,0.8166666666666667,Elevated night flow and average pressure,Suspected active leak (flow signature)
27.96358049165514,4.418234583238866,0.41519252230520803,3.3582092473539236,0.21087992511910414,1,0.2561613842038094,Zone-24,1,0.62,Elevated pipe age and pipe material risk,Aging infrastructure
17.152289496971534,4.881127486673625,0.4323387687288066,1.9619352107372818,0.1849947919249893,0,0.8280051986631306,Zone-06,0,0.5366666666666666,Elevated pipe material risk and flow fluctuation,Aging infrastructure
46.72844945245537,3.505909892956778,0.08656955256626854,2.383224153759798,0.47750269640337945,0,0.9555871329945118,Zone-27,1,0.45,Elevated pipe age and pipe material risk,Aging infrastructure
15.362096713893097,5.38804153934659,0.038890261390483745,2.1973623171480474,0.5151547271740815,1,0.5516235823929184,Zone-25,0,0.25666666666666665,Elevated average pressure and pressure fluctuation,Pressure-related stress
32.183415196888184,4.262957601996715,0.037297339551919384,2.125733942368107,0.20507926075141097,1,0.03638608642180008,Zone-20,1,0.24,Elevated pipe material risk and pipe age,
7.387533855718784,3.8597815588598685,0.32380907193397046,0.7840040551360277,0.8668600111427088,1,0.6824288961140917,Zone-10,0,0.18666666666666668,Elevated night flow and pipe age,
20.092762444812237,5.229218622324393,0.10875383767552196,3.343014685746988,3.962837256766493,0,0.7181566959237304,Zone-03,1,0.49666666666666665,Elevated flow fluctuation and average pressure,Suspected active leak (flow signature)
24.437874711624573,5.657085367316915,0.9954359952241993,0.8186739393373833,0.08198958350874498,1,0.7252493595439311,Zone-07,0,0.43666666666666665,Elevated pressure fluctuation and night flow,Pressure-related stress
11.603810329352006,3.608875864888448,0.42683748554693796,1.4552494790792192,0.007348651505220741,0,0.69867150542265,Zone-03,0,0.32,Elevated night flow and average pressure,Suspected active leak (flow signature)
8.586861522055562,4.834863466349182,0.6399420708889137,0.2206144323196622,0.004890778108503878,2,0.10173549452946196,Zone-12,0,0.18,Elevated night flow and pipe material risk,
40.12573392584123,4.380772615561979,0.08299487274287964,0.5470595414299788,0.06191723055593329,0,0.05883214999264241,Zone-19,0,0.16333333333333333,Elevated pipe age and night flow,
11.414368901595084,4.502119915200444,0.36580576841322676,0.8927988816297877,0.837717516004918,1,0.9474766165355848,Zone-17,0,0.41,Elevated night flow and pipe material risk,Suspected active leak (flow signature)
8.135494259878863,4.240259597408133,0.17770593004212198,0.3760018704588775,0.1378579994354633,1,0.9443645063367928,Zone-06,0,0.18333333333333332,Elevated night flow and pipe material risk,
18.374925365121296,5.416855538120307,0.07746107147489975,1.4054007507920145,0.2426027404723796,2,0.399561263228985,Zone-12,0,0.21666666666666667,Elevated night flow and average pressure,
42.093764051804214,4.790099753148388,0.024429940657249603,6.264677989272584,0.017896779548542775,0,0.5809049428004092,Zone-23,0,0.7366666666666667,Elevated night flow and pipe age,Suspected active leak (flow signature)
19.149775883611962,4.639614455597447,0.06945140018021276,4.843132679923205,0.7108061788421185,1,0.9453938405464393,Zone-03,1,0.87,Elevated night flow and pipe material risk,Suspected active leak (flow signature)
18.993301459910157,3.4904394462179784,0.22444906399528475,2.6748120700980897,0.021079107437023088,1,0.46307021743972976,Zone-24,0,0.37,Elevated average pressure and flow fluctuation,Pressure-related stress
12.431578006076226,4.198047607771377,0.15073261612882555,5.501825234971819,0.3207124239100368,0,0.17533542748427444,Zone-09,0,0.5533333333333333,Elevated night flow and pipe material risk,Suspected active leak (flow signature)
4.75123876910454,4.359910696472657,0.1603998407082161,0.6394996226899003,1.34008263367021,2,0.6565473142357923,Zone-28,0,0.4533333333333333,Elevated night flow and pipe age,Suspected active leak (flow signature)
14.702222792974496,4.68059832608906,0.41293685832802124,3.7844253611550616,0.3059534186372642,1,0.8414108487371142,Zone-28,1,0.6233333333333333,Elevated night flow and pipe material risk,Suspected active leak (flow signature)
3.2502721218870514,4.750827101636078,0.02436910096291964,3.6597083679233378,0.715177282615022,0,0.14837438393823543,Zone-09,1,0.30333333333333334,Elevated pipe age and pipe material risk,Aging infrastructure
20.220581303231274,6.3645194507753144,0.10885545527579826,0.675646580071797,0.6926391696131189,1,0.8782922892223848,Zone-24,0,0.14,Elevated average pressure and night flow,
43.650321193051276,4.974743098924442,0.2107036080606512,7.556309091685115,0.4659479619065008,0,0.20818582581362077,Zone-17,1,0.9033333333333333,Elevated night flow and pipe age,Suspected active leak (flow signature)
7.210026161768979,3.9779087540920264,0.100993696256001,1.5305661018880843,1.4620366457730571,1,0.6694362930015428,Zone-30,0,0.18333333333333332,Elevated flow fluctuation and pipe age,
32.65140455580327,4.04491607821033,0.16163098963729525,0.37994667943109817,1.1373629042938849,0,0.9971189971978406,Zone-22,1,0.28,Elevated night flow and pipe material risk,Suspected active leak (flow signature)
11.67710232901495,4.02393412275233,0.2621254847881301,1.5006448934325187,0.267653893955621,1,0.22907807348101072,Zone-22,0,0.17666666666666667,Elevated night flow and pipe material risk,
22.9972574693393,4.297959104072122,0.25619270722348303,0.5201323558305013,0.0827768078751199,0,0.052236556444110516,Zone-30,0,0.08666666666666667,Elevated night flow and pipe material risk,
13.166148126344064,4.788375815971157,0.08040192038415957,7.711832018787478,0.1577090349204266,0,0.8020409073909907,Zone-17,1,0.9333333333333333,Elevated night flow and pipe material risk,Suspected active leak (flow signature)
39.002803624520276,5.68852729747795,0.043389463586138946,1.8213151614542544,0.09429041330421092,0,0.17543881863409216,Zone-26,0,0.5733333333333334,Elevated pipe age and average pressure,Aging infrastructure
22.006153922203218,3.278488622221027,0.6614327052959528,2.7312819954706824,0.17408352743802638,1,0.5230069424233339,Zone-10,1,0.41,Elevated average pressure and pressure fluctuation,Pressure-related stress
12.987452321009282,4.753403294093892,0.43424342306607666,1.5587377669349753,0.061211415927997725,0,0.04086584145854888,Zone-04,1,0.12666666666666668,Elevated pipe material risk and night flow,
60.0,3.7799705504051433,0.2628332399090543,0.650942879220266,0.13766949481529242,1,0.10087071967859551,Zone-17,0,0.30666666666666664,Elevated pipe age and night flow,Aging infrastructure
14.439423956009051,4.205197067246369,0.18449228612559543,2.687107795918897,0.33979933747567265,0,0.23196575864069213,Zone-02,1,0.10666666666666667,Elevated pipe material risk and pipe age,
25.23552229648506,3.873285102834171,0.47884467615738086,0.47068574196420887,0.5662368792571012,2,0.49286797883841515,Zone-15,1,0.39666666666666667,Elevated night flow and average pressure,Suspected active leak (flow signature)
4.875697903579424,4.201677602518792,0.19475288938935412,4.369095130244587,0.3167016799932871,2,0.3060669695350502,Zone-26,1,0.6533333333333333,Elevated night flow and pipe age,Suspected active leak (flow signature)
34.36507348880522,4.589430055901822,0.5930625030335757,0.8932978429333829,0.9091021769152766,0,0.7332825440512677,Zone-24,0,0.49333333333333335,Elevated night flow and pipe age,Suspected active leak (flow signature)
15.71038606212033,3.3074084962275716,0.5831710839375275,2.0056816375746798,0.29672558262598125,0,0.06396028372052665,Zone-04,0,0.11666666666666667,Elevated pipe material risk and average pressure,
22.657382399425032,2.9882189183523007,0.15397547937080738,0.12742306068821074,0.3050665186724655,1,0.7848799124851362,Zone-18,0,0.20333333333333334,Elevated night flow and average pressure,
59.417113667401544,3.5262280070916168,0.6413576761849579,2.3584003633606083,0.1746257183666066,1,0.9629367448796873,Zone-27,1,0.67,Elevated pipe age and pipe material risk,Aging infrastructure
23.446594787879405,3.4470699865745273,0.30100536352978796,7.777572216767058,0.055368709956055265,1,0.6492931300478861,Zone-03,1,0.9166666666666666,Elevated night flow and average pressure,Suspected active leak (flow signature)
18.55760471115267,4.437665915808112,0.005223507919788774,0.05633607977855043,1.0230573939233736,1,0.9469518085075866,Zone-07,1,0.14333333333333334,Elevated night flow and pipe material risk,
25.125370793571463,4.39265279506656,0.14974073457960824,2.5615443428057842,0.4772636736443655,0,0.16833970321569403,Zone-26,0,0.13333333333333333,Elevated pipe material risk and pipe age,
17.515238945930907,3.4895642870562535,0.09372814262432305,3.067258347835714,0.1416082791001816,1,0.8717543119899618,Zone-24,1,0.30666666666666664,Elevated pipe material risk and average pressure,Aging infrastructure
7.791739030082584,4.334200441414979,0.5628025248093806,1.6075447953150321,0.6619423317642937,0,0.24230759032121085,Zone-02,0,0.14666666666666667,Elevated pipe age and pressure fluctuation,
21.57904492551754,4.1262003423206215,0.10720784074599839,2.635649770515913,0.03456576004304857,0,0.03442209991364131,Zone-03,0,0.3233333333333333,Elevated pipe material risk and flow fluctuation,Aging infrastructure
16.614671552084204,3.879674593316904,0.1852717605603687,0.03213998828628765,0.6685829128918324,2,0.8438250021003479,Zone-17,1,0.17666666666666667,Elevated night flow and pipe material risk,
18.259431187719702,5.282976572166197,0.09017512212995805,4.8818703935782,0.5105922946129763,0,0.18074069437687912,Zone-23,0,0.66,Elevated night flow and pipe material risk,Suspected active leak (flow signature)
10.107898882438949,5.224350693963821,0.2225443211447503,2.8789231392335664,0.5778763603687108,2,0.9218866325080942,Zone-20,0,0.5133333333333333,Elevated pipe material risk and pipe age,Aging infrastructure
28.761462904204834,4.215914821187786,0.23419804209366196,0.63224789026833,0.3967983364714693,1,0.24463804309451032,Zone-19,1,0.07333333333333333,Elevated night flow and pipe age,
19.545393581560916,5.17652110141369,2.42839381584333,0.785752295519392,0.05882462603077112,1,0.57502509691864,Zone-14,1,0.41333333333333333,Elevated pressure fluctuation and night flow,Pressure-related stress
11.602968228632236,5.82173598229428,0.024280200694654527,5.509317294114733,0.26491088138143604,0,0.6779472958666138,Zone-01,0,0.65,Elevated night flow and average pressure,Suspected active leak (flow signature)
7.252352478700566,3.759818050016757,0.699644004749159,1.7708759053040906,1.4947309126800739,0,0.42337891904055214,Zone-06,1,0.5133333333333333,Elevated flow fluctuation and pressure fluctuation,Suspected active leak (flow signature)
8.299515284623002,5.4383856628603695,0.45894177351888393,3.3565886748406806,0.24224248894220454,1,0.00985713943537292,Zone-15,0,0.3933333333333333,Elevated pipe material risk and pipe age,Aging infrastructure
28.857979078461508,4.754893312159568,0.7586404296070971,5.816406754576352,0.3310055715370687,0,0.7081391361679589,Zone-28,1,0.86,Elevated night flow and pressure fluctuation,Suspected active leak (flow signature)
26.342257138299367,3.222321694976301,0.12225502592156105,1.6543868139164906,0.10832278183154595,5,0.09974334722880884,Zone-25,1,0.22666666666666666,Elevated average pressure and resident complaints,
15.067656864169274,3.9336435433651395,0.1331049428470399,2.974723519120478,0.11122436654037308,1,0.25624667445995664,Zone-26,0,0.2866666666666667,Elevated pipe material risk and flow fluctuation,Aging infrastructure
20.343100303714188,3.7167252634588634,0.10633249112391234,2.5991283010001553,0.10744253912151565,1,0.43426448662371775,Zone-29,0,0.4766666666666667,Elevated average pressure and flow fluctuation,Pressure-related stress
19.38885939732136,5.0216304841776545,0.18702702431911722,3.7488637988884688,1.1282769525045686,1,0.334676546165826,Zone-21,0,0.6466666666666666,Elevated night flow and flow fluctuation,Suspected active leak (flow signature)
13.106941735400703,4.641618503195026,0.32703833054677395,5.799820009028917,0.4373107909015757,1,0.9719490375882148,Zone-26,0,0.9233333333333333,Elevated night flow and pipe material risk,Suspected active leak (flow signature)
20.558315773698066,3.8338911514107057,0.02790032255488285,0.6900783151871943,0.5143414280330865,0,0.5305068116040808,Zone-11,0,0.08666666666666667,Elevated night flow and pressure fluctuation,
18.536750620716,4.871290232737676,0.15555587705225718,0.555523635779776,0.13232986431576094,0,0.11533437680708014,Zone-08,0,0.11666666666666667,Elevated night flow and pipe material risk,
21.184745487051106,4.788771277786655,0.6515171008344737,2.7265125454927928,0.9227223530660953,0,0.17707190568650621,Zone-26,1,0.38,Elevated pressure fluctuation and pipe material risk,Pressure-related stress
12.36381935090166,4.342778292756237,0.37001004199178317,1.9042154563838927,0.09617888734031671,0,0.9936885813696595,Zone-14,0,0.47333333333333333,Elevated pipe material risk and pipe age,Aging infrastructure
4.606456177789663,4.654527244559065,1.1978794393262282,0.6060874281813712,0.4485371691467478,1,0.7867631087403757,Zone-27,0,0.25333333333333335,Elevated pressure fluctuation and night flow,Pressure-related stress
29.055314180540066,4.4040294969061655,0.0264496753631721,7.832151725580396,0.2313463719305943,1,0.6136117754574546,Zone-20,1,0.9066666666666666,Elevated night flow and pipe age,Suspected active leak (flow signature)
26.632325179998837,3.0747180566213403,0.01989254179516602,3.078789164478424,2.8840964980778674,0,0.8033184673781398,Zone-09,1,0.54,Elevated flow fluctuation and average pressure,Suspected active leak (flow signature)
29.656947132688675,4.7339002719904,0.7186561899283642,3.57745556431376,0.5728321452640649,0,0.2614450314852942,Zone-03,1,0.7833333333333333,Elevated pressure fluctuation and night flow,Pressure-related stress
11.150762995968996,5.107360207482549,0.7076226569604607,0.3363951884420995,1.1303488429797486,0,0.7057671782732654,Zone-04,0,0.18666666666666668,Elevated night flow and pressure fluctuation,
42.363023758584006,4.787205312763514,0.08258569339932192,6.018043793930397,0.044089700896798714,0,0.8296198274694436,Zone-17,1,0.8933333333333333,Elevated night flow and pipe age,Suspected active leak (flow signature)
26.930272650681474,3.33279439482389,0.06500089561091023,0.5179823798507383,0.4367782568479519,1,0.12955096104324026,Zone-21,0,0.23,Elevated night flow and average pressure,
13.98385229041133,4.678389231068579,0.6077090313526717,0.5499100435651735,0.4410252057590584,1,0.44700555867636727,Zone-19,0,0.13666666666666666,Elevated night flow and pressure fluctuation,
16.886270468992496,3.67423088001088,0.029085931335000627,0.08173912351744742,0.2728717430020585,1,0.8795580933107152,Zone-21,0,0.12333333333333334,Elevated night flow and pipe material risk,
29.448729149465848,3.2941714617244573,0.2246676319075621,2.7878748121239854,0.24156470067317445,0,0.18527376032751341,Zone-28,0,0.21333333333333335,Elevated average pressure and pipe material risk,
19.769122837302643,4.940851063654576,0.3078065568107835,0.983629676827275,0.3732320683052427,2,0.1283778061334997,Zone-20,0,0.15,Elevated night flow and pipe material risk,
18.752745486936156,4.680481993375398,0.1968592859212492,0.9850570246012714,0.18520620255535333,0,0.31054745729260547,Zone-20,0,0.16333333333333333,Elevated night flow and pipe material risk,
34.786891630358895,3.61778887117796,0.5782585279857356,2.678906394543681,0.5721972198935259,1,0.19161442054787303,Zone-01,0,0.5566666666666666,Elevated pipe age and pipe material risk,Aging infrastructure
34.89021611515234,3.8247926523902898,0.36427112835164355,0.23680311257547765,0.19286494105872287,1,0.3682965207338712,Zone-24,0,0.22333333333333333,Elevated night flow and pipe age,
13.432603731384603,5.597722422328602,0.024641528421515343,4.307231955691565,0.6123449691396302,0,0.47291146361505176,Zone-05,0,0.42333333333333334,Elevated night flow and average pressure,Suspected active leak (flow signature)
22.412376922215827,2.781687442208909,0.030314392095492308,0.8367984896567499,0.353947896711155,2,0.022164548539860607,Zone-24,0,0.17666666666666667,Elevated average pressure and pipe material risk,
13.831350048553873,3.3975175213287665,0.37968056176559645,0.713353808125291,0.5144123357054683,0,0.2022656003798956,Zone-01,0,0.10666666666666667,Elevated night flow and average pressure,
14.84126207877718,3.1163116779398754,0.017612280298582465,4.887053786930528,0.09073365937135387,1,0.8132869564916969,Zone-25,1,0.6266666666666667,Elevated night flow and average pressure,Suspected active leak (flow signature)
19.091493404467506,4.6975581490018765,0.19964188909308594,4.670503661406731,0.14911121740846822,1,0.8358861003150726,Zone-14,1,0.7166666666666667,Elevated night flow and pipe material risk,Suspected active leak (flow signature)
11.509748208640055,5.750134471798207,0.2631519823796732,0.9909281903093619,0.17211503062302366,1,0.5747678944220536,Zone-15,0,0.16333333333333333,Elevated night flow and average pressure,
11.572323522240486,5.081003799873969,0.07627213414007354,3.8672413213664605,0.08418675030076353,0,0.15717802690573723,Zone-18,0,0.22666666666666666,Elevated night flow and pipe material risk,
14.216247216145758,4.916824925291359,0.41688671797739735,1.2334945313008627,0.7894077251095339,0,0.8563426267074079,Zone-29,1,0.33666666666666667,Elevated night flow and pipe material risk,Suspected active leak (flow signature)
29.211186038288783,5.953447018863299,0.4345803405551983,1.479491494946855,1.0984206813510369,0,0.8980038903055506,Zone-26,0,0.28,Elevated average pressure and pipe material risk,Pressure-related stress
23.966262098320065,3.4808559782955726,0.13957833472619044,4.241267991657104,0.01643058437095997,1,0.8983911360076261,Zone-06,0,0.42333333333333334,Elevated night flow and pipe material risk,Suspected active leak (flow signature)
24.31618871851353,4.135741884826122,0.17090528224824483,5.521901543908887,0.643738073844052,0,0.2518321588949518,Zone-06,0,0.8566666666666667,Elevated night flow and pipe material risk,Suspected active leak (flow signature)
18.337335323009132,4.7305894062111395,0.23290051143861437,3.043007697671559,0.13539303127613514,0,0.35548687546518387,Zone-26,0,0.4633333333333333,Elevated flow fluctuation and night flow,Suspected active leak (flow signature)
17.689979160939874,4.8479183449195125,0.24721223796013098,0.20390532632261932,0.8296852516445828,0,0.03241038883752334,Zone-21,0,0.11666666666666667,Elevated night flow and pipe material risk,
22.91511513525888,3.5518887767529,0.03781209423305991,0.9046242240576199,0.07764034645644428,0,0.39852824099781603,Zone-24,1,0.08,Elevated night flow and average pressure,
16.774514233617857,3.531387663002647,0.41732187554701194,0.05119914141299012,0.06436158797515204,1,0.16173747227599022,Zone-13,1,0.16333333333333333,Elevated night flow and pipe material risk,
21.329719727438494,4.389571502494207,0.8707683807045301,0.017121019174371116,0.4050434605439179,2,0.6520850506917114,Zone-08,0,0.25666666666666665,Elevated night flow and pressure fluctuation,Suspected active leak (flow signature)
17.339026744736966,5.0742779061109955,0.8860967418208252,0.2364397472217772,0.06642487675675976,1,0.49298338683910525,Zone-09,0,0.16,Elevated night flow and pressure fluctuation,
26.93645304954993,2.7933023413309286,0.13603607740135418,0.3000495111698289,0.07295684350536419,0,0.5098567726450187,Zone-23,0,0.11333333333333333,Elevated night flow and average pressure,
12.160357852650117,4.323819012350783,0.42460677254612395,2.7953897918838027,0.8423595826393823,0,0.22675501642972817,Zone-08,0,0.15333333333333332,Elevated pipe material risk and pipe age,
9.77353082716202,3.967357544539233,0.08615279529822498,0.4138807510729692,0.13107412206855393,2,0.868424144000575,Zone-02,1,0.23666666666666666,Elevated night flow and pipe material risk,
23.24965612415585,3.6034973069289373,0.5880538530458564,0.20238820739079014,0.5216154033527007,0,0.27789773405001206,Zone-01,0,0.19,Elevated night flow and pressure fluctuation,
24.57460837335791,4.33441857475485,0.016322854096608653,3.7182863936481714,0.2475704480185508,1,0.006284616660992226,Zone-12,1,0.24333333333333335,Elevated pipe material risk and night flow,
10.473500313317906,6.050195010615815,0.0602926434816869,5.923071420492306,0.18817730451939882,0,0.6600100892873799,Zone-26,1,0.8333333333333334,Elevated night flow and average pressure,Suspected active leak (flow signature)
17.608764721708038,5.011305406948465,1.4025121092327386,1.4256944963185811,0.25500152148716554,0,0.868633794277037,Zone-17,0,0.4533333333333333,Elevated pressure fluctuation and pipe material risk,Pressure-related stress
19.325970230211215,3.85997120851814,0.14212050633634485,3.6738434478457056,0.6683117024866873,1,0.0729234367674717,Zone-01,1,0.47,Elevated pipe material risk and night flow,Aging infrastructure
13.981980369670374,4.436536992686361,0.008748230804530152,4.482251933384732,0.2527056193785556,1,0.6048467273096657,Zone-17,0,0.4033333333333333,Elevated night flow and pressure fluctuation,Suspected active leak (flow signature)
22.99629394657306,4.770652665396279,0.9116015507518808,2.1993196011153273,0.02226948390041259,0,0.33765764343728444,Zone-15,0,0.37,Elevated pressure fluctuation and flow fluctuation,Pressure-related stress
7.698959786885386,4.760918528526315,0.8686943631834058,4.229864583657906,0.07727955566532194,1,0.6946929170541387,Zone-26,1,0.48,Elevated pressure fluctuation and night flow,Pressure-related stress
7.080301519073354,4.359463903386811,0.5034503024378123,1.5410543839966153,0.19778992094368494,0,0.440696811861521,Zone-03,0,0.20666666666666667,Elevated pipe age and night flow,
16.03994829112541,4.280242368268314,0.0009895990430869328,3.262147160530773,0.5012795653076096,1,0.06264861804179367,Zone-26,0,0.30333333333333334,Elevated pipe material risk and pressure fluctuation,Aging infrastructure
9.661473346352246,3.405015629638534,0.06508861563730745,1.8973900484393051,0.34910389663759395,0,0.7124351374398114,Zone-13,0,0.15,Elevated average pressure and pipe age,
24.276084821204165,3.822633776793843,0.9095173994463964,4.336832961960039,0.018191504705210856,1,0.20571718100825465,Zone-06,0,0.6333333333333333,Elevated pressure fluctuation and night flow,Pressure-related stress
13.913344995130092,2.987008206018623,0.07445069648401513,2.118814210227284,0.1719814101334768,1,0.7083359801659767,Zone-02,0,0.1,Elevated average pressure and pressure fluctuation,
29.79078313157085,4.676871496286962,0.11580982232121287,6.926738152540856,0.35402323189626056,1,0.9631518126056334,Zone-11,1,0.9366666666666666,Elevated night flow and pipe material risk,Suspected active leak (flow signature)
17.696524067429426,4.194806172576042,0.24195632130029887,1.6561821881769752,0.09313521816277796,1,0.8329956583056359,Zone-20,1,0.29333333333333333,Elevated pipe material risk and night flow,Aging infrastructure
12.750983017168016,4.544550045656451,0.023161047545918738,2.2723039201701822,0.8325711285714785,0,0.5182803673409924,Zone-17,1,0.21,Elevated pressure fluctuation and pipe age,
18.48083367413726,5.295385020614921,1.2624466784626296,0.591153204888666,1.2898502334533373,0,0.9136080466852671,Zone-01,0,0.3333333333333333,Elevated pressure fluctuation and night flow,Pressure-related stress
23.790051071034984,2.064270267941504,0.06414999126825542,0.14517023332951035,0.0813302908316443,1,0.031652102483554656,Zone-08,0,0.21666666666666667,Elevated average pressure and night flow,
26.88304599556457,4.883996681711217,0.06252788536247042,9.797655350690464,1.301839433130971,3,0.8158435210640067,Zone-27,1,0.94,Elevated night flow and flow fluctuation,Suspected active leak (flow signature)
32.87058671982311,5.6469050755124455,0.051607658106002464,12.63733603737444,0.5236375838552826,0,0.43220700487716934,Zone-13,1,0.8466666666666667,Elevated night flow and pipe age,Suspected active leak (flow signature)
25.624245946257915,3.8104136827426283,0.6320497900188504,2.4146516446961868,0.3052200435332817,0,0.6992943048757094,Zone-02,0,0.5433333333333333,Elevated pressure fluctuation and average pressure,Pressure-related stress
12.947544135223241,4.518548168907613,0.08577208913607927,1.8558675944728018,0.5973129454178994,1,0.5013166180935685,Zone-14,1,0.13333333333333333,Elevated pressure fluctuation and pipe age,
18.16214975820464,4.47858927909837,0.4678092740850698,0.06510250718122697,0.6714335412172207,1,0.8060803234250968,Zone-22,0,0.3,Elevated night flow and pipe material risk,Suspected active leak (flow signature)
46.28751847794735,4.511038462186747,0.02345618587427927,5.4639773011092405,0.13067994996613624,0,0.05785771545345164,Zone-04,0,0.6,Elevated night flow and pipe age,Suspected active leak (flow signature)
18.036645061712157,3.412217798587136,1.1996936776760259,2.6471282563257765,0.549539006484915,0,0.9296676741531098,Zone-01,1,0.43666666666666665,Elevated pressure fluctuation and pipe material risk,Pressure-related stress
16.006918834111996,3.9472473587648853,0.5145464133715869,1.8131539374451395,1.2109180460559619,1,0.7634051093582446,Zone-15,1,0.5233333333333333,Elevated flow fluctuation and pipe material risk,Suspected active leak (flow signature)
19.332063011580793,4.910927975096627,0.008757843257279697,7.718842268646183,0.28396714699886777,2,0.22666364193220256,Zone-27,1,0.7066666666666667,Elevated night flow and pressure fluctuation,Suspected active leak (flow signature)
7.194797603419291,3.537661163341491,0.056018765255526896,0.07221098090036594,0.17289705300071062,1,0.7366839888607118,Zone-17,0,0.12666666666666668,Elevated night flow and pipe age,
16.088188187943082,3.8324472524044744,0.09767516622188789,0.5819813932822469,0.03961396170832583,2,0.1854353342638677,Zone-28,0,0.13333333333333333,Elevated night flow and pipe material risk,
21.850806250386494,4.733482081467612,0.08509460444414829,1.2075678226049933,1.7512143078671516,2,0.8553854991329243,Zone-25,1,0.2833333333333333,Elevated flow fluctuation and night flow,Suspected active leak (flow signature)
11.709913662891143,3.501115179663179,0.08429431793871438,12.55791770331951,0.020972889950766536,2,0.9871727079414363,Zone-29,1,0.8566666666666667,Elevated night flow and pipe material risk,Suspected active leak (flow signature)
8.799670815187445,4.858548818673427,0.8531782953040797,1.1067275444705278,0.2836718836127869,0,0.3807938560622627,Zone-25,1,0.20666666666666667,Elevated pressure fluctuation and night flow,
34.765544212613385,4.878165850295477,0.0017743186933887954,5.798061331551649,0.777221259907883,0,0.16816602357360644,Zone-26,1,0.56,Elevated night flow and pipe age,Suspected active leak (flow signature)
29.777640912246675,4.698219761508681,0.8962994426972654,2.8661915483983007,0.16034786156429115,1,0.22243615358672542,Zone-18,1,0.5966666666666667,Elevated pressure fluctuation and pipe age,Pressure-related stress
12.765642367299268,3.9699789027538186,1.6005769370625458,3.2851298097954107,0.5316036875022646,0,0.4702220341454887,Zone-01,0,0.6766666666666666,Elevated pressure fluctuation and pipe age,Pressure-related stress
27.475677788540732,4.038770758736093,0.1318462016505913,4.697517739483651,0.12687993084041602,0,0.17051838365335859,Zone-26,1,0.5933333333333334,Elevated night flow and pipe material risk,Suspected active leak (flow signature)
25.944284502672872,3.180812353560453,0.07847747613721869,4.761752248910244,0.4404456828421809,1,0.005216251676792516,Zone-03,0,0.49333333333333335,Elevated night flow and pipe material risk,Suspected active leak (flow signature)
9.39155180653131,4.013814333323678,0.16925969620589804,4.247092941548284,0.032642358204989216,0,0.05939662899762199,Zone-26,0,0.36,Elevated night flow and pipe material risk,Suspected active leak (flow signature)
10.082239244023668,4.549088165080536,0.08979494324156023,0.27488529873564405,0.7909842175536078,0,0.4761613598588388,Zone-25,1,0.14666666666666667,Elevated night flow and pipe age,
9.081537326564668,4.539936812112895,0.3319870594416626,2.447916293587343,0.6223611652108646,1,0.4920165624712032,Zone-05,0,0.21333333333333335,Elevated pipe age and flow fluctuation,
10.966942015975253,6.420589686979568,0.018115391619966302,7.418299420428941,1.663379917955515,0,0.692255414544123,Zone-09,1,0.6966666666666667,Elevated night flow and flow fluctuation,Suspected active leak (flow signature)
18.38892133387298,4.243292343226275,0.031453414981781454,14.572684232171627,1.7053859187532905,1,0.9303773998991519,Zone-15,1,0.8966666666666666,Elevated night flow and flow fluctuation,Suspected active leak (flow signature)
35.07039142057292,4.17850203081926,0.0741845149388992,1.1300875438296518,0.32767973355331464,0,0.11932458971287796,Zone-16,0,0.1,Elevated pipe age and night flow,
17.14811729230615,4.6115909452748785,0.7530882988086508,4.262928968987241,0.20804439569184585,0,0.7915641155259189,Zone-22,1,0.7233333333333334,Elevated night flow and pressure fluctuation,Suspected active leak (flow signature)
28.346417135410903,4.163673814727405,0.1664237843970181,0.2524605960514169,0.058850790818717434,1,0.2839837233198139,Zone-18,0,0.09666666666666666,Elevated night flow and pipe age,
31.495531308243226,5.172274520320327,0.028831626969999323,0.618062467445647,0.1258759441604285,1,0.15491893619103725,Zone-04,0,0.06,Elevated night flow and pipe age,
21.162139469007506,4.481002670178316,0.34222020193288,3.6326935629675066,1.0438290630982219,0,0.95596677627793,Zone-22,1,0.7266666666666667,Elevated pipe material risk and night flow,Aging infrastructure
30.106374348825625,5.24237171991942,0.5445229907389425,1.3175067846994142,2.163335249239021,3,0.29275136904395993,Zone-12,0,0.5366666666666666,Elevated flow fluctuation and night flow,Suspected active leak (flow signature)
28.08612033776205,4.535634870062998,0.30631761757121395,4.745990027483868,0.7583990853494573,0,0.5549697026243513,Zone-06,1,0.8133333333333334,Elevated night flow and pipe age,Suspected active leak (flow signature)
25.416834344250905,3.927222379665254,0.07488984540136394,2.0829530773805063,0.9581013464935271,1,0.5256143689854933,Zone-16,0,0.5133333333333333,Elevated flow fluctuation and pressure fluctuation,Suspected active leak (flow signature)
28.014337471683216,5.785286650937713,0.189969120160011,14.937333692828684,0.529106017853779,2,0.6759945041206126,Zone-13,1,0.8433333333333334,Elevated night flow and average pressure,Suspected active leak (flow signature)
20.945647676389136,2.366746766262405,0.3402311936516568,0.01194381175014389,0.2551711335267417,1,0.5568455125355974,Zone-06,0,0.27,Elevated night flow and average pressure,Suspected active leak (flow signature)
23.311446014061836,4.768289027739506,0.5238870758418074,2.913377328094829,0.09931179010481893,3,0.9515333598241641,Zone-03,1,0.62,Elevated pipe material risk and pressure fluctuation,Aging infrastructure
8.143512778056621,4.461309890732394,0.46730432791021087,4.003075662087394,0.251912411639691,2,0.5130962002834701,Zone-24,0,0.63,Elevated night flow and pipe age,Suspected active leak (flow signature)
7.689349838625041,5.227133048431368,0.4142149752268391,5.022402681509978,0.392478597207909,1,0.8378336819208785,Zone-14,1,0.41333333333333333,Elevated night flow and pipe age,Suspected active leak (flow signature)
2.2633648810779836,2.6352653587792103,0.13044497352640227,1.1517636556524007,0.6183482915355233,0,0.6667103159142048,Zone-23,0,0.35333333333333333,Elevated average pressure and pipe age,Pressure-related stress
27.33538642969098,4.244989048906998,0.1998465653671773,6.110889706083597,0.4247525608681268,3,0.9862984412963813,Zone-15,0,0.8666666666666667,Elevated night flow and pipe material risk,Suspected active leak (flow signature)
16.52294599405034,3.4428881946687175,0.00681082051540582,1.4229534057709892,0.775308057448007,1,0.9698233378530045,Zone-30,0,0.2866666666666667,Elevated pipe material risk and average pressure,Aging infrastructure
8.572605089299527,4.93655821300595,1.3683399995563852,1.2833590634928145,0.2938123801182595,1,0.7665144571356681,Zone-28,0,0.4066666666666667,Elevated pressure fluctuation and pipe age,Pressure-related stress
12.136403942831901,3.599984775831571,0.3115137437013591,0.1776486485450423,0.38812627844673714,1,0.613022261678253,Zone-01,0,0.07666666666666666,Elevated night flow and average pressure,
11.193187377647156,6.032175708535958,1.2289200887075014,0.11446128953151538,0.7028964921643726,1,0.8167649924177588,Zone-15,0,0.27,Elevated pressure fluctuation and night flow,Pressure-related stress
11.124807529001545,4.247088616288275,0.8972819012103176,2.7942615108020497,0.09086956729992975,0,0.7099885461685681,Zone-14,0,0.38,Elevated pressure fluctuation and pipe age,Pressure-related stress
18.047933570541975,4.500237243419639,0.4201125838492315,1.6487561919728289,0.25300033824589674,0,0.10435167533201395,Zone-30,0,0.16666666666666666,Elevated pipe material risk and night flow,
29.72215733702757,4.606863272224304,0.4355757483012089,0.16688215091868505,1.5198129213208071,1,0.5212896981042794,Zone-28,0,0.36666666666666664,Elevated night flow and flow fluctuation,Suspected active leak (flow signature)
15.219458373029852,5.901953639846513,0.5085772506360823,2.919846177937871,0.1611985761468182,0,0.1817823474371374,Zone-21,0,0.36,Elevated average pressure and pipe material risk,Pressure-related stress
10.286538731475083,4.355678733230386,0.21197745181975758,1.9741068025024346,0.9489443593308228,0,0.5972176035440051,Zone-04,1,0.25,Elevated pipe age and flow fluctuation,Aging infrastructure
10.24415598932422,3.752128265142071,0.4372932278541054,1.233000778532625,1.9421538126017337,2,0.46125348856977755,Zone-26,0,0.5566666666666666,Elevated flow fluctuation and night flow,Suspected active leak (flow signature)
4.7754813829556735,4.164905875513193,0.219771118992552,0.17849752301277155,0.25321838260972973,1,0.06382011785323094,Zone-18,0,0.20333333333333334,Elevated night flow and pipe age,
11.039525868841942,4.8636781658239565,0.32174939154786353,0.0368300710221151,2.1356717940297405,0,0.24701363995576076,Zone-13,1,0.25666666666666665,Elevated flow fluctuation and night flow,Suspected active leak (flow signature)
31.619896841052206,4.390540511643415,0.11218932813320444,0.3506307221217575,0.4497770561204346,0,0.5216130210408915,Zone-07,0,0.08333333333333333,Elevated night flow and pipe age,
14.676743308978772,3.7915763386836527,0.18204499120391626,1.2060901229637913,0.5602949124795379,1,0.8303645833867308,Zone-27,0,0.12,Elevated night flow and pipe material risk,
34.33038759112908,5.343765726034916,0.0750114966828109,0.21527060254081104,0.3517638244102122,2,0.2980190763279824,Zone-09,0,0.21666666666666667,Elevated night flow and pipe age,
23.500897236472458,3.743248587823673,0.3017718518208468,2.9982213033801717,0.16035854817874554,0,0.7821116211303906,Zone-04,0,0.41,Elevated pipe material risk and average pressure,Aging infrastructure
14.36403937322302,4.543869553003205,0.3593551193887334,0.2311068598730157,0.6893666397729036,0,0.288663961312828,Zone-22,0,0.16333333333333333,Elevated night flow and pipe material risk,
21.422044200097623,3.1979798077970365,0.05794578011936209,1.0011782583731703,0.10302681134863251,0,0.19882120391620428,Zone-06,0,0.13666666666666666,Elevated night flow and average pressure,
14.228487728041234,4.775821256362263,0.2569666476298516,0.454180133280872,0.1761661705675121,1,0.8961411642089468,Zone-25,0,0.19,Elevated night flow and pipe material risk,
22.03894354415283,4.192653437638577,0.15666825299518972,0.30351513668046326,1.014521872632599,2,0.11808377436866035,Zone-20,0,0.17,Elevated night flow and pipe material risk,
7.305438775788421,4.973377281093133,0.09774129602255602,2.404476065951053,0.09545897375598834,1,0.07579032244300277,Zone-09,0,0.32,Elevated pipe material risk and pipe age,Aging infrastructure
20.435068507215814,3.2793480139073683,0.17736658639430905,1.1902720312989694,0.10951914797174811,0,0.9510858012151799,Zone-28,1,0.30333333333333334,Elevated pipe material risk and average pressure,Aging infrastructure
28.107320454903416,4.30311158891375,0.13720023259135028,0.49094759707570546,0.2091797986696809,0,0.46463585177670397,Zone-09,0,0.09,Elevated night flow and pipe age,
10.066994929910365,4.898759206307363,0.34598619034322026,0.4277522034621844,1.647850576060253,1,0.5905111604373054,Zone-23,0,0.53,Elevated flow fluctuation and night flow,Suspected active leak (flow signature)
20.588784802337862,5.009965119944117,0.6945976677571726,5.084531375811677,1.0606685646813354,0,0.7430105835333694,Zone-09,1,0.72,Elevated night flow and pressure fluctuation,Suspected active leak (flow signature)
18.36567483116806,6.059965215509873,0.004862335484295359,0.5431308502508992,1.646849248324046,0,0.5338055966398717,Zone-19,1,0.25,Elevated flow fluctuation and night flow,Suspected active leak (flow signature)
26.14748038395927,4.645177773486913,0.06017532340808707,0.6149408826029372,1.025849702858209,0,0.6655460829512252,Zone-28,0,0.35,Elevated night flow and flow fluctuation,Suspected active leak (flow signature)
21.07953122285021,3.8413224509696,0.2539542765361838,2.4904077586721325,0.37510161148871973,0,0.9387004436893844,Zone-29,0,0.43666666666666665,Elevated pipe material risk and average pressure,Aging infrastructure
31.261593595317642,5.100396800621182,0.43312051824544506,1.4185698261818593,0.1376890187703854,2,0.09185731400205344,Zone-24,0,0.29333333333333333,Elevated pipe material risk and pipe age,Aging infrastructure
13.225541165149595,5.246466861652145,0.29127298841627847,2.2282786382385464,1.376266798289276,2,0.8221038518708447,Zone-30,0,0.6,Elevated flow fluctuation and pipe material risk,Suspected active leak (flow signature)
6.354520958048288,6.048208450432052,0.2766656108837277,1.653113280257096,0.13258535486542186,1,0.8930239843794392,Zone-01,1,0.2633333333333333,Elevated average pressure and pipe age,Pressure-related stress
4.255378321386172,5.620108568906005,0.16174341126473288,2.1636405797777276,0.25742997817338387,0,0.42514139640802007,Zone-20,0,0.16333333333333333,Elevated pipe age and average pressure,
19.62640721525909,3.9881988945489946,0.3863791446246792,5.50154179392149,0.2945674508769541,1,0.753244011763465,Zone-14,0,0.83,Elevated night flow and pipe material risk,Suspected active leak (flow signature)
14.077026318924036,4.3726388840167525,0.05773991283526648,0.4562258883777921,0.9381222991205378,0,0.3529510622714408,Zone-22,0,0.06,Elevated night flow and pressure fluctuation,
40.673104771773424,4.331264768154302,0.37377893076416463,5.216146430897796,0.65722062400858,0,0.07251471685996835,Zone-19,1,0.8066666666666666,Elevated night flow and pipe age,Suspected active leak (flow signature)
21.818682502687935,4.736099069042273,1.0087238176153235,10.35690662053268,0.37562640815113024,1,0.07735957230454626,Zone-21,1,0.8533333333333334,Elevated night flow and pressure fluctuation,Suspected active leak (flow signature)
15.300241838922053,4.582846777997856,0.14459551461935086,2.8850878649108216,0.7516735028451101,1,0.07942734443622201,Zone-13,0,0.10666666666666667,Elevated pipe material risk and pressure fluctuation,
13.14944859735677,4.9494385314622384,0.24158374019503964,0.7359335509325986,0.19852315114794722,2,0.7051092728549115,Zone-13,1,0.19666666666666666,Elevated night flow and pipe age,
28.842866441402464,5.526391675316458,0.5073463440913478,1.9697478338492496,0.5301441481641513,1,0.05974329182544458,Zone-22,1,0.35,Elevated pipe material risk and average pressure,Aging infrastructure
22.633479175089725,4.505301136328871,0.17587520538249365,0.5719809190672329,0.5364319085447696,2,0.1647740569547813,Zone-21,0,0.12333333333333334,Elevated night flow and pipe material risk,
22.399003086920995,4.840903422054724,0.10159402877352902,0.2912108407850352,0.04648835386636221,0,0.38211283099159055,Zone-29,1,0.09,Elevated night flow and flow fluctuation,
8.22798127924316,5.601727894862973,0.17950358417121728,3.447711488269894,0.3634148599282292,0,0.02833356062258019,Zone-10,0,0.13666666666666666,Elevated pipe material risk and pipe age,
6.259602048666327,4.246609469787095,0.16857876517634662,0.8514839634047302,0.5952024616313507,0,0.5100995721762205,Zone-10,0,0.05,Elevated night flow and pipe age,
5.136331094613707,5.6134263614670985,0.5365634054388385,1.70585256748537,0.19363170382613526,1,0.12199989565168767,Zone-30,0,0.43666666666666665,Elevated pipe age and pipe material risk,Aging infrastructure
36.55637038619274,2.6198042543859614,0.592072764665392,0.2125634741958463,0.6769656913881297,1,0.3786224264833902,Zone-12,1,0.37666666666666665,Elevated night flow and average pressure,Suspected active leak (flow signature)
16.06767983423714,6.126767262777791,0.41666963510899546,2.2219167273332223,0.5658424037968556,1,0.19675395318873823,Zone-11,0,0.3566666666666667,Elevated average pressure and pipe material risk,Pressure-related stress
42.95707882308129,6.2924925315640685,0.054799926929651396,1.6323283577855887,0.039019308749032484,2,0.7822899549601213,Zone-19,0,0.5066666666666667,Elevated pipe age and average pressure,Aging infrastructure
7.892379003636822,6.378977921797201,0.09347372204235939,0.2899477919550607,0.02287912225759087,1,0.9673216285226898,Zone-18,0,0.15,Elevated night flow and average pressure,
29.279382060711416,4.188247944928221,0.355629185935383,1.0094507229528473,0.38629972128313955,0,0.14813709547538711,Zone-28,0,0.18,Elevated night flow and pipe material risk,
31.417265507428723,3.318559482547223,0.015754374334173062,1.4516975621595476,0.19552827546446142,1,0.6226563330198057,Zone-04,1,0.11666666666666667,Elevated average pressure and pipe age,
14.854100155464279,5.6661582682506,0.125573687236481,7.237872946710131,0.603024587111097,3,0.6394168767635788,Zone-19,1,0.8933333333333333,Elevated night flow and average pressure,Suspected active leak (flow signature)
16.57957776350059,2.6601114723220904,0.0334301543971088,2.111988929359824,0.08018342352066726,1,0.2635418572923104,Zone-24,1,0.22,Elevated average pressure and pressure fluctuation,
6.157881499292626,4.98271279454399,0.009695612798412608,1.5306423211800082,0.43914823996010904,1,0.21879921108618405,Zone-04,0,0.30666666666666664,Elevated pipe age and pressure fluctuation,Aging infrastructure
12.639655278571198,5.569866304091539,0.6293555479685683,2.6058936759155866,0.46812468933069523,0,0.7649656918637233,Zone-01,0,0.20333333333333334,Elevated pressure fluctuation and average pressure,
34.56052848280275,4.083173657129743,0.3643151950162151,0.15684438933777411,0.06003630519800608,0,0.8244583961993368,Zone-18,0,0.42333333333333334,Elevated night flow and pipe age,Suspected active leak (flow signature)
13.767583559505255,5.68197286846607,0.05711616356422001,0.6669574368413234,0.7253431919137227,0,0.19903115253395887,Zone-10,0,0.10333333333333333,Elevated night flow and average pressure,
8.281852930929317,4.800609942680664,0.07464895134147263,2.289780966202508,0.17971847842727284,0,0.8455784994508668,Zone-05,0,0.19,Elevated pipe age and pipe material risk,
36.233423700747075,4.064940106234054,0.4457280472670965,1.4216649129002001,0.8606486561662738,0,0.7632090719640938,Zone-15,0,0.3566666666666667,Elevated pipe age and night flow,Aging infrastructure
9.17927223300316,4.438729151746119,0.49889491535658087,2.4776017102851533,0.3235181285461745,0,0.08401475268257697,Zone-06,0,0.13666666666666666,Elevated pipe material risk and pipe age,
26.60293918323702,4.458887857602461,0.8852126933217841,0.569556016200944,2.1616077189286416,2,0.5578436727407863,Zone-01,1,0.6033333333333334,Elevated flow fluctuation and pressure fluctuation,Suspected active leak (flow signature)
10.048573483789953,4.645676476715878,0.26746304942749355,0.22144875499791575,0.9205889513932425,3,0.37943689926772184,Zone-07,0,0.27,Elevated night flow and pipe age,Suspected active leak (flow signature)
15.424152549702267,4.892010999530488,0.13456830817843718,0.09586338261593033,0.2007690030504543,0,0.24383973885580068,Zone-14,0,0.08,Elevated night flow and pipe material risk,
15.151388495849211,4.63427384446585,0.08841443094697277,0.251929427528737,0.31566768326048095,0,0.5584006889264675,Zone-09,0,0.12333333333333334,Elevated night flow and pressure fluctuation,
16.77082842689887,4.670094754014087,0.010956376309722132,3.022037421633064,1.226629855986203,2,0.2801883557410607,Zone-02,1,0.69,Elevated flow fluctuation and pressure fluctuation,Suspected active leak (flow signature)
8.131981345804263,3.9649864561360735,0.15710796190511353,1.313191088681647,1.032276029922547,0,0.3873452007292798,Zone-11,0,0.10666666666666667,Elevated pipe age and night flow,
16.57914009631641,4.63727532965193,0.2798217093016791,2.9458931041738,0.2720602407264393,0,0.7818224247987952,Zone-06,1,0.4866666666666667,Elevated pipe material risk and flow fluctuation,Aging infrastructure
12.744884547413593,5.807810788556435,0.009047560966012556,3.160605733909815,0.8725486673570962,1,0.19691487718566436,Zone-03,1,0.44333333333333336,Elevated average pressure and pipe material risk,Pressure-related stress
6.676095160506955,4.64694986350317,0.10513714511888791,2.6209144929735855,0.35790587576475336,0,0.43512606979708013,Zone-14,0,0.2833333333333333,Elevated pipe age and pressure fluctuation,Aging infrastructure
14.567941638103214,4.7142689380505445,0.20905844920055439,0.8720061802963444,1.20135415931154,1,0.31690436982446835,Zone-04,1,0.17,Elevated night flow and flow fluctuation,
11.753164498279126,4.2779440743970465,0.15760913651063743,0.13194811832123016,0.008806556211954275,2,0.17829075933445804,Zone-25,0,0.2966666666666667,Elevated night flow and pipe material risk,Suspected active leak (flow signature)
17.831541637595627,2.974374382911133,0.029910688565101734,0.48102411466700407,0.3113395935830389,0,0.17849332795702988,Zone-01,0,0.10333333333333333,Elevated night flow and average pressure,
34.4390661865591,4.795242536204134,0.8823911202564761,0.5121490124125182,0.10117463009245072,0,0.005259552431175041,Zone-27,0,0.23,Elevated pressure fluctuation and night flow,
11.044714431897905,4.2159756742852,0.05150126536992197,0.28827050164328843,0.49330489637695957,1,0.5574317137289926,Zone-11,0,0.19333333333333333,Elevated night flow and pipe age,
13.747058028235447,4.871903376652836,0.03315207086927926,1.2418918022301844,0.9876612533325788,0,0.47956445793158464,Zone-22,0,0.17666666666666667,Elevated night flow and pressure fluctuation,
8.413183048044877,4.825201258048475,0.17111670339354948,5.0953715792303536,1.52881020356561,2,0.4134865527904017,Zone-10,1,0.7033333333333334,Elevated night flow and flow fluctuation,Suspected active leak (flow signature)
51.892221966689576,4.292131907119709,0.6928206439780102,0.1770287207951758,0.07745965073292127,1,0.8855177198640226,Zone-21,0,0.6433333333333333,Elevated pipe age and night flow,Aging infrastructure
35.12080335301187,2.9548930680458496,0.6546531562850217,1.0095612686165008,0.23403865492814904,2,0.9517395249749929,Zone-03,1,0.5233333333333333,Elevated average pressure and pipe age,Pressure-related stress
17.647527195277256,5.203321914467791,0.40161459626173646,6.455982974027238,1.4714981810685084,1,0.3115002266091227,Zone-11,1,0.92,Elevated night flow and flow fluctuation,Suspected active leak (flow signature)
32.56812430066029,4.579986845451798,0.11189917426330613,2.7025060317414558,0.03437945489046397,2,0.6645172365318696,Zone-20,1,0.45,Elevated pipe age and flow fluctuation,Aging infrastructure
17.83907619507963,5.541572789915919,0.023465826280814308,0.25174485015784576,0.6725196469239605,0,0.29988963854100215,Zone-23,1,0.13,Elevated night flow and average pressure,
10.271294170702248,4.092747688033666,0.26787147696725794,1.8736466287065818,1.7662580259573892,1,0.729480091268501,Zone-28,1,0.52,Elevated flow fluctuation and pipe age,Suspected active leak (flow signature)
19.45657847706699,4.226487141667621,0.30982006168162984,2.037340462737702,0.49770156153598055,1,0.7651969057254868,Zone-20,1,0.24333333333333335,Elevated pipe material risk and night flow,
20.54081645492381,5.93078861438261,0.2351644791275021,2.795847996156151,0.09621633175210868,0,0.16836436326622073,Zone-25,1,0.25666666666666665,Elevated average pressure and pipe material risk,Pressure-related stress
16.750685426241375,4.980013808514682,0.013123703066491106,8.88978574599135,0.6239399658167085,0,0.5445226309282789,Zone-14,1,0.75,Elevated night flow and pressure fluctuation,Suspected active leak (flow signature)
46.7024090730314,3.2994581061131205,0.02791481128148438,4.869343944662564,0.10066657890299144,0,0.6328982335944072,Zone-03,0,0.79,Elevated pipe age and night flow,Aging infrastructure
16.540204155581502,3.184023458740005,0.2543927973773227,0.6569957267010995,0.9999081053951286,1,0.8895212882837146,Zone-10,0,0.27666666666666667,Elevated night flow and average pressure,Suspected active leak (flow signature)
21.95241362539928,5.193646940297265,0.008126428896955957,0.6484170498128565,0.28079837980765227,0,0.41499294828135325,Zone-23,1,0.18333333333333332,Elevated night flow and pressure fluctuation,
19.603846722510895,4.045423330629534,0.027231332178973045,1.917064505890525,0.5456019287535835,1,0.7808835310076837,Zone-22,0,0.3433333333333333,Elevated pipe material risk and pressure fluctuation,Aging infrastructure
46.30060502149773,4.613781693327356,0.3793594001717065,1.8138609012658027,0.3128421506546491,0,0.7285379298194664,Zone-05,0,0.62,Elevated pipe age and pipe material risk,Aging infrastructure
10.82229544101894,3.658296189591945,0.11363449487707247,1.333374310043226,0.3983174546918422,0,0.7218596530262102,Zone-10,0,0.07,Elevated night flow and pipe age,
16.70370293142993,3.31894267617803,1.2863088524520303,1.2374421430110745,0.04968700307581972,2,0.8076835759783635,Zone-30,0,0.36333333333333334,Elevated pressure fluctuation and average pressure,Pressure-related stress
13.856802239616748,2.974757458519358,0.1261354138865749,4.29201984222722,0.2209263093462951,0,0.5169007154104291,Zone-24,0,0.3933333333333333,Elevated night flow and average pressure,Suspected active leak (flow signature)
33.30270546919507,6.707021798248833,1.8716735765946966,6.75878206146594,0.4368393954015492,0,0.20341804266863406,Zone-22,0,0.7766666666666666,Elevated pressure fluctuation and night flow,Pressure-related stress
8.54639669832842,5.589034499551387,0.030430503757651294,1.111200126552792,0.48515729693483406,1,0.03829459672855928,Zone-11,0,0.16,Elevated pipe material risk and night flow,
10.978266176830438,4.083014753729,0.03094736027301426,0.8039823922267428,0.2584764800544866,0,0.5170522172529597,Zone-29,0,0.05333333333333334,Elevated night flow and pipe age,
11.641760441109065,4.149842395419427,0.7584417132232362,1.5522745522890677,0.673645603687865,1,0.855093390450891,Zone-13,0,0.24,Elevated pressure fluctuation and pipe material risk,
9.972723943182835,4.146639435415245,0.20734125306145823,0.5494295877906049,0.04363476719833129,1,0.450454840728404,Zone-23,0,0.11,Elevated night flow and pipe age,
13.838692561153822,3.942071721350178,0.13368763455652058,5.439095946165748,0.3384968500763936,0,0.7145027467002218,Zone-24,0,0.56,Elevated night flow and pipe material risk,Suspected active leak (flow signature)
13.085866368731413,4.751437728295313,0.24928665904597172,0.0005035460440951565,0.26624545967845115,2,0.9510628096842508,Zone-07,0,0.22333333333333333,Elevated night flow and pipe material risk,
10.490121715213526,4.736798582926269,0.012642729900363537,2.250006559715707,0.20361310121129614,0,0.828480398583696,Zone-06,1,0.36333333333333334,Elevated pipe material risk and pressure fluctuation,Aging infrastructure
22.92821736926839,3.8372753184286363,0.06489878695340272,0.42948077456384265,0.5564861765642807,0,0.40265421133949,Zone-21,0,0.10666666666666667,Elevated night flow and pressure fluctuation,
11.40033769870631,5.796675074731654,0.0028770393723110944,3.2664194376256046,0.27113162015084236,0,0.695082850405422,Zone-09,0,0.41,Elevated average pressure and pressure fluctuation,Pressure-related stress
23.949037385315265,5.20292134030415,0.3770824912172984,4.44377464416882,0.23241740231086425,1,0.5598036562069888,Zone-01,1,0.6433333333333333,Elevated night flow and average pressure,Suspected active leak (flow signature)
23.64626705749453,3.8006821290515798,0.009182238159952847,0.4617789044341585,0.8055001680788112,0,0.6752235499919363,Zone-17,0,0.16333333333333333,Elevated night flow and pressure fluctuation,
18.714713167312055,6.10772010863182,0.4087636466557594,0.0469659513329227,0.2960349565343422,0,0.9371574856798817,Zone-01,1,0.37,Elevated night flow and average pressure,Suspected active leak (flow signature)
19.418566625128978,4.206009737151389,0.3894106550569816,2.5286148084891313,0.6925198896090949,0,0.5192671681369179,Zone-25,1,0.23,Elevated pressure fluctuation and flow fluctuation,
28.774029835091586,3.572983845441298,0.21345954352994248,3.168084706385245,1.6410548734071797,0,0.7414076006110494,Zone-08,1,0.7233333333333334,Elevated flow fluctuation and average pressure,Suspected active leak (flow signature)
27.285392576642042,4.756619141358728,0.3891556482233649,3.7352385288679524,0.37994124577596977,1,0.25766095800544453,Zone-04,1,0.6133333333333333,Elevated night flow and pipe material risk,Suspected active leak (flow signature)
27.682024120546572,3.986513904744123,0.131394670005662,0.29305018904071356,0.48156887200075094,1,0.3330125747710062,Zone-17,1,0.04,Elevated night flow and pipe age,
36.89405791553466,4.099475825563393,0.6207033108448338,2.253940400053451,0.46025901412068515,1,0.07239289422313744,Zone-28,0,0.7,Elevated pipe age and pipe material risk,Aging infrastructure
29.093246277498295,5.5881336622351965,0.0654306918570121,1.9282619078966592,0.482503360236611,0,0.21106623544988368,Zone-21,0,0.21666666666666667,Elevated average pressure and pipe material risk,
20.956252954087816,4.4960655399466996,0.5951044790079575,1.8302771721158746,0.32172363495829304,0,0.3181478348340575,Zone-26,0,0.25,Elevated pressure fluctuation and night flow,Pressure-related stress
29.203813118998923,4.845225200920358,0.18048591879406914,0.25714934397216693,0.09544964255884858,2,0.7068916177388872,Zone-18,0,0.19666666666666666,Elevated night flow and pipe age,
8.100868585629117,4.666341075997334,1.1272841861106482,9.782695749982187,0.5828694455155344,1,0.4027631518135495,Zone-19,1,0.8333333333333334,Elevated night flow and pressure fluctuation,Suspected active leak (flow signature)
8.15549415679014,4.584169847107563,0.49281559895330423,2.209421444172891,0.011321928438166193,0,0.9712553798928933,Zone-25,1,0.5,Elevated pipe material risk and pipe age,Aging infrastructure
18.156735333610154,4.826434994556943,0.2940729080100366,8.807318764586237,0.07737293391605843,1,0.09206025472570234,Zone-15,1,0.7566666666666667,Elevated night flow and pipe material risk,Suspected active leak (flow signature)
7.660105568589186,4.7671709594225735,0.8831976704031905,1.197756654947916,0.6519993542721186,0,0.4239493989424802,Zone-30,0,0.27,Elevated pressure fluctuation and pipe age,Pressure-related stress
22.519869196502693,3.10158904509707,0.29036169298777204,1.3418464977897784,1.7688644693376885,1,0.9931160799114305,Zone-02,0,0.33,Elevated flow fluctuation and pipe material risk,Suspected active leak (flow signature)
9.522309821657355,4.698583948061947,0.3918397388080294,0.12455526067683323,0.36846278933210624,3,0.8810203664464205,Zone-27,1,0.5533333333333333,Elevated night flow and pipe material risk,Suspected active leak (flow signature)
20.51914334619532,4.679968921346189,0.5437189117495744,2.723552488273859,0.005812261857747704,0,0.7608416625168781,Zone-25,0,0.3433333333333333,Elevated flow fluctuation and pressure fluctuation,Suspected active leak (flow signature)
29.81244944890262,5.428206779686612,0.488298808277729,1.7577671628832672,0.7931220722779544,0,0.4363704265143349,Zone-10,0,0.27666666666666667,Elevated pipe age and average pressure,Aging infrastructure
19.18511044237122,4.430664847800709,0.23020595617531686,2.168790558570357,1.2570805028114533,1,0.9442755835372041,Zone-20,0,0.4866666666666667,Elevated pipe material risk and flow fluctuation,Aging infrastructure
29.62284824249274,3.9394310686499407,0.2527357466001515,1.5856530108181741,0.18220453054444258,0,0.7726594651452497,Zone-08,1,0.16666666666666666,Elevated pipe age and pipe material risk,
22.556900997910287,4.65414859384407,0.05974206628504332,0.6428222420619403,0.2998635105700021,0,0.5730118769942631,Zone-26,0,0.22666666666666666,Elevated night flow and pressure fluctuation,
14.05573068207692,3.1364796946496787,0.39187553607024866,0.9082620739826577,0.07227544750819187,1,0.570288445209586,Zone-08,1,0.2633333333333333,Elevated night flow and average pressure,Suspected active leak (flow signature)
24.63769665006101,5.118243730909841,0.18054699221097512,8.531534800437123,0.31958149938876124,1,0.028596470404821606,Zone-02,1,0.65,Elevated night flow and pipe material risk,Suspected active leak (flow signature)
41.85620784208404,5.8513667961809706,0.013929881399651076,0.689086789492287,0.04415817348826339,1,0.8547250294173869,Zone-04,0,0.42,Elevated pipe age and night flow,Aging infrastructure
10.339025804370658,4.221474303552423,0.13499752215220265,4.564555179451205,0.27325068350033005,0,0.931766387076656,Zone-14,1,0.5466666666666666,Elevated night flow and pipe material risk,Suspected active leak (flow signature)
13.832595891371525,3.1418414478569305,0.7740710289387107,0.7060891210212906,0.916237687380933,0,0.3499600316400673,Zone-02,0,0.15,Elevated pressure fluctuation and night flow,
9.043177306911446,6.140972975215206,0.5569687889895603,2.1308033208051667,1.2848150924771855,1,0.08087166842583537,Zone-26,1,0.3,Elevated average pressure and flow fluctuation,Pressure-related stress
24.385887569952047,4.366888848426859,0.7122579452112542,1.0132105227719568,0.6019532702222031,1,0.6786598631299828,Zone-22,1,0.41,Elevated pressure fluctuation and night flow,Pressure-related stress
3.8388198209115925,4.467827091016958,0.27624545884136353,0.6346079703519718,0.22635293770994816,0,0.6948427653364212,Zone-18,0,0.1,Elevated night flow and pipe age,
19.020469921905477,4.123460610992691,0.7867848665765758,2.7369850072662127,0.3258323544509429,0,0.274491372898911,Zone-28,1,0.28,Elevated pressure fluctuation and pipe material risk,Pressure-related stress
28.697255032529778,5.0612701848457595,0.4996927462772651,0.024068020781980254,0.4554716226835232,1,0.19751741350973206,Zone-26,0,0.2733333333333333,Elevated night flow and pipe material risk,Suspected active leak (flow signature)
13.905685874454594,5.777938690260994,0.5019610902380678,2.0281185282582213,0.018401779117693817,2,0.7822007471060899,Zone-23,0,0.39,Elevated average pressure and pipe material risk,Pressure-related stress
37.275981719260514,5.0827552263956965,0.5997264403334551,5.335948321646367,0.7069598644647186,0,0.7475406306310934,Zone-29,0,0.82,Elevated night flow and pipe age,Suspected active leak (flow signature)
12.223881146411923,5.50070769489052,0.13070969440130356,0.4134516423370548,0.018078388239101535,0,0.20346601343963522,Zone-12,0,0.1,Elevated night flow and average pressure,
34.22237306276894,3.5193138252334957,0.5415208269791296,4.372428008852795,0.21205282944117632,1,0.1299260001071164,Zone-28,1,0.6133333333333333,Elevated night flow and pipe age,Suspected active leak (flow signature)
26.070734919181525,4.168912925512516,0.661068113551278,1.5571979772501612,0.16523484700982238,0,0.6626522612248531,Zone-13,1,0.38,Elevated pressure fluctuation and night flow,Pressure-related stress
12.908940263139373,4.628154599605578,0.17039549832453507,0.527651772602979,0.6987036228330272,2,0.6612417110955047,Zone-27,0,0.3433333333333333,Elevated night flow and pipe age,Suspected active leak (flow signature)
26.338115455827655,4.844696567308093,0.31391394446132076,1.9509492006795552,0.11022030204843608,1,0.8510513862884145,Zone-30,1,0.37333333333333335,Elevated pipe material risk and flow fluctuation,Aging infrastructure
16.380241048670733,4.485442361974712,0.7258074749560987,0.6278702052976557,0.3508557274537399,2,0.9221222768267122,Zone-06,1,0.37666666666666665,Elevated night flow and pressure fluctuation,Suspected active leak (flow signature)
35.869876674733774,5.21982336266105,0.06531539387225865,3.865752792130957,0.10186068202356187,1,0.6031035574102064,Zone-24,1,0.69,Elevated pipe age and night flow,Aging infrastructure
14.975151518121274,4.176280413703873,0.46540029850879305,0.3536848667640416,0.011019803459532693,1,0.5352129977839966,Zone-27,0,0.14666666666666667,Elevated night flow and flow fluctuation,
12.032836644548377,3.8556307845542355,0.7263551522885573,0.6465806601876458,1.2173438477928298,0,0.835749886014123,Zone-02,0,0.37666666666666665,Elevated night flow and pressure fluctuation,Suspected active leak (flow signature)
3.5083792802713765,5.229208421491927,0.26371296183916715,3.639381204110145,0.09705710809096896,2,0.42470219168666756,Zone-24,1,0.4,Elevated pipe age and night flow,Aging infrastructure
19.797656626718158,4.490405989155329,0.17419633067606602,3.4806659692715436,0.06591685319015136,0,0.03291003976710016,Zone-04,0,0.29,Elevated pipe material risk and night flow,Aging infrastructure
17.19942652088617,4.5055145211965115,0.22689324029300983,1.0269583754743778,0.05135341923430644,2,0.2052777865843599,Zone-20,0,0.38666666666666666,Elevated night flow and pipe material risk,Suspected active leak (flow signature)
20.075515267527795,3.581767382513921,0.29456669883579484,1.6507781286601446,0.018275337852949013,1,0.07093712202344482,Zone-01,1,0.24666666666666667,Elevated pipe material risk and average pressure,
7.689711211793321,4.968385845843345,0.21713446290221314,5.934611383415272,0.10367952784215165,0,0.2944101857151117,Zone-13,0,0.75,Elevated night flow and pipe age,Suspected active leak (flow signature)
32.17890942087685,4.937624887241913,1.231065016364238,3.9767093047459094,0.48014103655183665,0,0.963879929633463,Zone-04,1,0.7366666666666667,Elevated pressure fluctuation and pipe material risk,Pressure-related stress
11.021955329544461,3.184207326001955,0.12744210172522832,3.7194933838456237,0.013352947014202927,0,0.6335830353838018,Zone-04,0,0.36,Elevated average pressure and night flow,Pressure-related stress
24.22608550854263,6.217797734316397,0.018214523486930537,6.664048454074924,0.509656641313702,0,0.7918979387479519,Zone-16,1,0.7233333333333334,Elevated night flow and average pressure,Suspected active leak (flow signature)
21.082299815877388,4.271746610269631,0.19781793474095963,7.565695827239519,0.7553300499718376,0,0.13306765337133586,Zone-07,1,0.87,Elevated night flow and pipe material risk,Suspected active leak (flow signature)
23.875505891904144,4.006281891504443,8.595463036128912e-05,5.276322235194985,0.54273537681829,2,0.3189211918824765,Zone-25,1,0.5533333333333333,Elevated night flow and pressure fluctuation,Suspected active leak (flow signature)
32.67654745650192,4.215097309728143,0.06808134660157193,2.771625300357648,0.08670106334677817,0,0.9038013280480026,Zone-30,1,0.38,Elevated pipe material risk and pipe age,Aging infrastructure
40.537034821037906,4.729001017040621,0.4264092345266092,4.140864931845717,0.6738268066165904,1,0.2620146920599833,Zone-10,1,0.76,Elevated pipe age and night flow,Aging infrastructure
36.44810917967794,5.605667387998064,1.3841535488814654,9.161031322696669,0.3642236966450727,0,0.08492838530256253,Zone-02,1,0.8466666666666667,Elevated night flow and pressure fluctuation,Suspected active leak (flow signature)
22.88078330164243,4.546553302389285,0.3388148082385302,0.3430353804873676,0.4545676141100933,1,0.9420138344704351,Zone-09,0,0.31666666666666665,Elevated night flow and pipe material risk,Suspected active leak (flow signature)
14.666077304821545,5.357953276127939,0.09135797272522704,0.43304058219377306,0.17267118894184633,3,0.5562016621170692,Zone-12,1,0.25,Elevated night flow and average pressure,Suspected active leak (flow signature)
10.711891493954873,4.207511192783026,0.0866940005112372,0.4992757991866103,0.06021095574152882,1,0.29608450690178667,Zone-19,0,0.04666666666666667,Elevated night flow and pipe age,
27.06091518343839,4.47421464899093,0.2231611977840529,3.9355479927121517,0.3958687591036858,0,0.10585033686997847,Zone-30,0,0.6433333333333333,Elevated night flow and pipe material risk,Suspected active leak (flow signature)
27.261316034216563,3.5591343420541484,0.7483440652840171,0.7120913007132595,0.28651008655921895,1,0.5710528148843779,Zone-05,0,0.19,Elevated night flow and pressure fluctuation,
13.269631714083726,3.6610655752956927,0.25167489153897216,0.7500311879716068,0.227174103301678,3,0.75986844385494,Zone-30,1,0.13,Elevated night flow and average pressure,
27.23050061618676,4.6853441462305225,0.11018146895494181,3.3087567581882693,0.8592786975690493,2,0.7040621292843207,Zone-28,1,0.7933333333333333,Elevated pipe age and night flow,Aging infrastructure
22.53189695042736,4.6039188300770055,0.1766024747083109,3.8964379954998973,0.029390153088966274,2,0.8621493274149786,Zone-18,1,0.52,Elevated night flow and pipe material risk,Suspected active leak (flow signature)
23.187105020732204,3.8501139549511714,0.0003772757470451375,0.7339982124923046,3.9931664957940773,2,0.23310462972257417,Zone-20,0,0.37666666666666665,Elevated flow fluctuation and night flow,Suspected active leak (flow signature)
12.954177602485405,5.749420387617349,0.09807265620313661,4.737903480863014,0.013328579746455873,1,0.2640117679469772,Zone-17,0,0.43,Elevated night flow and average pressure,Suspected active leak (flow signature)
35.222694969022406,4.749712663525922,0.08030842415364407,10.858698122109354,0.4544090025633444,2,0.12365540669799924,Zone-28,1,0.8833333333333333,Elevated night flow and pipe age,Suspected active leak (flow signature)
31.071554889504093,5.401856588570302,0.09078895540173504,6.904635282772206,0.682968948953796,1,0.2215286684764214,Zone-30,1,0.9366666666666666,Elevated night flow and pipe age,Suspected active leak (flow signature)
24.415840691263725,5.335720508506208,0.20048438146580558,4.113688275654134,0.20554858671610082,1,0.720562060393825,Zone-10,0,0.71,Elevated night flow and average pressure,Suspected active leak (flow signature)
34.628078585095075,4.675063774527818,0.018330621515543242,0.24395851604399027,0.28337397376260887,1,0.7168190450107463,Zone-25,1,0.25666666666666665,Elevated night flow and pipe age,Suspected active leak (flow signature)
16.654947906675826,2.6762161558911606,0.0865495160289526,0.17526210815187365,0.9492961268129652,0,0.9559405872977413,Zone-27,1,0.22,Elevated night flow and average pressure,
30.20881171734811,5.065679909991491,0.2596278995228805,4.4028332498618505,0.7526822687766107,0,0.509172454009155,Zone-08,0,0.7766666666666666,Elevated night flow and pipe age,Suspected active leak (flow signature)
16.161068081647286,3.9183897052504704,0.03550900907754117,2.3620760191003636,0.833533365825676,1,0.19170677096173772,Zone-01,1,0.25,Elevated pipe material risk and pressure fluctuation,Aging infrastructure
34.364395435175666,4.599958267432061,0.2444669948153897,3.8822069996033663,0.9607213868137695,1,0.38966164930533753,Zone-13,1,0.7033333333333334,Elevated pipe age and night flow,Aging infrastructure
10.136679390593525,5.081615445883266,0.15341032286969938,4.642489391669892,0.29597319470790906,2,0.48796182621828255,Zone-13,1,0.6633333333333333,Elevated night flow and pipe age,Suspected active leak (flow signature)
23.32405754834397,5.41426206273317,0.21216955385649977,1.3880068022953649,0.013290378363076462,1,0.3578775107218197,Zone-13,0,0.23,Elevated night flow and average pressure,
11.082060215803342,4.234438855110993,0.6554653143696346,0.30455452290609264,0.7990602689970326,0,0.44071680139452774,Zone-30,0,0.08333333333333333,Elevated night flow and pressure fluctuation,
25.514892124296814,4.5960324402795365,0.34199659792934883,0.034779495877764244,0.06237920976392677,0,0.3120867506829663,Zone-29,0,0.38,Elevated night flow and flow fluctuation,Suspected active leak (flow signature)
5.757322045788792,5.316003083708932,0.10104517421886385,0.1702368834058293,0.529285818635181,0,0.8471973294689379,Zone-20,0,0.09666666666666666,Elevated night flow and pipe age,
20.256250431988562,3.6899404553485433,0.29395736443430476,10.214960481487957,0.15866121616522194,0,0.9393585670304244,Zone-23,1,0.8833333333333333,Elevated night flow and pipe material risk,Suspected active leak (flow signature)
15.610045241658339,4.601604868222837,0.2552866572245043,3.941667263921399,0.3796375505860746,0,0.5562036276911004,Zone-25,0,0.6066666666666667,Elevated night flow and pipe age,Suspected active leak (flow signature)
12.257390038432831,3.820971599751183,0.2336092470999491,3.092964146503545,0.4637092309638024,1,0.14082792768729302,Zone-12,0,0.19666666666666666,Elevated pipe material risk and pipe age,
23.205341555100432,4.7679220575888195,0.40289100074182377,2.1324380573145008,0.5478961163199925,0,0.35125338120284166,Zone-16,0,0.26666666666666666,Elevated pipe material risk and pressure fluctuation,Aging infrastructure
8.770477156144613,5.446299596577785,0.2530713800222497,1.691517445219005,0.1020983744846091,0,0.5644624632915005,Zone-08,0,0.15333333333333332,Elevated pipe age and average pressure,
11.771430055078405,5.57911882053254,0.7442082087364379,2.2732837775914576,0.6069453660240441,1,0.9226788836351785,Zone-27,1,0.43666666666666665,Elevated pressure fluctuation and pipe material risk,Pressure-related stress
24.445942210729985,3.321971586511974,0.40614792472048505,1.1521319621681194,0.40730014999294767,1,0.0008363563755651171,Zone-02,0,0.25666666666666665,Elevated pipe material risk and night flow,Aging infrastructure
14.312593498500965,4.460838546953487,0.1832022791453967,5.284889254470109,0.5199542390334779,0,0.29358184165105017,Zone-06,0,0.63,Elevated night flow and pipe material risk,Suspected active leak (flow signature)
44.11451907777895,3.678593104776963,0.030808401603183003,3.350477160429918,0.8419013089431078,1,0.19222544233999894,Zone-08,0,0.49,Elevated pipe age and pipe material risk,Aging infrastructure
34.333862338970825,4.466627402573537,0.69316915240467,3.176372868184755,1.3018518814894384,2,0.32061557913949434,Zone-22,1,0.8633333333333333,Elevated pipe age and flow fluctuation,Aging infrastructure
17.300775177940807,4.951744854506224,0.08479035723878646,2.6733017355849453,0.5265819625963798,0,0.8895191461692469,Zone-05,0,0.29333333333333333,Elevated pipe material risk and pressure fluctuation,Aging infrastructure
34.19880306974663,4.463362770622044,0.1453755715404099,4.469407910164539,0.8837864536672883,0,0.5765306518887834,Zone-29,0,0.79,Elevated night flow and pipe age,Suspected active leak (flow signature)
42.14903884774496,5.081753224279841,0.3663170026892834,0.8081336910090614,0.05814575774789623,1,0.7050511687742813,Zone-23,1,0.4,Elevated pipe age and night flow,Aging infrastructure
33.23932335986043,3.9613932361682647,0.2607118112880111,3.903091169549705,0.5104840513285499,1,0.5113729118041909,Zone-24,0,0.6866666666666666,Elevated pipe age and night flow,Aging infrastructure
12.557305064593267,3.3778296346418166,0.1773579579992131,10.053968357421477,0.03167883477115463,2,0.6078979555495466,Zone-16,1,0.8433333333333334,Elevated night flow and average pressure,Suspected active leak (flow signature)
14.20858392836847,5.534198105315463,0.7386579774624775,0.6607299040134549,0.1429048014879035,0,0.4223901187439013,Zone-26,0,0.16333333333333333,Elevated night flow and pressure fluctuation,
12.912482545188059,5.371046466920288,0.3014572720673289,1.684808828981583,0.9872372974687094,2,0.5831866894998475,Zone-03,0,0.49333333333333335,Elevated average pressure and flow fluctuation,Pressure-related stress
10.851957561652249,4.4552691983561115,0.11470666489944403,1.8224479939398477,0.3705406077773542,1,0.010096009828537644,Zone-13,0,0.13333333333333333,Elevated pipe material risk and pipe age,
19.024286594819376,5.32363430236622,0.061494802197580606,2.81955872546902,0.8766589520039231,0,0.2146085034797831,Zone-28,1,0.23,Elevated pipe material risk and average pressure,
13.330559742804539,4.991117725663981,0.2952223466160913,5.054523656164119,0.07088774404360645,2,0.11106404822248583,Zone-06,0,0.5133333333333333,Elevated night flow and pipe material risk,Suspected active leak (flow signature)
30.799266915318096,4.511731173423732,0.30037438221399987,1.8539360657015136,1.8748721332337666,2,0.455246106995135,Zone-24,1,0.4533333333333333,Elevated flow fluctuation and pipe age,Suspected active leak (flow signature)
14.198218543949437,5.699329073338072,0.4008024297455625,1.5248523211262335,0.2288734778983348,1,0.15655977486800365,Zone-30,0,0.18333333333333332,Elevated average pressure and pipe material risk,
23.880937241827137,6.3846881605184675,0.2667762787341713,2.141333314816785,0.4462650315844278,0,0.4542835286797702,Zone-25,1,0.19,Elevated average pressure and pipe age,
8.523873995220693,5.8132294516756025,0.6995362109080726,1.63867735949735,0.60083892891979,3,0.8901175088244407,Zone-10,0,0.5166666666666667,Elevated average pressure and pressure fluctuation,Pressure-related stress
51.19086708874994,4.509451453858075,0.12914409843083743,3.087124988767836,0.08571457012435604,1,0.9414003573430864,Zone-12,1,0.6666666666666666,Elevated pipe age and pipe material risk,Aging infrastructure
20.629889998109043,4.947763820427184,0.1690465323708078,4.880774591212166,0.09403280795526298,3,0.6037722575082837,Zone-03,1,0.8033333333333333,Elevated night flow and flow fluctuation,Suspected active leak (flow signature)
28.923053809802013,4.72476169060701,0.10355250695085408,1.4943120301364101,0.9370608111181846,0,0.515114936878558,Zone-14,0,0.31666666666666665,Elevated night flow and pipe age,Suspected active leak (flow signature)
24.92256889866242,3.092596578982117,0.06335001993062692,0.23363808397078026,0.8018257797425153,1,0.6211809101838269,Zone-17,1,0.14666666666666667,Elevated night flow and average pressure,
11.188938135523372,4.64570326904978,0.08881655446651793,5.086800022685787,0.657450774708932,1,0.9916639638783769,Zone-30,1,0.59,Elevated night flow and pipe material risk,Suspected active leak (flow signature)
11.370126026955614,3.130939025272653,0.48854654460123415,3.2907769311220694,0.07261247633837624,0,0.7961263688888668,Zone-03,0,0.5,Elevated average pressure and pipe material risk,Pressure-related stress
25.219672992454477,4.9211727786036406,0.09742579076347967,2.169135103371985,1.0295056537946403,1,0.19869437982699145,Zone-09,0,0.39,Elevated pipe material risk and flow fluctuation,Aging infrastructure
8.130593088693404,4.850365205479165,0.5937483669375949,2.180253463017502,1.4060501494050088,0,0.019876062246987236,Zone-28,0,0.3233333333333333,Elevated flow fluctuation and pipe material risk,Suspected active leak (flow signature)
17.043926144861956,3.8783499734695774,0.1050984856334975,0.3612955344908718,0.555638253849269,0,0.9238071517671007,Zone-24,1,0.13,Elevated night flow and pipe material risk,
9.654670269540834,3.322839804558523,0.3573895539243834,1.6915969572736111,0.6056986186174222,1,0.06971142415412546,Zone-24,0,0.16666666666666666,Elevated pipe material risk and average pressure,
22.299718451799855,5.074897567970106,0.4495460387451963,1.2418866242313749,0.604743453484301,1,0.8293132356144775,Zone-07,0,0.2733333333333333,Elevated night flow and pipe material risk,Suspected active leak (flow signature)
6.212367490636473,5.492112394469472,0.1556735668247846,7.074045645043596,0.5565719937146092,1,0.06514633404877268,Zone-08,1,0.7466666666666667,Elevated night flow and pipe material risk,Suspected active leak (flow signature)
9.762161576034348,4.230440861897071,0.7579118063109888,1.0572520059687172,0.6904211861006374,1,0.49755142494854954,Zone-04,1,0.2833333333333333,Elevated pressure fluctuation and night flow,Pressure-related stress
20.826681620931762,4.062312392333356,0.0937036566619362,1.4519620823494241,0.33320778358075726,2,0.6980196278388539,Zone-21,1,0.21333333333333335,Elevated night flow and pressure fluctuation,
24.54671794953554,4.565027957625307,0.05245523375875541,0.9457396460144003,0.32764060065870154,0,0.9787809961771508,Zone-05,0,0.3466666666666667,Elevated pipe material risk and night flow,Aging infrastructure
22.470872619661463,3.8168619893046185,0.11186771972093207,4.9427202020719365,0.11115473694813788,1,0.8422054683609239,Zone-10,0,0.55,Elevated night flow and pipe material risk,Suspected active leak (flow signature)
10.476256500745622,4.643183587604834,0.19503682858304247,0.8733842129098767,0.18413957509476234,0,0.6897223856466589,Zone-01,0,0.2,Elevated night flow and pipe age,
35.223919211559526,4.747691843171711,0.397864909583495,0.021792813938256366,0.12070745998432099,0,0.9382985323276094,Zone-09,0,0.3933333333333333,Elevated night flow and pipe age,Suspected active leak (flow signature)
14.134797012580849,3.711952380256586,0.12157196001628517,1.1501125898951101,0.9777429735473173,1,0.7625666278868463,Zone-29,0,0.24,Elevated night flow and pipe material risk,
24.753529941681,4.564538556482146,0.14880193769597447,0.5423663097293658,0.9579280918231439,0,0.7942284005854123,Zone-18,0,0.2,Elevated night flow and pipe material risk,
12.272039222896765,4.358953213901329,0.007746577133335969,3.144993437401245,0.05210702915619234,1,0.412250123596567,Zone-12,0,0.3233333333333333,Elevated pressure fluctuation and flow fluctuation,Pressure-related stress
10.779785084266054,4.665188403538759,0.1652745373435748,1.4653109479206332,0.2916199992791667,0,0.542255448273765,Zone-11,0,0.10666666666666667,Elevated night flow and pipe age,
12.762861601917301,5.57314625441051,0.35781727946874403,4.558701100554601,1.5872715160397763,0,0.06110111595134815,Zone-28,0,0.6433333333333333,Elevated flow fluctuation and night flow,Suspected active leak (flow signature)
13.70023107105898,4.699036908383348,0.14792688373400179,0.5671618754376594,0.3200696570512686,2,0.4989592724848556,Zone-23,1,0.25666666666666665,Elevated night flow and pipe age,Suspected active leak (flow signature)
3.0746694963996335,4.213284928311285,0.23080664241143428,4.095852213212038,0.37529898787179067,0,0.3577520503273558,Zone-22,1,0.31,Elevated pipe age and night flow,Aging infrastructure
50.444509150880734,5.006879233639707,0.42191037413473786,8.706310293184586,1.7624424115130783,0,0.08455810447563994,Zone-25,1,0.8333333333333334,Elevated night flow and pipe age,Suspected active leak (flow signature)
32.04135708234707,3.9636769762848276,0.12186835320638181,1.5978976302716832,0.9409724893435182,2,0.7380263700085683,Zone-07,0,0.38666666666666666,Elevated pipe age and night flow,Aging infrastructure
32.020347536374686,4.925276821788183,0.03880859709633792,8.646454407879858,0.08884631468042099,2,0.5919630687122102,Zone-24,1,0.9133333333333333,Elevated night flow and pipe age,Suspected active leak (flow signature)
22.23721316901594,3.6722798213247128,0.07320370135675802,1.3958329638464992,2.6892761165172914,1,0.9174078143989841,Zone-27,0,0.37666666666666665,Elevated flow fluctuation and pipe material risk,Suspected active leak (flow signature)
24.94742039386782,4.5796929278770495,0.17349973207662375,1.481973222485835,0.8256087308939687,0,0.5958102847300942,Zone-16,1,0.23666666666666666,Elevated night flow and flow fluctuation,
22.371021855276485,4.970195854041759,0.06566575878770503,3.2262299865153663,0.5690745615468302,0,0.4451489565005845,Zone-22,0,0.65,Elevated pressure fluctuation and night flow,Pressure-related stress
4.267806420238998,4.3563315807144685,0.2550571644835972,0.409745872567567,0.017453894431898428,0,0.25401346410092207,Zone-28,0,0.11,Elevated night flow and pipe age,
32.38456473644988,4.9575719477771525,0.631628916544692,6.5933912351898485,0.1518378019946255,3,0.2519167133337613,Zone-01,1,0.9266666666666666,Elevated night flow and pipe age,Suspected active leak (flow signature)
23.33040963124972,4.543330688348384,0.04434664909793978,0.6306158503689578,2.284808255922681,1,0.40059492711214273,Zone-28,0,0.2733333333333333,Elevated flow fluctuation and night flow,Suspected active leak (flow signature)
36.313176377296244,4.7652343596870494,0.23868772630550095,3.7117153343934106,0.3134789861343975,0,0.9949566211264528,Zone-02,1,0.3466666666666667,Elevated pipe age and pipe material risk,Aging infrastructure
13.16919542050294,4.944676746196384,0.05511610809040484,0.15067943240098639,0.33947253580269243,2,0.6283540178702621,Zone-26,1,0.34,Elevated night flow and pressure fluctuation,Suspected active leak (flow signature)
24.158342551615974,4.182893188355467,0.4299521757154584,0.2182925656886524,1.101314698961284,0,0.13491628861363303,Zone-10,0,0.19666666666666666,Elevated night flow and pipe material risk,
19.62058233835281,4.7553354004519335,0.13501901035676547,0.9082126232010347,0.44988760907228464,1,0.8600458002180675,Zone-17,1,0.19333333333333333,Elevated night flow and pipe material risk,
11.655230858836847,4.841435304498805,0.3312250531390616,2.924563551356649,0.0747728100397011,0,0.8462324717886158,Zone-15,0,0.51,Elevated pipe material risk and pipe age,Aging infrastructure
14.704604388911932,3.919633205948017,0.5698545500220762,5.509739524427632,0.19909039649389237,0,0.5288223544389812,Zone-23,1,0.8233333333333334,Elevated night flow and pressure fluctuation,Suspected active leak (flow signature)
11.939494612204589,3.6613747478012226,0.25138202255612474,3.0639321442894296,0.6750498086616307,1,0.03520145619023474,Zone-05,0,0.24,Elevated pipe material risk and average pressure,
15.490558619503744,5.186872436745761,0.4226567241155759,2.4148140520987673,0.7314420527940483,1,0.09612532915029837,Zone-25,1,0.29333333333333333,Elevated pipe material risk and average pressure,Aging infrastructure
6.204164282665863,4.759421233983097,1.2508004695143708,0.025785089185722636,0.12240177751996574,1,0.5659451135586733,Zone-10,0,0.17,Elevated pressure fluctuation and night flow,
11.516738256819533,4.591640950584141,0.552506857397902,0.11192841766626621,1.2496824385486316,0,0.5897121322639812,Zone-07,0,0.17,Elevated night flow and flow fluctuation,
8.601562749191052,5.074183971753991,0.06030795715425975,6.315306074933254,0.029671522126656018,0,0.3998506607854525,Zone-02,1,0.7933333333333333,Elevated night flow and pipe age,Suspected active leak (flow signature)
9.915308069093056,4.104975719614107,0.25033702764105537,0.7951752652024398,0.7696201435694783,0,0.8059633664947831,Zone-01,1,0.13,Elevated night flow and pipe age,
20.096915845913024,5.705133618864921,0.10817253165504957,10.029477758225266,0.767306040353113,2,0.7910602604755789,Zone-12,1,0.8533333333333334,Elevated night flow and average pressure,Suspected active leak (flow signature)
17.59411290209115,5.116583930811019,0.2230443220687206,2.3196466302594354,0.11807241536076943,1,0.25753997103210724,Zone-08,1,0.36666666666666664,Elevated pipe material risk and flow fluctuation,Aging infrastructure
5.7516614177191085,4.141800862194121,0.6822963889043788,0.11938775225691226,0.1636786419406235,1,0.9588930033540778,Zone-14,0,0.25666666666666665,Elevated night flow and pipe material risk,Suspected active leak (flow signature)
36.34500929418933,4.83687485715932,0.40580190553538126,0.6912273427080264,0.7174293252711591,0,0.7377239566223397,Zone-23,0,0.38333333333333336,Elevated night flow and pipe age,Suspected active leak (flow signature)
22.727387042681222,4.585681961411692,1.0916031050642085,1.534239849001549,0.4144972941004326,1,0.717396483789627,Zone-14,0,0.43666666666666665,Elevated pressure fluctuation and night flow,Pressure-related stress
13.767630719643506,4.248970610621001,0.11216328327598266,5.791421407347506,0.37621157410891654,0,0.39665922629554884,Zone-29,1,0.7966666666666666,Elevated night flow and pipe age,Suspected active leak (flow signature)
27.036719021149636,4.080623828705706,0.22187870257541062,2.5796984933846723,0.03869938322938295,2,0.33600331754159773,Zone-15,1,0.45,Elevated flow fluctuation and pipe age,Suspected active leak (flow signature)
44.760165016347734,4.740782170585356,0.3072232377319167,0.9191495167139363,0.020776986290027135,0,0.7533167881431553,Zone-27,0,0.49333333333333335,Elevated pipe age and night flow,Aging infrastructure
8.411780084980597,4.240184782606543,0.023962006176526517,6.090009360850922,0.07797983328919222,0,0.23267653567934266,Zone-16,1,0.48333333333333334,Elevated night flow and pipe age,Suspected active leak (flow signature)
10.843002108484395,4.982489139734795,0.1069921469746682,4.025319655786243,0.08871221404934386,0,0.07985829539326439,Zone-05,1,0.2,Elevated night flow and pipe material risk,
29.134889656601473,5.331198177321804,0.3338660098543214,4.197806037089368,0.594714994714277,0,0.5885967693054491,Zone-15,0,0.6666666666666666,Elevated night flow and pipe age,Suspected active leak (flow signature)
2.1975931096519132,5.720476334044056,0.32494774142145894,1.447574646199488,0.8411144930288473,0,0.8079714314873062,Zone-12,0,0.27666666666666667,Elevated pipe age and average pressure,Aging infrastructure
2.7164012373165307,4.793751024093561,0.12819124103436197,0.2526192002351405,1.0964256936133734,0,0.28792293910549493,Zone-28,0,0.13333333333333333,Elevated night flow and pipe age,
16.349995368870328,3.5892884546485573,0.16109772506564737,0.45617907428560067,0.5708188035213524,1,0.38611164375134355,Zone-25,0,0.09666666666666666,Elevated night flow and average pressure,
33.578564707368585,4.272459611109222,0.16420048121620817,4.345932520106431,1.1132327278263834,0,0.6619282384736045,Zone-20,0,0.81,Elevated night flow and pipe age,Suspected active leak (flow signature)
13.756992323838437,3.650609974068003,0.02654912236503173,4.527691888317344,0.07839415180054499,0,0.5504510697401906,Zone-29,1,0.32,Elevated night flow and pressure fluctuation,Suspected active leak (flow signature)
46.52950783397883,4.3537909376122945,0.1934150741992039,0.17156880452943396,0.42027669838606585,0,0.0596320581382096,Zone-17,0,0.24,Elevated pipe age and night flow,
14.51206824444606,5.4444820048012,0.7990962444467615,0.3277448390744114,0.16388633666731275,2,0.594230025148418,Zone-08,1,0.21333333333333335,Elevated night flow and pressure fluctuation,
31.955583352269088,4.6663917303399645,0.051923242643624704,2.56345773812368,0.3344320096547982,1,0.12577152377818612,Zone-10,1,0.29333333333333333,Elevated pipe age and pipe material risk,Aging infrastructure
28.760005645949967,5.466173404727605,0.023263053194552852,0.5152005437829137,0.7111637608831469,1,0.7110638084011273,Zone-07,1,0.16333333333333333,Elevated night flow and average pressure,
22.487901732219342,4.85658625688316,0.07974980706827148,1.2613748102887428,0.32443474585566406,2,0.3771596419252905,Zone-25,0,0.2,Elevated night flow and pressure fluctuation,
11.023032231459545,5.32475005442906,0.06714438489386536,0.88146120664622,0.8389033649549844,1,0.941432681074725,Zone-11,0,0.22333333333333333,Elevated night flow and pipe material risk,
29.407863054216065,2.6926103891508815,0.06079184206157644,2.3777061172388176,1.2865141701585179,1,0.9861781124202467,Zone-03,0,0.4266666666666667,Elevated average pressure and pipe material risk,Pressure-related stress
23.08719826448663,2.5500878878603688,1.237381934899693,1.3340780092164946,0.1670449386174551,1,0.9535521431850031,Zone-09,1,0.38333333333333336,Elevated pressure fluctuation and average pressure,Pressure-related stress
14.811163761557717,2.8478521023030474,0.5209724187042145,2.147342458574756,0.060452052005637906,1,0.32267500121432924,Zone-02,0,0.2866666666666667,Elevated average pressure and flow fluctuation,Pressure-related stress
31.880013425678975,3.1966481234994433,0.7085242613928145,4.710818428838534,0.10766843361341548,0,0.616713496339963,Zone-03,0,0.7666666666666667,Elevated night flow and pressure fluctuation,Suspected active leak (flow signature)
20.876459184214117,3.5100620426167675,0.3105627203288149,0.18360240985151366,0.2665651419541705,0,0.6462001347604333,Zone-29,0,0.12666666666666668,Elevated night flow and average pressure,
31.11188396307231,6.031001288551183,0.21463566885986365,1.5037581317377953,0.24724154955153138,1,0.79616779718168,Zone-20,0,0.13,Elevated average pressure and pipe age,
15.9851090227919,4.901010497720165,0.013778129643387343,5.411778185057968,0.9592624158799555,3,0.7706491027768476,Zone-21,1,0.8233333333333334,Elevated night flow and pressure fluctuation,Suspected active leak (flow signature)
15.088755805464976,5.222224854880923,0.39321471946035,0.09453638564521914,0.20414931362491098,0,0.5216027858250585,Zone-19,0,0.13,Elevated night flow and average pressure,
17.493214091489605,3.292513127546708,0.3287799431897582,6.721286351711294,0.06947631779332103,0,0.020930649066047247,Zone-29,1,0.5166666666666667,Elevated night flow and pipe material risk,Suspected active leak (flow signature)
21.619711000860505,4.266496315346385,0.003467705528198506,0.9305209103478145,1.0568073914894403,1,0.902765801243179,Zone-19,0,0.24,Elevated night flow and pipe material risk,
30.88485404346967,3.8223431150170217,0.08765005921296169,2.4611974552874236,0.579989418996174,2,0.10866539257879437,Zone-20,0,0.43333333333333335,Elevated pipe material risk and pipe age,Aging infrastructure
30.733206111199472,3.294133505649855,0.11595796178549239,13.670034077911525,0.49521465528835995,0,0.7076304183673487,Zone-12,1,0.9133333333333333,Elevated night flow and average pressure,Suspected active leak (flow signature)
35.01290943168697,5.00020358303685,0.14357732099848244,5.222152387102233,0.36831024980510296,0,0.4069100349090221,Zone-13,1,0.8,Elevated night flow and pipe age,Suspected active leak (flow signature)
16.928159776035425,4.098460960297605,0.009497468487452032,1.9806684746674534,0.024742738520773872,1,0.2676335436392496,Zone-29,0,0.38333333333333336,Elevated pressure fluctuation and flow fluctuation,Pressure-related stress
8.812294634312806,4.710120109434811,0.007923708785707575,0.41413863685204716,0.2668875320818663,1,0.6284337176753709,Zone-27,0,0.13666666666666666,Elevated night flow and pipe age,
18.660475249888975,5.279003299351654,0.02260774184657963,1.2523749355770182,0.3470092050016394,0,0.8863629534042013,Zone-15,0,0.24,Elevated pipe material risk and night flow,
38.5836234495294,3.92127236134181,0.0754461077550976,2.483336574969953,0.23978873283562693,1,0.6085329847811904,Zone-02,0,0.6166666666666667,Elevated pipe age and pressure fluctuation,Aging infrastructure
15.723813942366212,2.9016063374158523,0.402751133830988,1.6188782763182195,0.23278356058155808,0,0.6421329117744919,Zone-19,0,0.26,Elevated average pressure and night flow,Pressure-related stress
31.04154652127842,3.34533644367189,0.15733801253768837,1.6062852764337907,0.7075401795944394,2,0.05025837352701534,Zone-23,0,0.3233333333333333,Elevated pipe material risk and average pressure,Aging infrastructure
19.501449332110468,4.2032061595163,0.21519257670376088,0.43501683874971797,0.40077023277725293,1,0.558118178098072,Zone-16,0,0.23333333333333334,Elevated night flow and average pressure,
18.94898706901056,5.322138295750359,0.32880960055664993,4.655909464131443,1.3301559962677314,0,0.556552138442311,Zone-02,0,0.74,Elevated night flow and flow fluctuation,Suspected active leak (flow signature)
19.583693651873155,3.897241446408766,0.3533623874376381,1.8586814256589501,0.44860176854240563,0,0.33750157832753347,Zone-27,0,0.19333333333333333,Elevated average pressure and night flow,
18.513729531415922,3.988448975462793,0.7078789201285546,0.20897625472857578,0.68387837941476,1,0.0683888123345483,Zone-07,0,0.29,Elevated night flow and pressure fluctuation,Suspected active leak (flow signature)
20.561379478101603,4.183804539657458,0.26742323003144874,0.6643443882720885,0.14303138797772597,1,0.461345088977114,Zone-02,0,0.21333333333333335,Elevated night flow and flow fluctuation,
26.356606629969058,3.779255244120505,0.10664487486191443,1.6086008940746774,0.7843915966647186,1,0.49864368137318815,Zone-07,0,0.32,Elevated night flow and average pressure,Suspected active leak (flow signature)
19.996321995954965,5.087187989253018,0.13066032864792934,3.3382623739381847,0.314070612348652,0,0.5594653714523813,Zone-19,1,0.4533333333333333,Elevated night flow and average pressure,Suspected active leak (flow signature)
32.6792382601318,4.393296361280631,0.0027652030945130046,1.9403515271886786,1.1099177853510351,0,0.6607815401913104,Zone-08,0,0.4166666666666667,Elevated pipe age and flow fluctuation,Aging infrastructure
30.017335645336487,5.132184220543302,0.3621026043367043,0.16489198827444612,0.12870181429220318,1,0.9299075807319563,Zone-21,0,0.27,Elevated night flow and pipe material risk,Suspected active leak (flow signature)
15.789119482343,3.2237192861930835,0.07251399495433847,0.7331877643386517,0.20173187069802692,0,0.7297324505698912,Zone-02,0,0.06666666666666667,Elevated night flow and average pressure,
14.418458165570458,5.008425319729461,0.5656150039466558,1.1035892036302604,0.5551135051473435,0,0.8999355298139718,Zone-26,1,0.42333333333333334,Elevated pipe material risk and night flow,Aging infrastructure
12.523054889685328,3.932646821789528,0.02179883570939627,3.8401878719419735,0.18195136692692063,1,0.9430212717005069,Zone-03,1,0.5066666666666667,Elevated pipe material risk and night flow,Aging infrastructure
12.050945729257892,4.834925144522292,0.03674948355738839,0.472377614928306,0.49791091793431913,2,0.5036690647130766,Zone-17,0,0.2633333333333333,Elevated night flow and pressure fluctuation,Suspected active leak (flow signature)
13.395906705735205,3.4565826071897474,0.2852265423205861,0.10630526053926265,0.1542691663991655,0,0.6852099521130118,Zone-17,0,0.08666666666666667,Elevated night flow and average pressure,
25.038595525303677,5.025138414462223,1.3328141388319665,2.0492710828845278,0.8280007564968861,0,0.33545571160980814,Zone-09,1,0.48333333333333334,Elevated pressure fluctuation and average pressure,Pressure-related stress
23.97623127278053,3.7500828403952156,0.4722263485274917,1.537381582797186,0.0011175245031673502,0,0.8748983341077978,Zone-05,0,0.5266666666666666,Elevated pipe material risk and flow fluctuation,Aging infrastructure
16.65231144360805,4.470554523221578,0.24057571202586459,8.65960643514729,0.3383680796853911,1,0.3540589286956438,Zone-08,1,0.9166666666666666,Elevated night flow and pipe material risk,Suspected active leak (flow signature)
21.45419589936962,5.413960429981373,0.15804643693510068,0.12342087895203971,0.09273386488464047,0,0.7741182896318359,Zone-28,0,0.21333333333333335,Elevated night flow and average pressure,
26.32234094851674,4.023787910882636,0.532399192808682,0.030530659702230623,0.45611871417817684,0,0.5514785405136114,Zone-08,0,0.22333333333333333,Elevated night flow and pressure fluctuation,
15.471591598026016,5.374687226317823,0.3635153341982139,2.602365108002189,0.05965446985629525,0,0.4344478816107554,Zone-29,0,0.2,Elevated average pressure and flow fluctuation,
34.847303925914666,4.882608710982024,0.11130742741270187,1.343040523997721,0.8718166540995943,1,0.508354104607085,Zone-21,0,0.21333333333333335,Elevated pipe age and night flow,
28.564471018209176,3.60173619664385,0.44144018950845526,1.5479367688413637,0.03341533017466457,1,0.4613793964444831,Zone-11,0,0.25666666666666665,Elevated average pressure and pipe age,Pressure-related stress
36.35615607565706,5.406295538976036,0.13892655078087646,0.2611360570270807,1.322413879642881,0,0.022464113458892876,Zone-10,0,0.24333333333333335,Elevated night flow and pipe age,
8.92258434175938,4.530837387111335,0.22594785308538343,2.043655512024064,0.7417546264012149,1,0.6386629520674022,Zone-12,0,0.21333333333333335,Elevated pipe age and pipe material risk,
19.132932972465262,2.8997341789961135,0.3062471954083969,3.38767593507011,0.6236356122433567,2,0.31811073943283874,Zone-01,1,0.5566666666666666,Elevated average pressure and night flow,Pressure-related stress
22.687447628039912,4.831943127254967,0.4367197575593175,0.6421666072881693,0.179222800060469,0,0.9628400866773323,Zone-09,0,0.41,Elevated night flow and pipe material risk,Suspected active leak (flow signature)
21.767068812541325,3.597724857246065,0.026608955297870166,4.059261045115684,0.18146465565342898,0,0.0546980018628177,Zone-04,0,0.3233333333333333,Elevated pipe material risk and night flow,Aging infrastructure
15.551795475916714,4.162228332067526,0.10654685371236401,2.0044307966606114,0.5523747956014823,3,0.819004181165457,Zone-10,1,0.34,Elevated pipe material risk and resident complaints,Aging infrastructure
6.108072453667306,3.9539671146498936,0.1882447917656312,3.030665956753933,0.23244022069870546,1,0.9579058649945081,Zone-17,1,0.45666666666666667,Elevated pipe material risk and pipe age,Aging infrastructure
13.572195659386727,3.8650013335643125,0.007872796034758846,0.8325825450002697,0.834749043668784,3,0.22314522110507884,Zone-22,1,0.23333333333333334,Elevated night flow and pressure fluctuation,
10.836573663583188,5.472186839187547,0.06525410602145329,5.745118213234186,0.49969824281330383,0,0.8932676153022154,Zone-25,1,0.8733333333333333,Elevated night flow and pipe material risk,Suspected active leak (flow signature)
19.679806597604337,4.764719348044067,0.5552705254247619,1.3953413361015334,0.12338154078411466,0,0.5363133095614345,Zone-30,0,0.19333333333333333,Elevated night flow and pressure fluctuation,
39.93445091397813,4.349730240307945,0.1894863560326937,2.797212728635273,0.7890231752149643,0,0.570606295799736,Zone-27,1,0.3933333333333333,Elevated pipe age and flow fluctuation,Aging infrastructure
26.252525866519946,4.4560136061645075,0.4224246939829386,0.7919531992749546,0.20564798477743815,2,0.3070488843568324,Zone-14,0,0.3566666666666667,Elevated night flow and pipe age,Suspected active leak (flow signature)
22.764313344107094,4.28268035807454,0.1828128884298266,7.8990791242060165,1.216220122112905,2,0.9649764996488268,Zone-14,1,0.9366666666666666,Elevated night flow and pipe material risk,Suspected active leak (flow signature)
25.178541866578357,4.551160380068649,0.2489700785863549,6.4982191174735355,0.1242307762608915,0,0.7453406810367088,Zone-06,0,0.77,Elevated night flow and pipe material risk,Suspected active leak (flow signature)
8.5695397272063,3.7451389680573364,0.5722133355816259,0.18283250735812942,0.17124191728196722,2,0.631981588597832,Zone-26,0,0.33,Elevated night flow and pipe age,Suspected active leak (flow signature)
15.869263209683384,4.723128574407104,0.24506412390086624,1.836378114758597,1.4602182609186025,0,0.3010287786679122,Zone-28,0,0.18,Elevated flow fluctuation and pipe material risk,
23.52870919970137,3.5101265440700917,0.0960701402794391,0.9291099936771592,0.7793128689349583,1,0.043978209050859585,Zone-11,0,0.14,Elevated pipe material risk and night flow,
6.812540275318137,4.984015435058807,0.2510968352317499,4.010838506505288,0.8111574842679093,1,0.10499946192264253,Zone-18,0,0.48,Elevated night flow and pipe age,Suspected active leak (flow signature)
16.891268379081843,4.099886677570699,0.7797462668687696,1.5848488220140777,0.270402028449449,1,0.7170800427414993,Zone-04,0,0.46,Elevated pressure fluctuation and night flow,Pressure-related stress
22.369009001753728,4.1927013927924,0.2896315135626603,0.6828627755708899,0.2121797009629407,1,0.019782356080236596,Zone-07,0,0.14333333333333334,Elevated night flow and pipe material risk,
22.87498441895107,5.100650994673453,0.24182636957349515,0.03415619489150565,0.054156306174095274,0,0.404308215928339,Zone-24,0,0.18666666666666668,Elevated night flow and flow fluctuation,
10.831401919792158,4.409676576692093,0.49031393474763657,6.364290619958055,0.35797133652379276,0,0.011758599152796534,Zone-08,0,0.7533333333333333,Elevated night flow and pipe material risk,Suspected active leak (flow signature)
5.8687453857731064,3.601470138927078,0.02165391335603688,0.7345096584680554,0.8388939391078457,1,0.6546319152538331,Zone-07,0,0.14666666666666667,Elevated night flow and pipe age,
15.71528775758961,5.012789288948188,1.0575722675417767,1.4601257308438869,0.5267210581246042,1,0.1758476845276199,Zone-08,0,0.27666666666666667,Elevated pressure fluctuation and pipe material risk,Pressure-related stress
7.3787026407203635,5.656878894860175,0.21210108819163612,1.80895349844835,0.48830528539882834,1,0.6151356911669482,Zone-15,0,0.23,Elevated pipe age and average pressure,
7.865922652907359,4.826914288630485,0.3064944605916092,1.552176213404695,0.16184655073154525,0,0.1415236341415368,Zone-12,0,0.12333333333333334,Elevated pipe age and pipe material risk,
17.443237738817754,4.58609206379704,1.0681193160847877,5.072710895608327,0.1318630279569419,0,0.09962207853132843,Zone-02,1,0.6433333333333333,Elevated pressure fluctuation and night flow,Pressure-related stress
32.16974020428763,4.261802371963954,0.6815565255174922,1.0191520709977224,0.9433054609164481,1,0.33761367962133504,Zone-13,0,0.57,Elevated night flow and pressure fluctuation,Suspected active leak (flow signature)
29.463357834132722,3.928185176952346,0.28627464082987525,1.7635815912239037,0.44954160015508504,1,0.589253965664922,Zone-26,0,0.21,Elevated pipe age and night flow,
22.675717147275098,4.323003594758864,0.07110171751626496,0.04285077247895803,0.058517847870118114,5,0.9133701453231223,Zone-19,0,0.32666666666666666,Elevated night flow and pipe material risk,Suspected active leak (flow signature)
20.553254610151495,5.062637331157952,0.4459349299261637,0.5004180511296675,0.7241698499749617,0,0.3173478988198364,Zone-14,1,0.21666666666666667,Elevated night flow and average pressure,
29.268721531420823,3.6802913987961516,0.04439352039942008,10.287644981649382,0.4131322238715431,0,0.8652704728191466,Zone-10,1,0.9166666666666666,Elevated night flow and pipe material risk,Suspected active leak (flow signature)
39.740977194793764,4.311100520019609,0.5426134680276665,6.763765283219874,0.23878023329185583,2,0.9135657962723019,Zone-23,1,0.9433333333333334,Elevated night flow and pipe age,Suspected active leak (flow signature)
24.866382814694887,5.311413063806189,0.07480430745363721,7.354426924410115,0.9150183582989269,0,0.7342096493682537,Zone-17,1,0.9133333333333333,Elevated night flow and average pressure,Suspected active leak (flow signature)
35.24732440324627,4.937309078683263,0.7812804893397334,1.9444740182159852,1.9995615378415539,2,0.24606860997210533,Zone-26,0,0.6733333333333333,Elevated flow fluctuation and pressure fluctuation,Suspected active leak (flow signature)
14.419020642069498,3.122318700261256,0.28088685824865783,1.5821798338516213,0.9141851488441014,0,0.43536987187376297,Zone-20,0,0.19333333333333333,Elevated average pressure and night flow,
10.653275971624181,4.149878446357302,0.1594790659844403,3.6325419873000824,0.31632765972918914,0,0.31096697578314325,Zone-13,0,0.26,Elevated night flow and pipe age,Suspected active leak (flow signature)
32.31727403341519,4.586401550583448,0.10493735542570432,1.1794495310245303,0.9449218028812271,0,0.91348629572967,Zone-13,0,0.22,Elevated pipe material risk and pipe age,
14.923838210051008,3.9393044408939124,0.5464035140371813,0.7996037488559138,0.7923389671965513,0,0.7376722517398752,Zone-08,0,0.24333333333333335,Elevated night flow and pressure fluctuation,
9.840295920640955,3.8391778856918504,0.7635535078932164,1.7198934340190608,0.33401498873729024,0,0.3459940916876967,Zone-23,0,0.22666666666666666,Elevated pressure fluctuation and pipe age,
29.519970799926476,4.930095842815671,0.25058668457421684,1.6829501993506668,1.656672005412974,1,0.7421388389509604,Zone-21,0,0.4033333333333333,Elevated flow fluctuation and pipe age,Suspected active leak (flow signature)
15.009930303913286,6.058783528077875,0.018488143438090757,15.743824148313832,0.04736595705797813,1,0.40176254794482924,Zone-03,1,0.8466666666666667,Elevated night flow and average pressure,Suspected active leak (flow signature)
18.771558228916145,3.76617779883795,0.3874428065774804,6.04852033151512,0.17906891809363648,0,0.8997260164487391,Zone-30,1,0.79,Elevated night flow and pipe material risk,Suspected active leak (flow signature)
7.492542388357924,4.439959396383884,0.3734750447549934,0.4432937217987216,1.0213694059164817,1,0.154152734591951,Zone-04,0,0.22333333333333333,Elevated night flow and pipe age,
14.407989549151722,4.000764498504392,0.09248573379652843,1.190002533177297,0.2690080960754353,0,0.25029680703761525,Zone-24,1,0.06333333333333334,Elevated night flow and pipe material risk,
21.58562528011904,4.086485327209411,0.7346581429438345,1.4902541149626143,0.24098383124711079,0,0.8383132045496479,Zone-09,0,0.42,Elevated pressure fluctuation and pipe material risk,Pressure-related stress
22.79906737568784,4.9469079064838555,0.08920405943814291,5.987251629932641,0.14113444469058278,0,0.06484782393203037,Zone-24,1,0.66,Elevated night flow and pipe material risk,Suspected active leak (flow signature)
40.003275346999025,4.204702343328927,0.4868652026872674,3.65933749308586,0.16292281492307117,2,0.3344809244373589,Zone-12,1,0.6966666666666667,Elevated pipe age and night flow,Aging infrastructure
22.650944370225417,4.095575601749912,0.050362112713014814,5.9909726050933045,0.7379629648305649,0,0.5136194572143569,Zone-29,1,0.7933333333333333,Elevated night flow and pressure fluctuation,Suspected active leak (flow signature)
21.30981669631321,3.8847577537235085,0.06885473734834448,0.5891688763169093,0.1831208479468071,1,0.08852565222810327,Zone-26,0,0.05333333333333334,Elevated night flow and pipe material risk,
12.466709234895356,3.499923618741435,0.9492071719306598,1.0590764499489267,0.04497666134663623,0,0.9617345646927112,Zone-10,1,0.48,Elevated pressure fluctuation and pipe material risk,Pressure-related stress
15.348973192175961,3.9493614977309375,0.03175137442202021,0.09760942613366352,0.08328783526833645,0,0.21661558260714076,Zone-13,0,0.1,Elevated night flow and pipe material risk,
21.08288672778071,4.435661400115211,0.9646208331833361,12.66822181632155,0.11348092217850878,0,0.02301451679084543,Zone-25,1,0.7766666666666666,Elevated night flow and pressure fluctuation,Suspected active leak (flow signature)
40.446227410314194,5.1884620075840475,0.6774658616370294,0.8748918918553074,0.1282615887885845,2,0.36101540361572215,Zone-18,1,0.5233333333333333,Elevated pipe age and night flow,Aging infrastructure
15.125782040225788,5.075891166360114,0.5760198175399516,0.7843002929872688,0.44789423697647807,0,0.615420838779705,Zone-22,0,0.08333333333333333,Elevated night flow and pressure fluctuation,
36.29091101070563,4.539998106342021,0.35137438280832967,3.5757325270087055,1.0524358456477303,1,0.5716295972101096,Zone-30,0,0.64,Elevated pipe age and night flow,Aging infrastructure
21.752769633823622,4.361642660123738,0.5321623342701027,3.801838443676824,0.44987588200464507,2,0.7258906102643945,Zone-03,1,0.7933333333333333,Elevated night flow and pressure fluctuation,Suspected active leak (flow signature)
16.93014950469967,3.7457770810132187,1.386095514375622,1.7697595614981227,1.3233638681500142,1,0.5687631638451323,Zone-08,1,0.64,Elevated pressure fluctuation and flow fluctuation,Pressure-related stress
7.621637983480792,4.236261763488769,0.24442338268425945,2.627102336744396,0.2421848122907951,1,0.33768381810687365,Zone-04,0,0.16,Elevated pipe age and pipe material risk,
8.977945206961621,3.8688376431102194,0.4897038948787852,5.824710307616155,0.7378083392586311,2,0.01317321871719579,Zone-02,0,0.72,Elevated night flow and pipe material risk,Suspected active leak (flow signature)
8.545619938296818,3.055318068800912,0.044507622391199465,1.887977251338895,0.2610795586297937,1,0.0646489424878488,Zone-18,0,0.19,Elevated average pressure and pipe material risk,
10.37634232498023,3.6454910383483834,0.202893992819285,1.5602799185447909,0.25433491339426145,0,0.4333333273211415,Zone-25,1,0.12666666666666668,Elevated pipe age and average pressure,
17.02622375960455,5.197865687522694,1.1532579177447648,0.7644176971128601,1.0578759215067228,1,0.6043160356090225,Zone-10,1,0.44666666666666666,Elevated pressure fluctuation and night flow,Pressure-related stress
38.166523348354495,3.7240153940515155,0.3941744117019798,0.7495693303747359,1.3299777367858856,3,0.30432104108857383,Zone-04,0,0.43,Elevated pipe age and night flow,Aging infrastructure
20.745130769196145,3.3847753586335996,0.7868522964931735,0.2242728833205722,0.023566976204521143,0,0.20579756506017677,Zone-19,0,0.08333333333333333,Elevated night flow and pressure fluctuation,
23.89447735956511,3.6311978872438133,0.32154754124307733,8.577085530329397,0.6341795668108006,0,0.19065742163264998,Zone-02,1,0.9,Elevated night flow and pipe material risk,Suspected active leak (flow signature)
38.796925014437086,3.795852117984623,0.31869800549246935,0.03735733515134969,0.8627118918390175,0,0.6751996698379338,Zone-26,1,0.2966666666666667,Elevated night flow and pipe age,Suspected active leak (flow signature)
14.856875081226587,4.114834806296648,0.21656929074588638,5.827423325796279,0.8995397977937281,3,0.6573417511787504,Zone-30,1,0.94,Elevated night flow and resident complaints,Suspected active leak (flow signature)
19.315033356563326,2.6852524535770748,0.5202901693419696,0.7196522355554094,0.10762186448532489,0,0.09994992401174663,Zone-29,0,0.15,Elevated average pressure and night flow,
32.92755199748213,4.238889985632023,0.07173543844985054,4.849375852631967,0.46121044954118107,0,0.12137240159137175,Zone-05,1,0.6866666666666666,Elevated night flow and pipe age,Suspected active leak (flow signature)
20.722594012655065,4.015084423871803,0.09754502365748319,11.47041161110537,0.6689692178983625,1,0.24523953520068198,Zone-13,1,0.92,Elevated night flow and pipe material risk,Suspected active leak (flow signature)
28.874692427685122,5.975482837340297,0.37532839044209637,2.5705524441375265,0.5557223120960298,2,0.4471790409264441,Zone-15,0,0.3333333333333333,Elevated average pressure and pipe age,Pressure-related stress
17.34894394839065,3.9836471810669103,0.03572953710383591,0.09997642115419118,0.5271280089144014,1,0.723883824943344,Zone-21,0,0.07333333333333333,Elevated night flow and pressure fluctuation,
6.4009894165117736,4.548950211831912,0.5686178993867401,4.559293128556121,0.030736910521019057,0,0.0627158975101374,Zone-30,0,0.36666666666666664,Elevated night flow and pipe material risk,Suspected active leak (flow signature)
12.101088828736465,4.64721931581389,0.12333338372886175,1.7956812020986046,0.12649738822156528,1,0.3942747559329909,Zone-25,0,0.23666666666666666,Elevated pipe age and flow fluctuation,
13.902584166625804,4.696111017315681,0.02522897923805816,7.494523851527085,1.1059420798923483,1,0.2841323629396526,Zone-06,0,0.8533333333333334,Elevated night flow and flow fluctuation,Suspected active leak (flow signature)
27.689714951769695,3.1969938168488494,0.10095766307446687,0.18471929916234062,0.03513638720167704,2,0.07074890715862825,Zone-07,0,0.15,Elevated night flow and pipe material risk,
7.258791855262441,5.12503731414537,0.6287465560623489,2.225466120931589,0.09670096032297508,1,0.8721756388062635,Zone-27,0,0.4066666666666667,Elevated pipe age and pipe material risk,Aging infrastructure
21.54376844067923,4.332113577109564,0.11989863957804336,1.0661135582527634,0.9578272345821062,1,0.0697727506029332,Zone-21,0,0.14666666666666667,Elevated pipe material risk and night flow,
15.271695901448156,4.2873192612125175,0.40385427675856794,14.638163665918494,0.0863327440994878,1,0.46591386051758843,Zone-29,1,0.92,Elevated night flow and flow fluctuation,Suspected active leak (flow signature)
23.920530931991642,4.7451614187433435,0.28592449481852616,1.0068181427072886,0.4173728648372028,0,0.27608672842124704,Zone-14,0,0.18333333333333332,Elevated night flow and pipe material risk,
6.862853241764078,4.313188158764107,0.22054967797268818,0.12346508715937309,0.38757494514006113,0,0.3301476233764892,Zone-28,0,0.07,Elevated night flow and pipe age,
34.94872404777388,3.739665777376567,0.2624870568363225,1.4006743697217625,0.6103172930003901,0,0.56759329212785,Zone-17,0,0.13666666666666666,Elevated pipe age and night flow,
21.423334918863276,4.759937392822425,0.0916159729640609,2.893694181420661,0.5543435476752223,0,0.5310673828665976,Zone-10,0,0.38,Elevated pressure fluctuation and night flow,Pressure-related stress
22.007926991664434,4.821146589555502,0.037664616014084475,6.709101480238652,0.046220910069116876,1,0.8584129884358134,Zone-23,1,0.9433333333333334,Elevated night flow and pipe material risk,Suspected active leak (flow signature)
19.581771209237893,4.091596542535681,0.14656766637516733,3.326835504401145,0.28777906161033706,0,0.3613272724259746,Zone-14,0,0.42333333333333334,Elevated night flow and pressure fluctuation,Suspected active leak (flow signature)
16.644791131675174,4.084652050899604,0.7685037749625458,4.694378239862666,0.8592297003229058,1,0.8764266901148562,Zone-24,1,0.77,Elevated night flow and pressure fluctuation,Suspected active leak (flow signature)
9.11284014363483,4.343059628202831,0.014991888455985591,0.138642975391545,1.7526882559268417,0,0.617133239248399,Zone-09,1,0.2,Elevated flow fluctuation and night flow,
11.605555163127653,4.397903545258597,0.13695673078517054,4.169515163126702,0.5525222371530492,1,0.3687195156186299,Zone-15,0,0.4166666666666667,Elevated night flow and pipe age,Suspected active leak (flow signature)
26.146077777956457,3.8092443150299373,0.40578819545312206,0.4753255969322686,0.2671567979525542,1,0.3663231906861415,Zone-11,0,0.25,Elevated night flow and average pressure,Suspected active leak (flow signature)
38.04167164720957,4.698137651751821,0.0010356286223158462,1.0575715097416776,0.15634689402720497,0,0.5999422950219879,Zone-24,0,0.47,Elevated pipe age and night flow,Aging infrastructure
17.53957721713185,2.9869566782158294,0.08000289750448518,3.188810325895905,0.7772814410543231,0,0.7225408866657723,Zone-11,0,0.5133333333333333,Elevated average pressure and pressure fluctuation,Pressure-related stress
8.949638967075305,4.189636149319411,9.990699936671917e-05,7.481506181516556,0.12155133226757617,2,0.9960967117024472,Zone-14,1,0.58,Elevated night flow and pipe material risk,Suspected active leak (flow signature)
24.088491292999308,5.1022202963865,0.023430122082669123,2.2532483592556423,0.35066710682732133,2,0.5402760185908376,Zone-30,1,0.6033333333333334,Elevated pressure fluctuation and average pressure,Pressure-related stress
16.538673421133012,5.0218279965184225,0.2275698093554182,0.9985347858165645,0.1285235631526307,0,0.15100381947457453,Zone-23,0,0.17666666666666667,Elevated night flow and pipe material risk,
9.704329875831789,4.538495056106024,0.3779598219611092,1.5469813970313806,0.17223549156545956,0,0.08493949141798496,Zone-11,0,0.16,Elevated pipe material risk and pipe age,
7.051786990252684,4.136313166692055,0.15751719018795127,1.7399106505608584,0.25280087445681515,1,0.3079604084979538,Zone-07,1,0.18666666666666668,Elevated pipe age and night flow,
10.247296326661656,4.430929927721668,0.2348651233847776,5.038005104164185,0.40958496917482673,0,0.43389328190928056,Zone-08,1,0.46,Elevated night flow and pipe age,Suspected active leak (flow signature)
9.453103045604047,4.119195257201975,0.3291595750616903,2.66247845820766,0.29006437519212336,1,0.13573530758326802,Zone-05,0,0.13666666666666666,Elevated pipe material risk and pipe age,
18.32258199444675,5.2763716747807745,0.03412246594475869,0.019170802977496564,0.10110443693819708,2,0.6160318962374175,Zone-19,0,0.29333333333333333,Elevated night flow and pressure fluctuation,Suspected active leak (flow signature)
25.620297503726256,3.709261133795442,0.1377395230087646,2.165371697176417,0.290807166339066,1,0.9889060331995939,Zone-28,0,0.42333333333333334,Elevated pipe material risk and average pressure,Aging infrastructure
38.24760209168777,4.630287459695379,0.07102708257086618,2.056161282858234,0.05777346157135749,1,0.051446018222006895,Zone-12,0,0.5966666666666667,Elevated pipe age and pipe material risk,Aging infrastructure
18.213151965981538,5.435484338846955,0.2621143364440184,3.7088421911362386,1.1772922216485422,2,0.4276646367129804,Zone-26,1,0.73,Elevated flow fluctuation and night flow,Suspected active leak (flow signature)
13.513780506584736,5.0316562854223035,0.047093041802572955,4.935682681373689,0.08781978642528934,0,0.3369192588751594,Zone-22,0,0.3233333333333333,Elevated night flow and pressure fluctuation,Suspected active leak (flow signature)
20.230250708859707,4.65769466809816,0.1794638210998489,3.11773523516917,0.6567814196941161,1,0.9572866979138861,Zone-24,0,0.57,Elevated pipe material risk and night flow,Aging infrastructure
10.727218431001774,4.4365391052118754,0.13945279540659786,3.8270007097134884,0.2852986630418008,0,0.60453978075227,Zone-21,0,0.44333333333333336,Elevated night flow and pipe age,Suspected active leak (flow signature)
11.796339405784694,5.174247876570994,0.09925280383880562,1.3792511915573935,0.5340624361355713,1,0.3570568973064894,Zone-23,0,0.12,Elevated night flow and pipe age,
20.969253671331046,3.981729449902315,0.33753732679173093,0.6305015554679567,1.6701386618846745,0,0.8205344966050687,Zone-05,1,0.46,Elevated flow fluctuation and night flow,Suspected active leak (flow signature)
37.22012088837325,3.3766750083062007,0.04405166721435552,0.7642858313746058,0.025563838308163413,1,0.7291389496952475,Zone-28,0,0.33,Elevated pipe age and night flow,Aging infrastructure
31.30597739338766,4.5602256357144055,0.6485725592287251,0.32374103768907747,1.1412890862819904,0,0.776419322847887,Zone-13,0,0.4766666666666667,Elevated night flow and pressure fluctuation,Suspected active leak (flow signature)
11.354394341829916,6.139050895278667,0.20072658692857695,1.3836656854209166,0.7686466700772471,2,0.29775181570572073,Zone-13,0,0.31,Elevated average pressure and night flow,Pressure-related stress
16.483753366422192,5.370854571195314,0.0644038892721121,1.724219213802465,0.07329483234882332,1,0.8565375235365896,Zone-06,1,0.24666666666666667,Elevated pipe material risk and average pressure,
14.560993030512366,4.757761144665833,0.14725806219984885,2.283873735571138,0.04690026863088619,2,0.5168753368273998,Zone-20,0,0.5366666666666666,Elevated flow fluctuation and pipe age,Suspected active leak (flow signature)
6.9402730092459874,3.806762331487143,0.020067729813222066,2.0659365405813572,0.22348092110738613,1,0.5274848412856187,Zone-06,0,0.27,Elevated pipe age and pressure fluctuation,Aging infrastructure
13.138075568903954,4.344324644672292,0.7460626485762695,5.015653144782613,0.8138274510358381,0,0.9463030849089528,Zone-10,0,0.7566666666666667,Elevated night flow and pressure fluctuation,Suspected active leak (flow signature)
25.26724416289681,2.793721573441741,0.20977991491288087,0.7784256267047973,0.5967118307820077,1,0.9385555985584778,Zone-02,0,0.19,Elevated average pressure and night flow,
46.60727962802145,4.60570202852526,0.6600778791350682,3.342557291861717,0.24417718937898406,0,0.4449524362441545,Zone-29,1,0.6933333333333334,Elevated pipe age and pressure fluctuation,Aging infrastructure
33.05270257434147,3.924087177021809,0.17946781253936062,3.692213438913297,0.10777461508595489,0,0.298934638579333,Zone-18,0,0.57,Elevated pipe age and night flow,Aging infrastructure
21.021141696152796,5.238666153431409,0.2953610720118971,6.07785062151637,0.6487310612478303,1,0.2434812048381617,Zone-10,1,0.95,Elevated night flow and pipe material risk,Suspected active leak (flow signature)
19.52696461528516,4.565973114957719,0.11860934224005734,2.3647628388994093,0.7624414230546952,3,0.498857584922874,Zone-28,1,0.6066666666666667,Elevated resident complaints and pressure fluctuation,Resident-reported issue
28.912324617185966,4.864247801638813,0.19180152928858288,3.578314343469651,0.491520038578699,1,0.9326799923688078,Zone-03,1,0.6633333333333333,Elevated pipe material risk and night flow,Aging infrastructure
18.90691217306299,5.002072585827237,0.04935756857874962,0.5107294140074432,0.3505108695787435,0,0.18583739669314747,Zone-06,0,0.08,Elevated night flow and pipe material risk,
14.665653812987049,3.883802668802113,0.2488792705731178,3.0369797441187334,0.9888236059769615,0,0.17295206458802814,Zone-23,1,0.39666666666666667,Elevated pipe material risk and flow fluctuation,Aging infrastructure
33.857090555071224,4.655533776915581,0.15105595027461977,0.04135626144357353,0.04227698246651578,1,0.011121293187663195,Zone-20,0,0.20333333333333334,Elevated night flow and pipe material risk,
8.347437761908456,4.52170707854547,0.447304254527592,0.2645941689905323,0.06668321921690114,0,0.7821831602469215,Zone-24,0,0.31666666666666665,Elevated night flow and pipe age,Suspected active leak (flow signature)
6.549567952264283,5.117001131400969,0.2682296326511012,4.176028688933667,0.4024087052054178,1,0.3313596517246592,Zone-20,1,0.5066666666666667,Elevated night flow and pipe age,Suspected active leak (flow signature)
29.551824199008784,4.546000880195431,0.017163711448024407,0.03602655268043833,0.33248791933185845,1,0.25640541094760183,Zone-01,0,0.18333333333333332,Elevated night flow and pipe age,
13.745249409684641,5.382206456529591,0.280516572445104,3.246896890276319,0.18568408917524779,1,0.8133694999729288,Zone-18,0,0.51,Elevated pipe material risk and average pressure,Aging infrastructure
23.36611431382405,5.137267031848072,0.4729602286620215,0.529274786762493,0.29736499960715385,2,0.8129205333565593,Zone-11,0,0.39666666666666667,Elevated night flow and pipe material risk,Suspected active leak (flow signature)
11.55897055609781,4.25164481556507,0.05587808781909631,1.032862775796819,0.6893322709226772,2,0.3083398629297077,Zone-21,0,0.36333333333333334,Elevated night flow and pipe age,Suspected active leak (flow signature)
17.249208536254944,4.622196771438123,0.13565456170614276,2.2711148819101616,0.038307129411260084,2,0.1047997779960862,Zone-30,0,0.35,Elevated pipe material risk and flow fluctuation,Aging infrastructure
35.619688406360446,5.300824766420459,0.33047580570424256,0.15393831367330615,0.3868337625296814,1,0.002546250911317882,Zone-28,0,0.39666666666666667,Elevated night flow and pipe material risk,Suspected active leak (flow signature)
6.284920645306942,2.4472547461226233,0.28809205453649933,0.07083357976407229,0.736231599176972,0,0.15366531516613569,Zone-20,0,0.20333333333333334,Elevated night flow and average pressure,
8.242010479948107,6.420318622349936,0.01182870652278511,0.29024435140693955,0.7093984413453056,0,0.6840667022149747,Zone-16,0,0.1,Elevated average pressure and night flow,
45.578741694794616,4.705645575715095,0.16842596674235016,1.2796843189226985,0.19246742700109817,0,0.4411105149923318,Zone-06,1,0.27,Elevated pipe age and night flow,Aging infrastructure
17.56461792476967,5.08490132400889,0.08472288935477061,2.308053308668833,0.34984233501679957,0,0.2607681578812826,Zone-04,1,0.25666666666666665,Elevated pipe material risk and pressure fluctuation,Aging infrastructure
14.84948602899811,3.80593442717087,0.31509168519818154,2.762714949356131,0.42759034545962554,1,0.24311502908842808,Zone-24,1,0.20333333333333334,Elevated pipe material risk and average pressure,
15.829299999635902,4.587339226040256,0.14044484603264304,8.451796395217288,0.910170259006575,0,0.907278100066097,Zone-20,1,0.9433333333333334,Elevated night flow and pipe material risk,Suspected active leak (flow signature)
11.856103550119974,5.28806802223943,0.21502498255136343,0.672519527236827,0.025925659468181542,0,0.4965041235646611,Zone-15,0,0.12666666666666668,Elevated night flow and flow fluctuation,
18.261349050028258,5.176119734472593,0.01733226891957418,3.0610878075352805,0.8237917336426684,1,0.6525410198647009,Zone-30,1,0.51,Elevated pressure fluctuation and average pressure,Pressure-related stress
41.298141208300585,5.780517565506498,0.5732676844130438,3.856119067102518,0.018983967872686067,1,0.332040070662299,Zone-26,0,0.53,Elevated pipe age and average pressure,Aging infrastructure
9.837422287911654,3.2791328741958297,0.5173035369780641,2.1414543113183653,0.44579331743350165,1,0.9622380167978146,Zone-23,0,0.4633333333333333,Elevated pipe material risk and average pressure,Aging infrastructure
14.210938100729706,3.600220553433999,0.22356672667227576,5.968965097249037,0.10308617398864614,1,0.8271976984650572,Zone-24,0,0.85,Elevated night flow and pipe material risk,Suspected active leak (flow signature)
13.42087256161468,4.354022815597196,1.3074238535420755,6.754225536019219,0.5959481511463715,0,0.7334630010602808,Zone-25,1,0.8433333333333334,Elevated night flow and pressure fluctuation,Suspected active leak (flow signature)
7.67656795429624,5.6741549310940425,0.12163881233519216,2.157420711236617,0.06618508260964782,0,0.8555486723108501,Zone-18,0,0.13333333333333333,Elevated average pressure and pipe age,
7.748465028806776,2.497558725513065,0.5068832307220166,0.03519783143121773,1.2874360009770527,0,0.4111679783434137,Zone-26,1,0.2,Elevated night flow and average pressure,
37.780492651711704,3.687940941593601,0.44435482184675196,3.088545792787965,0.2878598871200883,0,0.07413517806665637,Zone-18,1,0.48333333333333334,Elevated pipe age and pipe material risk,Aging infrastructure
10.486893231519428,4.972352113826736,1.1829179291656229,0.3661229958158012,0.9414663372014306,0,0.22760153122872562,Zone-20,0,0.32,Elevated pressure fluctuation and night flow,Pressure-related stress
6.145326875278259,5.359115336146797,0.08575078089177754,0.37530570858295703,0.09288080434231706,2,0.3848860423368796,Zone-02,1,0.15666666666666668,Elevated night flow and pipe age,
18.697815944907372,4.0733338218276325,0.007087514233101153,1.119926181689352,0.47892767321653607,1,0.1117242653425714,Zone-22,0,0.15666666666666668,Elevated night flow and pipe material risk,
13.075521791102425,5.094275595292264,0.002310111358347367,3.807395391104765,1.5297821672519685,0,0.23783854093745438,Zone-08,0,0.4533333333333333,Elevated flow fluctuation and night flow,Suspected active leak (flow signature)
25.543946747257532,3.772181276524959,0.14109479545568257,2.3019185234704107,0.3320049274783457,1,0.7393157589275293,Zone-20,1,0.3,Elevated pipe material risk and average pressure,Aging infrastructure
10.64668902529657,4.7097295683525555,0.22229089541276278,0.10594209721225237,0.15189754988173262,3,0.5297500715184476,Zone-28,0,0.3433333333333333,Elevated night flow and pipe age,Suspected active leak (flow signature)
31.168180413497485,3.8249521144360736,0.5981976176788861,3.186599093026948,1.955104294275102,0,0.8490822692298469,Zone-17,1,0.6766666666666666,Elevated flow fluctuation and pipe age,Suspected active leak (flow signature)
15.037014334161691,5.281468597548939,0.2886246768220693,3.929778106315939,0.5061868281825043,0,0.7669836282221285,Zone-06,1,0.74,Elevated night flow and pipe material risk,Suspected active leak (flow signature)
7.822627108392642,3.183554688401114,0.0436469319005902,1.053894754247834,0.06628730139390897,1,0.956426460013974,Zone-26,0,0.3466666666666667,Elevated pipe material risk and average pressure,Aging infrastructure
26.431091001772906,3.1642896055854273,0.005311003922439302,0.9167470008377807,0.5542081690484713,1,0.12702357269713704,Zone-16,0,0.27666666666666667,Elevated night flow and average pressure,Suspected active leak (flow signature)
27.936788195284464,3.907455729061782,0.020317118744955155,1.3815188641584972,0.5530769689469326,1,0.8948770635256542,Zone-30,0,0.15333333333333332,Elevated pipe material risk and night flow,
7.153491367188004,5.758874426667958,0.29140704480902907,1.21791907048007,0.7531736508075233,1,0.057855370877876844,Zone-18,1,0.17333333333333334,Elevated pipe material risk and average pressure,
39.59544574316104,3.713848857977406,0.11330150707183603,0.578061804472364,0.8724802899134538,0,0.70335771047286,Zone-15,1,0.21333333333333335,Elevated pipe age and night flow,
19.523966443088323,4.574954063955615,0.3912489900533309,0.6916713537954943,0.017040352403070908,0,0.16713071137737745,Zone-25,0,0.12666666666666668,Elevated night flow and pipe material risk,
14.54206940182999,5.402353447018301,0.07599672967941165,1.7745993429689984,0.32352997713626075,1,0.02225982741986099,Zone-30,0,0.20333333333333334,Elevated pipe material risk and average pressure,
19.656996012182645,4.098321581113071,0.024045122178320614,1.973209307367866,0.26314581356072025,0,0.48431359851648526,Zone-04,0,0.37333333333333335,Elevated pressure fluctuation and night flow,Pressure-related stress
11.057914376943518,5.355458496234114,0.9384355481689406,1.3781285595735415,0.03502764809338477,0,0.19303227974616455,Zone-15,0,0.25,Elevated pressure fluctuation and night flow,Pressure-related stress
8.025332532813213,2.9773344004614204,0.07511517160922501,5.360379726520601,0.26944001865321704,0,0.21283274277604425,Zone-21,0,0.38,Elevated night flow and average pressure,Suspected active leak (flow signature)
15.623414706266018,3.8931920074516597,0.49491138855515343,1.0432695604424165,0.014359982785103418,2,0.5725144042320662,Zone-04,0,0.22666666666666666,Elevated night flow and flow fluctuation,
14.571911015864723,6.182172552603342,0.3964450797541749,4.197223424835485,0.35215768596825464,2,0.7225702680596962,Zone-25,1,0.6933333333333334,Elevated average pressure and night flow,Pressure-related stress
27.138853987750107,4.598104453585052,0.03898144262943539,3.2688391791744946,0.11688316540876316,0,0.45567512706488944,Zone-25,1,0.6766666666666666,Elevated pressure fluctuation and pipe age,Pressure-related stress
16.95429278714174,4.645196614000556,0.22511798919280943,0.621471968784975,0.14015728790090615,0,0.6540612319214237,Zone-25,0,0.12666666666666668,Elevated night flow and flow fluctuation,
9.421294224364466,5.987861409434087,0.009895266385618865,0.8824234474069103,1.330602960983824,2,0.31469975830230534,Zone-08,0,0.46,Elevated average pressure and night flow,Pressure-related stress
18.27402073697386,4.2343986621325875,0.4372770297367849,1.0595149481737862,0.9448647793623495,3,0.6223271782918429,Zone-25,0,0.6166666666666667,Elevated night flow and flow fluctuation,Suspected active leak (flow signature)
23.335520954064755,4.438895185061732,0.5016048760789592,2.9809224154266705,0.1669385777802718,2,0.9446081966616318,Zone-11,0,0.5866666666666667,Elevated pipe material risk and pressure fluctuation,Aging infrastructure
23.9223533660731,5.284997224051544,0.0022278099149106063,1.449078433803186,0.12803701832891567,0,0.7302646978151344,Zone-07,0,0.31,Elevated pressure fluctuation and night flow,Pressure-related stress
21.74383377966776,3.5814485135846077,0.5415896555599242,0.4919278485936758,0.5610889474575023,0,0.6893115361315074,Zone-05,0,0.29333333333333333,Elevated night flow and average pressure,Suspected active leak (flow signature)
18.37356870868545,4.401083098212869,0.053425377902083404,2.7046610461113127,0.30826333025185376,0,0.6887988877209356,Zone-10,0,0.2866666666666667,Elevated pressure fluctuation and pipe material risk,Pressure-related stress
35.380932448111096,4.930772029422185,0.2957982351406527,4.51851946275786,0.28998375722915,1,0.09435354729180245,Zone-22,1,0.7666666666666667,Elevated night flow and pipe age,Suspected active leak (flow signature)
18.61168391791192,3.0797431745277812,0.3161245631956338,1.6171158456708248,0.3566466437536356,0,0.0428525678641849,Zone-04,1,0.12666666666666668,Elevated pipe material risk and average pressure,
24.130782957459775,3.9558283021821574,0.8994613307934726,4.2405191986113175,0.02041330050690495,1,0.563129065384929,Zone-29,1,0.5966666666666667,Elevated pressure fluctuation and night flow,Pressure-related stress
26.910149938174953,4.2146490773698195,0.07255041846990856,0.7758646685277213,0.9568545471754644,1,0.9717401266029669,Zone-08,1,0.32,Elevated night flow and pipe material risk,Suspected active leak (flow signature)
35.77726171150563,4.314266076352205,0.2649718190008577,0.23728487408648083,0.16823401839745092,2,0.2034221557764484,Zone-08,0,0.30333333333333334,Elevated night flow and pipe age,Suspected active leak (flow signature)
12.690803046025623,5.559611677670809,0.3032997947644238,6.756502978272882,1.081713900448648,2,0.859294478716927,Zone-07,1,0.9133333333333333,Elevated night flow and pipe material risk,Suspected active leak (flow signature)
2.432236328166961,4.444339520986909,0.3144474873824589,1.6737389764809882,1.0025617646609257,2,0.038567306123117984,Zone-02,0,0.36333333333333334,Elevated pipe age and pipe material risk,Aging infrastructure
33.18921603281173,4.863509816340622,0.0035710203277093764,2.3917150244322634,0.39938922239701197,2,0.2636355326353813,Zone-04,0,0.54,Elevated pipe age and pressure fluctuation,Aging infrastructure
25.047267712918728,4.316615197750265,0.07217667303831875,2.131714880927274,0.3971326517974426,0,0.9197179312367579,Zone-20,0,0.38,Elevated pipe material risk and pressure fluctuation,Aging infrastructure
21.06559319096361,3.855278686352901,0.37640850794894315,0.17707869307688062,1.593382250385031,1,0.356773714008514,Zone-25,0,0.26666666666666666,Elevated night flow and flow fluctuation,Suspected active leak (flow signature)
16.262631763349297,5.0891823480815646,0.011084238906888574,1.7214254345160995,0.21736322964768426,1,0.2562207961778389,Zone-03,0,0.2833333333333333,Elevated pressure fluctuation and pipe material risk,Pressure-related stress
10.199353422821865,5.146651144797537,0.13737090849408817,1.3203982820921598,1.1663439700887557,1,0.4441662294211004,Zone-01,0,0.23666666666666666,Elevated flow fluctuation and night flow,
34.29348444418304,4.6082147272821405,0.2506896374673717,2.9525104435694587,0.005025064621611553,1,0.05123341368252665,Zone-19,0,0.48333333333333334,Elevated pipe material risk and pipe age,Aging infrastructure
15.102384292140814,4.453177179149246,0.4125352618704502,1.3449802725523894,0.2604758031954433,0,0.4796562499875967,Zone-05,1,0.08666666666666667,Elevated night flow and pipe age,
40.979442868488505,5.030252493120027,0.27964789816432833,2.937128999603482,0.5433719312197101,0,0.20477410105839466,Zone-26,1,0.5433333333333333,Elevated pipe age and pipe material risk,Aging infrastructure
32.24812639125199,3.423455991011564,0.14964892611220265,2.9867971668551756,0.14896283763722756,1,0.21608034978485458,Zone-24,0,0.41333333333333333,Elevated pipe age and average pressure,Aging infrastructure
29.423407831360105,5.01868944373333,0.34767986901794967,0.32646789754663863,0.4445587700784694,0,0.7828640620939985,Zone-17,0,0.2,Elevated night flow and pipe age,
8.225778677544067,4.721180500906542,0.5413039144313371,5.78835480505446,2.5312786235413247,0,0.03926521963143037,Zone-03,1,0.7366666666666667,Elevated flow fluctuation and night flow,Suspected active leak (flow signature)
31.001957174378,4.199144953777505,0.025035242963131473,1.2081734565211057,0.23325560513688134,4,0.07387061945375228,Zone-12,1,0.22666666666666666,Elevated pipe material risk and night flow,
16.893182013673798,4.702203175249156,0.11459751243182571,0.4056154383383064,0.5486789434844354,1,0.7732530372171661,Zone-19,0,0.12666666666666668,Elevated night flow and pipe material risk,
18.95150140008267,5.761590749344252,0.29411855912511475,4.56954687302866,1.0116128106452977,3,0.687926808978413,Zone-22,1,0.7666666666666667,Elevated night flow and average pressure,Suspected active leak (flow signature)
23.993818688523913,4.1339963537771265,1.0832206776436815,4.839433191594306,0.18939843893947816,0,0.6404507055450018,Zone-12,1,0.83,Elevated pressure fluctuation and night flow,Pressure-related stress
17.468278687819534,5.439716584006839,0.4007766155138961,0.5569228537429194,1.288400451240234,2,0.27138680329450127,Zone-21,1,0.44333333333333336,Elevated night flow and flow fluctuation,Suspected active leak (flow signature)
18.335454273149907,3.558709053441544,0.36058955375217866,0.33946382674024567,0.24001082031354462,2,0.8719734128806963,Zone-28,1,0.22666666666666666,Elevated night flow and pipe material risk,
25.464859631479257,4.099859176672033,0.16655666578070105,0.33670552678620835,0.004210923120000598,2,0.5117640055755714,Zone-24,0,0.28,Elevated night flow and flow fluctuation,Suspected active leak (flow signature)
24.104497143444917,4.2392336058171916,0.27382728878866036,3.174015109021262,0.19428452677551997,0,0.5295400409668019,Zone-18,0,0.64,Elevated night flow and flow fluctuation,Suspected active leak (flow signature)
37.278442902401174,4.597664701626833,0.5045296610916687,1.366651419703587,0.027133826644512034,2,0.2759606419344822,Zone-21,1,0.41,Elevated pipe age and night flow,Aging infrastructure
15.332652349690012,4.793971731244732,0.2652954733230724,5.516570015027936,0.4218247114990378,1,0.9533875597006877,Zone-15,1,0.8433333333333334,Elevated night flow and pipe material risk,Suspected active leak (flow signature)
34.47658110610884,4.8472413091288775,0.01199571436986979,0.2769692097993384,0.3982342637296282,2,0.621410840834407,Zone-13,0,0.25333333333333335,Elevated night flow and pipe age,Suspected active leak (flow signature)
26.744009440506815,5.562401211373681,0.08520706784725873,0.749757841751964,1.151997872280374,0,0.8200557464538422,Zone-24,0,0.26666666666666666,Elevated night flow and flow fluctuation,Suspected active leak (flow signature)
15.930714556761368,3.338356194461902,0.15555243412277234,1.1412845897965498,0.18135468386349593,1,0.5903882091425424,Zone-20,0,0.12666666666666668,Elevated night flow and average pressure,
18.01772378912583,4.593777672188541,0.040662147067480156,7.582933070218143,0.7584213731412501,1,0.751000336678268,Zone-22,1,0.9433333333333334,Elevated night flow and pressure fluctuation,Suspected active leak (flow signature)
10.905515536433864,4.685957030070329,0.511682792690611,2.799522302339775,0.020639821999845764,0,0.9856243938146526,Zone-18,0,0.43,Elevated pipe material risk and pipe age,Aging infrastructure
28.648118820948376,4.7386268852211115,0.057366431996704076,1.7273073163355401,0.009401992369480208,0,0.8535607594639251,Zone-27,0,0.3233333333333333,Elevated pipe material risk and flow fluctuation,Aging infrastructure
16.20038538193181,3.5935136654932323,0.7277916578694507,0.9966970677016733,0.05236179832964776,0,0.39901107915149914,Zone-19,0,0.16,Elevated pressure fluctuation and night flow,
26.51093740343605,2.5343143094060823,0.4499899338262769,3.6751725247961025,0.2793802486354535,1,0.28507836777677165,Zone-15,0,0.4866666666666667,Elevated average pressure and night flow,Pressure-related stress
19.099439887526472,6.0809380642034565,0.039150767079928754,0.25660025426819993,0.6466251516698115,0,0.032294035920719,Zone-26,0,0.18666666666666668,Elevated night flow and average pressure,
15.772373003817073,5.244777508681959,0.6315899264225171,6.817596414194807,0.14640659490122457,0,0.4184680757452407,Zone-12,1,0.8466666666666667,Elevated night flow and pressure fluctuation,Suspected active leak (flow signature)
12.394562716317594,4.201943316587704,0.12034379860404644,4.951509557618884,0.35250443163808903,0,0.3339709245413427,Zone-04,0,0.3566666666666667,Elevated night flow and pipe age,Suspected active leak (flow signature)
25.152571023915623,4.424910037520963,0.1608217493580597,2.156348738830111,0.8560689201573836,1,0.8510499383313067,Zone-08,1,0.36666666666666664,Elevated pipe material risk and flow fluctuation,Aging infrastructure
9.511541149888515,5.642920866285767,0.07509736681727784,4.586208828489985,0.337878143416062,0,0.0842710990778871,Zone-22,1,0.42,Elevated night flow and pipe material risk,Suspected active leak (flow signature)
17.417979077593017,4.4288085128933075,0.11096826586489297,4.536282211839986,0.5611921540099167,0,0.0766131011012754,Zone-18,1,0.5333333333333333,Elevated night flow and pipe material risk,Suspected active leak (flow signature)
23.12712397391923,3.215699112226815,0.2529002024068796,15.375593799057732,0.26184775847297687,1,0.6867097979793864,Zone-12,1,0.9166666666666666,Elevated night flow and average pressure,Suspected active leak (flow signature)
23.89677320199191,3.6440555475232888,0.029569980568573337,0.1744042766963427,0.16098728836809953,0,0.9857547967879898,Zone-26,0,0.08,Elevated night flow and pipe material risk,
29.711106593765514,4.3749922195812525,1.563305874156444,3.973302038118402,0.7228639458327538,0,0.11711625747284327,Zone-17,0,0.81,Elevated pressure fluctuation and night flow,Pressure-related stress
9.307852010112333,4.82930676272588,0.19583862155304746,0.12813314500370093,0.4976900868264219,0,0.745346607599317,Zone-15,0,0.09,Elevated night flow and pipe age,
40.72073220760521,4.708792585753927,0.1535251143576255,0.9637995859431168,0.5844231609995009,3,0.41987630893670425,Zone-14,0,0.35333333333333333,Elevated pipe age and night flow,Aging infrastructure
32.52898331141483,6.3579691469121205,0.09227306636707576,4.698457894501951,0.02665580739336854,0,0.45621125308936716,Zone-14,1,0.5066666666666667,Elevated night flow and average pressure,Suspected active leak (flow signature)
21.120857952920453,4.2835514810055795,0.7490296952576286,4.079724216887184,0.982631481847941,0,0.9460742942387682,Zone-10,0,0.7633333333333333,Elevated pressure fluctuation and pipe material risk,Pressure-related stress
23.042827455925725,4.02860304275196,0.5451341821719838,0.41868316438666225,0.9119960862955652,1,0.5526980163181416,Zone-15,1,0.3933333333333333,Elevated night flow and pressure fluctuation,Suspected active leak (flow signature)
16.10448504075656,3.9292220648309253,0.13793563120334282,1.5985050622531523,0.766065706460521,1,0.2659811294566875,Zone-07,1,0.21666666666666667,Elevated night flow and pipe material risk,
20.750921839983928,2.899374208029281,0.2942668145674002,0.021792603970367266,0.3186244737627964,1,0.8305673414164447,Zone-16,0,0.22333333333333333,Elevated night flow and average pressure,
17.968092490216097,2.8646568775237204,0.1580717164047963,1.1902955322558282,0.21223134999657361,1,0.6525341133671345,Zone-21,0,0.11,Elevated average pressure and night flow,
19.4850534489534,3.550410869929715,0.2958304651986911,0.6834620546604215,1.5782744892004152,2,0.9100194267086056,Zone-07,0,0.35,Elevated flow fluctuation and night flow,Suspected active leak (flow signature)
11.184202483966608,4.301799192433595,0.6465392021204933,0.3407575836372611,0.45456808150087546,1,0.9664130600980051,Zone-15,0,0.21,Elevated night flow and pipe material risk,
28.68352624327418,5.419009917102837,0.05537872418201185,1.5685583406452221,0.4853649816259342,0,0.8301268131689851,Zone-15,1,0.25,Elevated pipe material risk and average pressure,Aging infrastructure
15.23407080848856,2.9904103409739147,0.13028953297652054,3.0844164763478266,0.04345738975598576,0,0.9908556236153736,Zone-27,1,0.32666666666666666,Elevated pipe material risk and average pressure,Aging infrastructure
11.11218503572087,4.278206695814029,0.244443677718697,2.31940864970826,0.18668481443818785,0,0.4062797912114571,Zone-03,1,0.19333333333333333,Elevated pipe age and flow fluctuation,
27.91220059258341,4.073471096747848,0.25512835813349105,2.654587542600658,1.0905172268262358,0,0.21053341090876299,Zone-26,0,0.31,Elevated flow fluctuation and pipe material risk,Suspected active leak (flow signature)
38.85262003622741,4.899335298254268,0.364798493578318,1.3029045043581644,0.421823519705217,2,0.6002499908656452,Zone-13,0,0.4633333333333333,Elevated pipe age and night flow,Aging infrastructure
32.61898944515454,5.216350338394724,0.03884312113913434,1.0720480703997801,0.8727329243382866,2,0.20275814847919094,Zone-22,1,0.2633333333333333,Elevated night flow and pipe age,Suspected active leak (flow signature)
24.290134396456157,4.0332197467200075,0.3153612236828454,0.3518659499880273,0.5041190492868778,2,0.9008417327848376,Zone-19,1,0.22666666666666666,Elevated night flow and pipe material risk,
6.57218037322139,3.2576241554099568,0.28645660224767716,1.5134158052313686,0.12971393453408547,1,0.18014132408576666,Zone-06,0,0.15333333333333332,Elevated pipe age and average pressure,
11.968717408841954,4.761206478130379,0.19628762026255253,0.8017192496768784,0.4354867624952974,0,0.3209051969702581,Zone-18,0,0.11,Elevated night flow and pipe age,
25.17376491827566,4.1891654004935654,0.0599241993067119,7.320464237159101,0.33972136818273835,0,0.03037316778562349,Zone-15,1,0.7466666666666667,Elevated night flow and pipe material risk,Suspected active leak (flow signature)
9.585597924209704,5.664337110452214,0.005333124864406593,2.401039495697307,0.2514167460824623,2,0.764582595725264,Zone-22,1,0.3933333333333333,Elevated average pressure and pipe age,Pressure-related stress
18.281991698948513,4.20514943599776,0.052796907374856664,0.014557956939389197,0.773979511459775,1,0.7961300909464708,Zone-29,0,0.17,Elevated night flow and pipe material risk,
25.04691781783255,5.38137256973529,0.3451036355037743,2.6613746183498725,0.4834432352693585,1,0.6570454163542424,Zone-30,0,0.2866666666666667,Elevated average pressure and pipe age,Pressure-related stress
20.91065579776409,3.547241676753774,0.21969003219495375,5.779035709196151,0.6552431479590455,1,0.25363622455114454,Zone-05,1,0.8966666666666666,Elevated night flow and average pressure,Suspected active leak (flow signature)
31.057247721326448,4.887623586318642,1.4179564880817754,1.5151312379865995,0.19187321605376015,0,0.3376588075768159,Zone-17,0,0.42,Elevated pressure fluctuation and pipe age,Pressure-related stress
18.616604861357885,3.8051384802855264,0.11716708340854534,2.6281291824977244,0.030672800666967318,1,0.4739207774877654,Zone-07,0,0.4533333333333333,Elevated flow fluctuation and average pressure,Suspected active leak (flow signature)
13.89381347388153,4.75830624130339,0.09495743497459436,2.6928993310465406,0.4406203180831616,0,0.37152906547000275,Zone-30,0,0.12,Elevated pressure fluctuation and pipe age,
16.53482888237446,4.564175279199314,0.03663426259243457,2.326128406121059,1.0608311767828646,1,0.060526702359511186,Zone-02,1,0.26666666666666666,Elevated pipe material risk and flow fluctuation,Aging infrastructure
45.91881223989554,4.386452042572571,0.04412389740170244,3.2761615378556748,0.639626635016967,1,0.7170131137711079,Zone-12,1,0.68,Elevated pipe age and pressure fluctuation,Aging infrastructure
8.341711099666325,5.106289574749101,0.04952279388845935,0.3643597552589481,0.00824852496805108,2,0.5336776205871975,Zone-21,0,0.16,Elevated night flow and pipe age,
18.324207013295016,5.004990015991494,0.044228055591994095,3.271414889155162,0.2816489339728272,0,0.5556052234621961,Zone-30,0,0.49,Elevated pressure fluctuation and night flow,Pressure-related stress
30.731441532636516,4.745262620118774,0.4933144832602119,0.44171615483356363,0.3594929647011813,1,0.46140494483266137,Zone-21,0,0.30333333333333334,Elevated night flow and pipe age,Suspected active leak (flow signature)
32.064609050975314,5.209818725117967,0.18943561051359006,0.1586477623741499,1.4124645842211703,1,0.7311857828939097,Zone-08,0,0.11666666666666667,Elevated night flow and flow fluctuation,
9.174656396593234,5.591532807815854,0.6290612915113858,0.41714678464704996,0.29891467054696913,2,0.598970614690532,Zone-22,0,0.42333333333333334,Elevated night flow and average pressure,Suspected active leak (flow signature)
15.738625905858214,6.156949968372917,0.011930958155416883,0.8740263108971373,0.030506551794383645,2,0.16332730956185915,Zone-02,0,0.17666666666666667,Elevated average pressure and night flow,
15.700089656387417,5.07873163502671,0.09237024477902388,0.9620517886681091,0.5652371766852168,1,0.06608103825573175,Zone-16,0,0.16666666666666666,Elevated night flow and pipe material risk,
16.907253056852813,4.786479666312998,0.1800950811778432,2.999354988411078,0.5298191232463056,0,0.3115386361207436,Zone-20,1,0.3433333333333333,Elevated pipe material risk and night flow,Aging infrastructure
7.77366643369803,4.097849040633631,0.8575545733898912,0.7634315343282315,2.2540429275684097,1,0.7957876329822265,Zone-20,1,0.45,Elevated flow fluctuation and pressure fluctuation,Suspected active leak (flow signature)
30.324058882182893,5.633722947066027,0.6070146836093874,5.117965879541679,0.008818962556095187,0,0.7110960786664505,Zone-20,0,0.5066666666666667,Elevated night flow and average pressure,Suspected active leak (flow signature)
19.285712208627466,3.8276629693931445,0.11483140399530706,0.44227557189171984,0.1398483582259693,0,0.7924289973960876,Zone-13,0,0.13,Elevated night flow and pipe material risk,
9.857410114669186,5.899922387363399,0.2797195980641429,3.054337420713875,0.22883378078455632,0,0.06279804075313355,Zone-16,0,0.25333333333333335,Elevated average pressure and pipe material risk,Pressure-related stress
31.495665412949634,3.8623465931684375,0.08354037230703672,1.060483627690141,0.2190142534147668,1,0.42577818501105613,Zone-06,0,0.08,Elevated night flow and pipe age,
15.05378594498293,6.725497444303397,0.8012595081862738,1.1051111093370742,0.889928282786336,2,0.7613991173184397,Zone-25,0,0.5266666666666666,Elevated average pressure and pressure fluctuation,Pressure-related stress
36.78103083082236,6.727670559345262,1.303374911007398,0.032296723711192465,0.11563303714540954,0,0.7119611738837694,Zone-17,0,0.42,Elevated pressure fluctuation and average pressure,Pressure-related stress
6.7610240968109,5.364260432720354,0.9414261000484812,0.7762927046125084,1.6615935826657426,1,0.35507367060441775,Zone-04,0,0.43333333333333335,Elevated pressure fluctuation and flow fluctuation,Pressure-related stress
14.027409543192075,3.63607764568661,0.06353104223290358,1.4821342610675496,0.10357384613582869,0,0.2258894692773875,Zone-06,0,0.11333333333333333,Elevated night flow and average pressure,
14.74749539739488,5.359218698011428,0.6512030177552733,1.8360121017775335,1.4472709190788144,2,0.35648579437919115,Zone-02,1,0.54,Elevated flow fluctuation and pressure fluctuation,Suspected active leak (flow signature)
15.165009507893096,6.025756581353762,0.5928645025602026,1.3528779321977948,0.6806550149836792,2,0.2676810062708149,Zone-30,0,0.42333333333333334,Elevated average pressure and night flow,Pressure-related stress
30.686807305156098,5.766563342626664,0.154329132633848,3.5883186953546504,1.1003894165658687,2,0.7365687256591246,Zone-22,1,0.7366666666666667,Elevated average pressure and pipe age,Pressure-related stress
9.92005502046532,3.965102308819627,0.05805477397322207,0.25804417161696225,0.43495353950412774,0,0.013001899813041229,Zone-26,0,0.1,Elevated night flow and pipe material risk,
14.901590971517972,5.539686819687043,0.035169483144155786,0.9166490704045211,0.5103926534770346,0,0.6185698453701755,Zone-14,1,0.11333333333333333,Elevated night flow and average pressure,
6.08449034595754,3.6765603987084914,0.7830638317914675,0.9440926902221938,0.3912566384336726,0,0.16264028637209438,Zone-28,0,0.14666666666666667,Elevated pressure fluctuation and night flow,
20.339493002273365,3.7857043055382724,0.26760146387745365,0.11535062201364922,0.45832544640280126,0,0.050645805141634526,Zone-29,0,0.1,Elevated night flow and pipe material risk,
30.49812658500801,3.0473400002391813,0.053577173742802894,0.3476048299619433,1.3282408935673509,1,0.4520009380537655,Zone-05,0,0.18666666666666668,Elevated night flow and average pressure,
22.429312387722653,5.57640780139718,0.34863215128099045,7.403485834849692,0.09351609037027744,1,0.05597735431240225,Zone-06,0,0.6966666666666667,Elevated night flow and pipe material risk,Suspected active leak (flow signature)
9.883561373841246,4.673386690435417,0.04752409519369701,1.1062711772606906,1.189073406425481,3,0.7080915404854503,Zone-16,1,0.48333333333333334,Elevated night flow and flow fluctuation,Suspected active leak (flow signature)
20.09121845335629,6.011098710043285,0.029266473128133925,5.356953240477064,0.9027528753356588,1,0.4869721933773362,Zone-13,1,0.7266666666666667,Elevated night flow and average pressure,Suspected active leak (flow signature)
13.997052111681636,4.985436925857028,0.008926787615326443,1.6165821702368492,1.694381917175725,1,0.1016189105917763,Zone-07,1,0.34,Elevated flow fluctuation and pipe material risk,Suspected active leak (flow signature)
18.835032119167963,4.725275528010974,0.1642102481880154,2.0566554082061135,0.03449050278582235,0,0.7528927002454862,Zone-26,0,0.23,Elevated flow fluctuation and pipe material risk,
43.53795234732785,5.20940473037023,1.7608467255588034,3.572135743680176,0.12531309485415915,0,0.4119663907063156,Zone-17,1,0.72,Elevated pressure fluctuation and pipe age,Pressure-related stress
24.727355594691225,3.5247190339911656,0.0153287204247659,1.0518201735914787,0.12224140301980299,1,0.2256149378422838,Zone-30,0,0.07666666666666666,Elevated night flow and average pressure,
11.200752481408298,3.840914087976259,0.0012853100927507724,2.0270788993648585,0.15732682864629632,0,0.7912428975576318,Zone-05,0,0.21,Elevated pressure fluctuation and pipe material risk,
2.520468271414864,5.318434002018145,0.6133207056135445,8.129858280732117,0.560824366052907,1,0.17485400768541537,Zone-10,1,0.8333333333333334,Elevated night flow and pipe age,Suspected active leak (flow signature)
35.23716115150756,3.5354181470152666,0.5103526679888368,1.4886592616005936,0.022903815304702063,0,0.5129347464167794,Zone-25,0,0.26,Elevated pipe age and average pressure,Aging infrastructure
16.95506035058384,4.452986463238285,0.01613242177303053,4.855557134227309,0.6369359779514293,1,0.832543420730357,Zone-23,1,0.7566666666666667,Elevated night flow and pipe material risk,Suspected active leak (flow signature)
42.23937945446248,3.9761078730751787,0.06572038527098052,0.17139335263055366,0.4143752599538,0,0.048564892266953597,Zone-20,0,0.20333333333333334,Elevated pipe age and night flow,
9.853742861564426,4.409053059848716,0.01999914985041513,2.536333793997011,0.32545462417505666,1,0.14767511860937754,Zone-18,0,0.25,Elevated pipe material risk and pipe age,Aging infrastructure
11.074732375153003,3.7132216602366954,0.003918480960629598,13.787491215151151,0.21838680554311996,1,0.5947308822631459,Zone-07,1,0.5666666666666667,Elevated night flow and pressure fluctuation,Suspected active leak (flow signature)
33.40617931528762,5.233787076158146,0.6609715968681479,2.8457940178152787,0.5276869792755129,1,0.5731382760187198,Zone-04,1,0.52,Elevated pipe age and pressure fluctuation,Aging infrastructure
16.55845951488604,4.433413831783475,1.3135686000789832,6.23455947500262,0.38398110896819315,0,0.7158918286439705,Zone-09,0,0.8266666666666667,Elevated pressure fluctuation and night flow,Pressure-related stress
27.555665560699897,5.794376463030597,0.5110904197780709,1.8443956691423011,0.7730248701960685,0,0.33076269413441717,Zone-06,0,0.3,Elevated average pressure and pipe age,Pressure-related stress
25.344284734719054,5.8371941742933275,0.0765148800476661,1.5281654705301893,0.5971235243127423,1,0.8973919177403024,Zone-23,1,0.27,Elevated average pressure and pipe material risk,Pressure-related stress
8.091092321033878,6.528383534948752,0.1718405387671785,0.5411252905645735,0.5863505216420147,0,0.5167060815393847,Zone-30,0,0.06666666666666667,Elevated average pressure and night flow,
23.71707475796487,3.9943446822873825,0.198809679395544,7.201454650731101,0.17747790777882044,0,0.3433988627591624,Zone-03,1,0.81,Elevated night flow and flow fluctuation,Suspected active leak (flow signature)
6.148072508833838,3.6550594278097694,0.24623395773896503,1.9103756418267268,0.23118479504159178,0,0.13988632774370924,Zone-07,0,0.13,Elevated pipe age and pipe material risk,
34.46880511416189,4.066619616762249,0.32498644522987025,2.2170847190136453,0.6809396483297686,3,0.29151507592617387,Zone-04,0,0.6033333333333334,Elevated pipe age and resident complaints,Aging infrastructure
17.891129353265043,3.952952368688679,0.14268641903744853,2.6728999166451595,0.5408991305610871,0,0.9867375579587303,Zone-06,0,0.28,Elevated pipe material risk and average pressure,Aging infrastructure
23.826490731507594,3.9998964977403473,0.10262686246598694,1.3994975184755363,1.2530146194615157,1,0.446156478438557,Zone-04,1,0.38,Elevated flow fluctuation and night flow,Suspected active leak (flow signature)
26.107138628446602,4.0108207906806665,0.17341149786370832,0.9263704404522998,0.2710869630733323,1,0.3973778305829402,Zone-05,0,0.09333333333333334,Elevated night flow and pipe age,
10.608206686111785,6.597140051194042,0.048275201112080786,7.169405529443833,0.9191669492912744,0,0.7233643474773853,Zone-06,1,0.7766666666666666,Elevated night flow and average pressure,Suspected active leak (flow signature)
8.263833163660225,2.3184803989389295,0.3291953516541765,1.2509259824984702,0.1116327913291319,0,0.6426614084003771,Zone-30,0,0.23333333333333334,Elevated average pressure and pipe age,
9.09660074983011,4.105325639940595,0.04480737055597459,2.5954642255126363,0.13577331674132406,0,0.17833541143597875,Zone-14,0,0.15333333333333332,Elevated pipe age and pipe material risk,
9.090263267133386,3.4253335181770668,0.9651775434515958,6.571508468706818,0.014071460501462298,1,0.7031567710009774,Zone-10,1,0.79,Elevated night flow and pressure fluctuation,Suspected active leak (flow signature)
11.582607239882432,4.3548720208611575,0.050708009754177615,3.0805401167171,0.5160580339440968,0,0.4112385384264071,Zone-04,0,0.21666666666666667,Elevated pipe age and pressure fluctuation,
11.715053170157141,3.7436293230621223,0.49482048344244445,1.5354448063667279,1.448049932295792,1,0.4396076130146628,Zone-21,0,0.4866666666666667,Elevated flow fluctuation and night flow,Suspected active leak (flow signature)
34.5973099026476,3.716432702236483,0.009441303367365171,1.4072191150634892,1.3221030629902073,1,0.3729530558267645,Zone-02,1,0.24666666666666667,Elevated pipe age and flow fluctuation,
15.06688829298305,5.408888867226172,0.020409069367539338,3.9885670478497492,0.12376105431361274,2,0.056991166520183434,Zone-17,0,0.3333333333333333,Elevated pipe material risk and night flow,Aging infrastructure
13.55595053378581,5.333057583754849,0.2693995760803834,2.034322372175838,0.24732344237215947,0,0.39402690348224867,Zone-16,0,0.09333333333333334,Elevated average pressure and pipe age,
14.936065862472883,3.428589331076629,0.18310287901077335,1.1153213418841408,0.7704540021570649,0,0.6579873546479958,Zone-06,0,0.12333333333333334,Elevated night flow and average pressure,
17.174056023932234,4.475844553646355,0.9809135566214071,0.4044199330472419,0.7529433614204684,0,0.16486637867653042,Zone-27,1,0.26,Elevated pressure fluctuation and night flow,Pressure-related stress
28.38988132190547,5.75668571980576,0.41774963959494943,1.1250847045473011,0.14398569641186187,1,0.8356678067171228,Zone-02,0,0.2733333333333333,Elevated average pressure and night flow,Pressure-related stress
13.605781795731,4.737392371803834,0.2645711053712643,2.743014394203973,0.48350110309481503,0,0.32536983659042595,Zone-13,0,0.15,Elevated pipe age and pipe material risk,
13.615865762773822,4.613126522404027,0.1906468352290762,1.56931545934515,0.28015245730112415,1,0.10012439085087188,Zone-11,0,0.09666666666666666,Elevated pipe material risk and night flow,
30.040484673547233,5.56237042774837,0.19455404080925942,0.8475092904963571,0.41322272593373177,0,0.5264778978633755,Zone-29,1,0.22666666666666666,Elevated night flow and average pressure,
17.49826354042925,3.285897882761725,0.14227163930588915,0.4817498729265049,0.4678441271935483,1,0.8847643940374242,Zone-27,0,0.2,Elevated night flow and average pressure,
13.281489450320246,4.401927022516408,0.1720156311341676,4.441467304273948,2.413497333001162,0,0.5445065689316175,Zone-12,0,0.6033333333333334,Elevated flow fluctuation and night flow,Suspected active leak (flow signature)
6.109598653241549,5.02478627710343,0.7698497284688968,0.287589865466796,0.15396898208465543,1,0.7049471601227696,Zone-12,1,0.19,Elevated night flow and pressure fluctuation,
29.805677187193616,4.041603046986361,0.07415315873937643,15.556368610035411,0.7641700670970932,4,0.06021518964591843,Zone-08,1,0.84,Elevated night flow and pipe material risk,Suspected active leak (flow signature)
23.156383694648753,5.230448075347454,0.255034423560219,0.18587180509262474,0.9824565931834508,2,0.3821202970347808,Zone-25,1,0.33,Elevated night flow and flow fluctuation,Suspected active leak (flow signature)
4.675169560969655,4.344432215038558,0.020630323820809933,4.106820271887914,0.2715840840724177,1,0.21087003444822128,Zone-23,1,0.42333333333333334,Elevated pipe age and night flow,Aging infrastructure
28.074407089303914,4.918683945473301,0.10916108000060235,0.10097118356728878,1.2843254170147451,1,0.3864992253255707,Zone-18,0,0.11666666666666667,Elevated night flow and flow fluctuation,
13.534998094407342,3.2594426395611658,0.30296525225682597,0.8507456993299161,0.3884381232961344,1,0.9141075907749531,Zone-21,0,0.21666666666666667,Elevated night flow and pipe material risk,
21.403610518710728,2.866910723145618,0.19022417065433556,0.6532735515250638,0.17412041929928035,1,0.46192441211732194,Zone-02,0,0.14666666666666667,Elevated average pressure and night flow,
27.757388119709482,4.494573088000543,0.4110020051890329,3.970394975830725,0.7121251371557182,0,0.8711135689167061,Zone-13,1,0.6066666666666667,Elevated night flow and pipe material risk,Suspected active leak (flow signature)
7.9730216447638025,3.0806496387853084,0.06051223453676259,0.3580037175763978,0.25072665150791396,0,0.3915888059513065,Zone-29,0,0.05333333333333334,Elevated night flow and average pressure,
21.068765550695222,3.996346724179246,0.35539168896946816,6.2529425726024455,0.9013219312502624,3,0.545575089858251,Zone-14,1,0.9233333333333333,Elevated night flow and resident complaints,Suspected active leak (flow signature)
13.479614681490762,3.8363598440783058,1.2684385674780532,3.842305073087709,1.3359329181003172,1,0.9315020403256346,Zone-03,1,0.7066666666666667,Elevated pressure fluctuation and flow fluctuation,Pressure-related stress
41.82918238111845,3.637013680639851,0.0897363191953472,2.591253320160076,0.1149951620491059,1,0.1093804918621133,Zone-29,1,0.62,Elevated pipe age and pipe material risk,Aging infrastructure
36.26827869420626,5.296695673904505,0.0013088082661529314,0.22780658950748367,0.3267355846970454,1,0.06521770545158434,Zone-23,0,0.32666666666666666,Elevated night flow and pipe age,Suspected active leak (flow signature)
9.249036869761841,4.019950497382904,0.42281747010147763,0.7452560847624357,0.15306782079753609,0,0.7221936886967122,Zone-06,0,0.30333333333333334,Elevated night flow and pipe age,Suspected active leak (flow signature)
23.51095325206707,3.7865793351799955,0.14373172047255905,1.1249206851681246,0.2593497405640324,0,0.4819247499477609,Zone-21,0,0.14666666666666667,Elevated night flow and average pressure,
28.99026022589132,4.183039741217818,0.7458352243411336,1.7277300190405598,0.7403456090818774,1,0.6002095181307707,Zone-01,0,0.41333333333333333,Elevated pressure fluctuation and pipe age,Pressure-related stress
17.135379413319004,6.0163368054297575,0.17152315039687901,3.4154869671744055,0.8396969963060587,2,0.3850577345418712,Zone-05,0,0.62,Elevated average pressure and night flow,Pressure-related stress
14.784582863366865,4.557478807364355,0.06243087142177288,1.2415131718844932,0.06114707852117946,0,0.26196127781527523,Zone-10,0,0.07,Elevated night flow and flow fluctuation,
10.488046662596645,3.025905486467508,0.28263246990422947,5.367877172142971,0.516406982856373,3,0.525196479885928,Zone-15,1,0.6966666666666667,Elevated night flow and average pressure,Suspected active leak (flow signature)
31.81948986769556,4.415049711161166,0.08488171383915802,1.3345039789304258,0.30301806117932645,1,0.932956165965589,Zone-21,1,0.24,Elevated pipe material risk and pipe age,
16.68440188417792,3.7511027216497403,0.2263590249902932,1.9381145825340438,0.2333774263167086,2,0.46328002297618087,Zone-01,1,0.31,Elevated average pressure and night flow,Pressure-related stress
33.25080679671687,4.3013380413296725,0.14079936793654357,0.5685928331300947,1.409111975826004,2,0.8400672396511352,Zone-20,0,0.23666666666666666,Elevated night flow and flow fluctuation,
20.893416369941534,5.586352124520682,0.12066570411330457,1.2979543094742154,0.5683712418913467,1,0.04884986750951614,Zone-19,0,0.16333333333333333,Elevated pipe material risk and average pressure,
14.195166871545473,4.971234831742426,0.8968903563230762,1.4710821841779222,0.19366938142481194,0,0.5594770557986588,Zone-14,0,0.36,Elevated pressure fluctuation and night flow,Pressure-related stress
24.814017439315595,5.1038929598187375,0.010976934225346792,13.38999401632385,0.8703790648027122,2,0.839878042653229,Zone-18,1,0.7533333333333333,Elevated night flow and pipe material risk,Suspected active leak (flow signature)
16.76492225008235,5.480232244679785,0.3608784250058634,8.913712839407413,0.168448555414953,2,0.3609543537387522,Zone-28,1,0.8766666666666667,Elevated night flow and average pressure,Suspected active leak (flow signature)
54.27166800342917,3.511553939705469,0.9456148700263398,6.135488594253529,1.1340975721758961,0,0.12159178939911985,Zone-02,1,0.84,Elevated pipe age and night flow,Aging infrastructure
6.836261523385999,4.582049762858015,0.24690408780301057,0.3341976960259019,0.0011381041012910335,1,0.9192441705023359,Zone-16,0,0.2833333333333333,Elevated night flow and pipe material risk,Suspected active leak (flow signature)
10.415763566526744,4.878138893602754,0.026731257840104893,2.45182992498112,1.2637511813275617,1,0.7783363491797447,Zone-07,0,0.23,Elevated flow fluctuation and pipe age,
13.157945434195566,4.628848485130321,0.025085512459556033,0.9799122001348092,0.6699686951380364,0,0.20807670305857118,Zone-05,0,0.20666666666666667,Elevated night flow and pipe material risk,
50.898739960619196,4.075672820616295,0.3449710234701824,0.35655574752284364,0.05540697545607837,0,0.4783612023791811,Zone-04,1,0.3566666666666667,Elevated pipe age and night flow,Aging infrastructure
23.484292932510613,3.964407803711872,0.3203377302596437,2.736511220951918,0.3063547484296076,2,0.46478896252827073,Zone-29,0,0.37666666666666665,Elevated average pressure and resident complaints,Pressure-related stress
8.898202257607963,4.9178872442327615,0.06755114329663169,2.586995300547316,0.7311775928580255,0,0.48835509759273843,Zone-02,0,0.19333333333333333,Elevated pipe age and pressure fluctuation,
15.361706202440148,4.016337165834983,0.07194211676399434,0.14974287238226794,0.7183385774812636,0,0.6350378498931522,Zone-28,0,0.11333333333333333,Elevated night flow and pressure fluctuation,
16.02597453146092,2.87955504403158,0.4281797293683702,9.32242383265647,0.1919484966043838,2,0.5716786153592761,Zone-14,1,0.8033333333333333,Elevated night flow and average pressure,Suspected active leak (flow signature)
9.527196306558285,3.746066870706678,1.056171483571231,0.24908848819705262,0.09422953046895408,1,0.6536031591356867,Zone-22,1,0.35333333333333333,Elevated pressure fluctuation and night flow,Pressure-related stress
42.990083662458645,4.287837595487753,1.1438103004563918,3.098445683390242,0.5627948562452939,0,0.8258956818095743,Zone-24,0,0.7,Elevated pressure fluctuation and pipe age,Pressure-related stress
25.88720125182074,5.0645136346047765,0.12263670608263674,3.097120562132617,0.6658261329852909,1,0.6737848856449428,Zone-21,1,0.6266666666666667,Elevated average pressure and pipe age,Pressure-related stress
54.174435346493446,4.032218371381734,0.9147193401874317,0.7544742949462064,1.8666258331685024,0,0.24876316094112982,Zone-06,1,0.5566666666666666,Elevated pipe age and flow fluctuation,Aging infrastructure
14.798806754173999,4.262337900826976,0.09557316661287836,0.749751055967802,0.0022516859015878333,1,0.3024888685528264,Zone-21,0,0.08,Elevated night flow and flow fluctuation,
31.9196756637688,4.670452614961062,0.9055592527377995,6.618712635477304,0.09863633162491978,2,0.967341078396044,Zone-13,1,0.93,Elevated night flow and pressure fluctuation,Suspected active leak (flow signature)
11.607857531404854,4.798905153331238,0.32542130447225975,4.697177741016204,0.3770414356867652,0,0.20609582323505438,Zone-05,1,0.41333333333333333,Elevated night flow and pipe material risk,Suspected active leak (flow signature)
25.578501475951928,3.5580796074619254,0.1472169823246053,4.05883488496941,0.810412140925669,0,0.4963719468789578,Zone-19,1,0.53,Elevated night flow and average pressure,Suspected active leak (flow signature)
23.40602093580662,3.6056626691384737,1.0171828138487462,0.9481711186474845,0.6391361499821804,0,0.21582163789953768,Zone-10,0,0.3566666666666667,Elevated pressure fluctuation and night flow,Pressure-related stress
14.637490851314043,5.442646596222212,0.053607803951692644,6.154882327434294,0.021792329597075284,1,0.9068424477048399,Zone-06,0,0.88,Elevated night flow and pipe material risk,Suspected active leak (flow signature)
16.88398794091478,4.990962597897643,0.05414740510310274,0.9082948594050061,0.012610224180510232,0,0.21440391663062586,Zone-18,0,0.24,Elevated night flow and pipe material risk,
14.773045764161887,4.300142147909768,0.2822607126538698,1.5777158813592855,0.3254886644131765,0,0.049613606193754434,Zone-08,0,0.043333333333333335,Elevated pipe material risk and night flow,
12.800393065879536,5.320991265518781,0.4306914582085332,4.608001872650675,0.31431009760568523,2,0.15074325960550616,Zone-18,1,0.67,Elevated night flow and pipe material risk,Suspected active leak (flow signature)
54.83799389418642,4.485420932423422,0.5072286072367319,6.0397804401814605,1.3282015160646434,3,0.31197353088314983,Zone-06,1,0.78,Elevated pipe age and night flow,Aging infrastructure
9.666830684733233,4.810312197118229,0.31709664946776817,2.478094476419641,0.21806566832744226,2,0.72654185136988,Zone-11,0,0.4766666666666667,Elevated pipe age and pipe material risk,Aging infrastructure
39.071137683272276,5.011361666364133,0.2737539426074044,5.0753566146761955,0.8096342744204788,1,0.9456631000857133,Zone-20,1,0.8433333333333334,Elevated night flow and pipe age,Suspected active leak (flow signature)
25.378996733050727,3.462712993433302,0.06266944188170581,0.27143308770901686,0.09053051726573154,1,0.2995621180903394,Zone-08,0,0.06,Elevated night flow and average pressure,
19.15042129848796,4.3092354444648935,0.890336741281334,2.240838419934816,0.4039816010849578,1,0.4133922046781323,Zone-26,0,0.44333333333333336,Elevated pressure fluctuation and pipe material risk,Pressure-related stress
20.407572157917446,5.086279303737605,0.24676163092647596,0.20774343681614307,0.5720774271355101,2,0.11924841018823762,Zone-11,0,0.11333333333333333,Elevated night flow and pipe material risk,
20.0244851676033,4.059937414233925,0.12282185250381174,2.2461994564554693,0.43125578416564414,2,0.5785131862849114,Zone-14,0,0.6633333333333333,Elevated pressure fluctuation and average pressure,Pressure-related stress
10.132935047034035,5.79726159482885,0.1174118393492861,3.9904293184467967,0.19215772885163238,1,0.6548335881050681,Zone-23,1,0.52,Elevated average pressure and night flow,Pressure-related stress
22.954457724116466,4.625979836279088,0.043611670143043395,0.6674119603485911,0.6286537438174655,0,0.9110707886496994,Zone-14,1,0.16333333333333333,Elevated night flow and pipe material risk,
32.70116494986506,4.584698074833,0.10641524561821748,5.027927080674756,0.8407600257154249,0,0.3176604655363703,Zone-11,1,0.7833333333333333,Elevated night flow and pipe age,Suspected active leak (flow signature)
11.549132775667454,5.181295174986167,0.02708794344436616,1.2890719564794664,0.04906184540341656,2,0.42150532277076025,Zone-30,1,0.12666666666666668,Elevated night flow and pressure fluctuation,
15.535714585515702,2.562486402174658,0.23900383668138603,1.3802558650359866,0.7375657444472224,0,0.1382867936864034,Zone-03,0,0.14666666666666667,Elevated average pressure and pipe material risk,
13.41440975287706,6.0430875469385015,0.5877372453888422,3.9216201230072203,0.8023548987729024,2,0.26382903668440283,Zone-15,1,0.6466666666666666,Elevated average pressure and night flow,Pressure-related stress
16.84973453980011,4.884269355868333,0.045645434403604454,3.243412440974331,0.37901971885526536,1,0.48307051494669184,Zone-20,1,0.54,Elevated pressure fluctuation and night flow,Pressure-related stress
8.869316291353927,4.846936425902495,0.2667925015082795,5.857365908044832,0.17456826935034206,1,0.5717367075719679,Zone-18,1,0.89,Elevated night flow and pipe age,Suspected active leak (flow signature)
20.277606172280525,3.16892623852892,0.02769382319156536,1.4824630701190196,0.14952305254174975,1,0.9093059135717025,Zone-02,1,0.23666666666666666,Elevated average pressure and pipe material risk,
26.883658272814543,3.511489741210118,0.5648887820749179,1.8921339217856434,0.2228012839393142,0,0.12578551017804795,Zone-20,0,0.24666666666666667,Elevated pipe material risk and average pressure,
12.008708077421606,3.7098809517741955,0.7078818500018248,1.5361319247549856,0.1988678437045822,0,0.3501846006205058,Zone-25,1,0.15333333333333332,Elevated pressure fluctuation and night flow,
6.559307960939178,3.9643510162136426,0.10988656077309845,1.8468549100932408,0.643171467045607,2,0.31356388698349824,Zone-04,0,0.24333333333333335,Elevated pipe age and pressure fluctuation,
15.271153516430465,3.7125500532586417,0.06232790456655555,3.643631046311274,0.1948082717383912,1,0.7234400819896458,Zone-05,1,0.45,Elevated night flow and average pressure,Suspected active leak (flow signature)
20.97562803642752,4.630284385427201,0.36351043470345984,2.6000659136556674,0.31549125420530244,0,0.557573686755088,Zone-30,0,0.41333333333333333,Elevated flow fluctuation and resident complaints,Suspected active leak (flow signature)
33.26390697695503,1.2567599321918128,0.07256262507497416,0.5443985714096655,0.20710886985296117,0,0.7705337983413398,Zone-05,0,0.17333333333333334,Elevated average pressure and night flow,
8.11423302738194,4.430181538485737,0.7102856071014009,0.5123508599548445,0.6257327033258681,1,0.9221709828501851,Zone-13,0,0.19666666666666666,Elevated night flow and pressure fluctuation,
9.859054482565428,4.731778758828841,0.4194951354618386,1.529088517278965,0.5071174199095252,1,0.5198083582196081,Zone-09,0,0.24,Elevated pipe age and night flow,
30.475229011485055,4.444561877187022,0.4151490052649444,4.021834165535295,0.11486698427348246,1,0.3517080970739177,Zone-28,1,0.6133333333333333,Elevated night flow and pipe age,Suspected active leak (flow signature)
10.238447491404145,4.910145579787986,0.2784529158995325,1.652486596761595,0.3098041463221274,1,0.27077476150420343,Zone-09,1,0.15,Elevated pipe age and night flow,
15.496075272802528,3.7765028016802367,0.19182503972336415,5.6102403884025,1.2384365090225722,1,0.38089835239108294,Zone-04,0,0.8033333333333333,Elevated night flow and flow fluctuation,Suspected active leak (flow signature)
11.13412723024927,4.5572122916010445,0.1137697939809007,0.4968488166151164,1.693770521850043,1,0.1101823838127367,Zone-02,0,0.13666666666666666,Elevated flow fluctuation and night flow,
18.52261269885771,4.944288163202354,0.0006039868960935381,0.11422789151978435,0.64523405864861,1,0.022674589426347258,Zone-29,0,0.3,Elevated night flow and pipe material risk,Suspected active leak (flow signature)
12.180134178263163,3.52640029376419,0.22656618338316148,0.31605065407995603,0.20506796096965482,1,0.08996019031050861,Zone-07,0,0.056666666666666664,Elevated night flow and pipe material risk,
30.242929656913095,4.493102484668483,0.2198457870680921,0.9020733509398992,0.6064919635344831,0,0.007334840576062929,Zone-18,0,0.15666666666666668,Elevated pipe material risk and night flow,
17.87746427436374,3.4922494394746506,0.7477536203239374,6.579595816850855,0.14904122663253425,1,0.16429475899142998,Zone-24,1,0.7366666666666667,Elevated night flow and pressure fluctuation,Suspected active leak (flow signature)
22.492744935464138,3.9929604248047537,0.3747074180958959,3.1599897733316684,0.45577541782017256,0,0.9381850367628943,Zone-27,1,0.5,Elevated pipe material risk and night flow,Aging infrastructure
10.821113288632212,5.7797671950081435,0.17192059260017145,3.605418607768513,2.4413365549094497,1,0.7624892324768154,Zone-07,0,0.7366666666666667,Elevated flow fluctuation and average pressure,Suspected active leak (flow signature)
26.647732201541526,5.339928931208319,0.5933615671285716,2.7660457636630484,0.16328271403139646,2,0.21181681444667522,Zone-14,0,0.5266666666666666,Elevated pressure fluctuation and pipe material risk,Pressure-related stress
20.878504282182284,5.959149978644214,0.19857545281614616,2.4299228909738444,0.9681251531584918,1,0.8621257811243134,Zone-30,0,0.39,Elevated average pressure and pipe material risk,Pressure-related stress
18.359055533952866,3.145471897221354,0.2744837478396297,2.846254922720485,0.15922159736456276,1,0.4934238410652909,Zone-05,1,0.32666666666666666,Elevated average pressure and flow fluctuation,Pressure-related stress
16.188549693323754,5.509796266257689,0.060785246763821556,1.2000750575337338,0.018874897404760747,1,0.8200015414948275,Zone-04,0,0.20333333333333334,Elevated night flow and average pressure,
17.727036196873243,4.425188402918835,0.027878490571995984,6.369384516471542,1.6595872915666685,1,0.19368908435925136,Zone-02,0,0.86,Elevated night flow and flow fluctuation,Suspected active leak (flow signature)
13.503220837116661,5.2864389223248835,0.11612952411540395,0.09859395611822323,0.013229664693226163,5,0.06574102843922025,Zone-19,0,0.21333333333333335,Elevated night flow and pipe material risk,
20.018045611361913,6.154748272416864,0.11162544282065719,0.17829925771529656,0.10001355791722678,1,0.9632574864004984,Zone-08,0,0.15666666666666668,Elevated night flow and average pressure,
10.47683332204449,6.116878216309748,0.1353857694729806,1.709709776381614,1.435380009897555,0,0.1297815917218248,Zone-17,0,0.22,Elevated average pressure and flow fluctuation,
10.019827559268728,4.1588849347883245,0.043765941357472374,0.5315165430765809,0.6218700926401073,1,0.5997992454427936,Zone-05,0,0.17333333333333334,Elevated night flow and pipe age,
26.003107427546063,3.511279563232845,0.681916026300366,6.8255370816538505,0.3115320893682039,0,0.38221050817324886,Zone-15,1,0.8933333333333333,Elevated night flow and pressure fluctuation,Suspected active leak (flow signature)
26.04367433476604,5.341870352037135,0.026728160621902166,3.4040801006757464,0.5924928329833156,0,0.49769468959182717,Zone-23,0,0.63,Elevated pressure fluctuation and average pressure,Pressure-related stress
30.768606782687158,5.335598426161514,0.04675149977786982,0.6224021221734628,0.09520095040619136,1,0.26191395755257263,Zone-18,0,0.09666666666666666,Elevated night flow and pipe age,
11.563246851721045,4.395295755723694,0.287374265693869,1.5392009644080282,0.10835435133643363,0,0.5116845535732921,Zone-17,1,0.12333333333333334,Elevated night flow and pipe age,
28.938107048927595,3.685181389741422,0.9712786478572826,4.470160135794235,2.331708264567021,0,0.847568260541089,Zone-20,1,0.7033333333333334,Elevated flow fluctuation and pressure fluctuation,Suspected active leak (flow signature)
13.454667468456218,4.974429819143799,0.012207107923446323,0.990388109603288,0.3020878403265246,0,0.08491903590365124,Zone-02,1,0.11333333333333333,Elevated night flow and pipe material risk,
9.995970201482745,4.434762915304514,0.4007016331114916,2.3893784712311943,0.5456487919236069,2,0.9227136094915631,Zone-20,1,0.6033333333333334,Elevated pipe material risk and pipe age,Aging infrastructure
37.09160562691339,3.9070342918383334,0.11236325623353849,7.756312160571874,0.4290494433586694,0,0.466848368153045,Zone-28,1,0.8433333333333334,Elevated night flow and pipe age,Suspected active leak (flow signature)
9.925080482248246,4.168722559194261,0.0003089537023292359,1.2171173811115437,0.08541828628241994,0,0.6207992281535079,Zone-26,0,0.10666666666666667,Elevated night flow and pipe age,
7.134272590222928,5.818336132235796,0.27156732918123766,1.395557065536415,1.164577043232774,0,0.9521076658014029,Zone-10,0,0.22666666666666666,Elevated pipe material risk and average pressure,
18.340133070192923,3.952494543069172,0.2820570232714744,1.4805641699010816,0.8495860878288117,1,0.9919658243536275,Zone-15,1,0.3433333333333333,Elevated pipe material risk and night flow,Aging infrastructure
14.790164256829023,5.361207608898685,0.22724335920905223,2.2551579753259694,0.18677099228856225,1,0.9787333844257963,Zone-20,0,0.2733333333333333,Elevated pipe material risk and average pressure,Aging infrastructure
16.736915997462248,5.62125904853721,0.17288413004129974,0.44784814812809093,0.25678627044951907,1,0.5690512890950342,Zone-10,0,0.11333333333333333,Elevated night flow and average pressure,
10.359819712104816,4.646979161502137,0.15418390427355005,2.210099313443374,0.06949502187912975,0,0.30718648161738227,Zone-27,0,0.11333333333333333,Elevated pipe age and flow fluctuation,
7.609667640888248,3.98113143148938,0.7589532929672316,6.645674992092899,0.07325847334699707,0,0.5752618121006702,Zone-12,1,0.6766666666666666,Elevated night flow and pressure fluctuation,Suspected active leak (flow signature)
58.41264427475405,4.247200564590616,1.0392368101522145,0.04230013613749507,0.06734584763098672,1,0.4143163618378992,Zone-26,1,0.35333333333333333,Elevated pipe age and pressure fluctuation,Aging infrastructure
12.378417335684595,5.519570503849561,0.27106937327032093,1.5153301038613751,0.2918776539357054,2,0.14616414729596527,Zone-01,1,0.2,Elevated pipe material risk and average pressure,
27.74357310896265,5.0893573842330255,0.20510429859318627,7.779531040569596,0.43913450283963923,1,0.6045864747118083,Zone-15,1,0.95,Elevated night flow and pipe age,Suspected active leak (flow signature)
6.531921655867048,4.749221732848353,0.2775232379338306,3.005007990752033,0.6218451842150668,2,0.4946874527185986,Zone-14,1,0.5566666666666666,Elevated pipe age and night flow,Aging infrastructure
12.78107428333125,4.886444695596641,0.05243246589169696,1.0333513790092035,0.10849483871291056,1,0.03657530299371625,Zone-27,0,0.12666666666666668,Elevated pipe material risk and night flow,
11.575106671668031,2.9629804815547085,0.08403955099326234,0.824341706832804,1.198190290844496,1,0.471025038194971,Zone-09,0,0.14333333333333334,Elevated average pressure and night flow,
20.20720489278507,4.188429690170343,0.11581288265037273,2.912592853917784,1.1898131710727542,0,0.0874690187278051,Zone-30,0,0.3933333333333333,Elevated pipe material risk and flow fluctuation,Aging infrastructure
15.688239907513914,4.188528233862673,0.18486682411413236,0.7980965145111123,0.5884813455310339,0,0.5365915041381685,Zone-20,0,0.10666666666666667,Elevated night flow and pipe age,
6.966848633612673,4.524440063490969,0.461271963112315,1.2163826675979699,0.04521732855702232,2,0.6861442240369825,Zone-04,0,0.55,Elevated pipe age and night flow,Aging infrastructure
16.803790533142905,5.87531546747095,0.0019842693657795966,2.931425641048576,0.032462569539448434,2,0.4702168447400632,Zone-11,1,0.44666666666666666,Elevated average pressure and pressure fluctuation,Pressure-related stress
12.041182609872148,3.1335721138877486,0.017987992052248738,2.0880579784798217,0.41842565484305,0,0.8610542712552545,Zone-23,0,0.14333333333333334,Elevated average pressure and pipe material risk,
13.930041964013766,5.640100149269632,0.21143435827632673,3.9073553615626073,0.04129214696304389,1,0.5304280052251426,Zone-09,1,0.4666666666666667,Elevated night flow and average pressure,Suspected active leak (flow signature)
14.606560396472961,5.020764737995848,0.053582207932470434,4.21827384052228,0.17916058730056644,1,0.45901725274812755,Zone-27,1,0.5866666666666667,Elevated night flow and pressure fluctuation,Suspected active leak (flow signature)
17.949283003862185,5.048901307379389,0.12154199933859422,1.636586539236307,0.9214294016423238,1,0.7769708068947061,Zone-21,0,0.2833333333333333,Elevated pipe material risk and night flow,Aging infrastructure
30.089236405136784,6.059041252200469,1.0866640944013606,3.2292096345706334,0.061229777098446445,2,0.005220962593334155,Zone-11,0,0.5466666666666666,Elevated pressure fluctuation and average pressure,Pressure-related stress
36.9747076400949,3.9558651389539614,0.1717939608184895,0.024774434588594074,0.5420653534149512,1,0.8916549067402622,Zone-18,0,0.36,Elevated night flow and pipe age,Suspected active leak (flow signature)
13.776725142857586,5.840269212747261,0.9211585209660393,3.822903383992978,0.03964010709994003,2,0.4691745176267996,Zone-11,1,0.58,Elevated pressure fluctuation and average pressure,Pressure-related stress
40.04888471008077,4.395359024168103,0.267852698734621,2.694241647145659,0.4708405705742531,1,0.17636979564979138,Zone-25,0,0.54,Elevated pipe age and pipe material risk,Aging infrastructure
27.219591458581554,4.534320666988619,0.31619998244438047,3.073383553324815,0.6783901743863039,1,0.6736381131720869,Zone-17,1,0.5233333333333333,Elevated pipe age and pipe material risk,Aging infrastructure
5.110854524699906,3.829265104249519,0.015223251782377527,0.7186159608580696,0.015788581402848674,2,0.6787579081589565,Zone-08,0,0.26,Elevated night flow and pipe age,Suspected active leak (flow signature)
19.688756934902507,4.665567120867429,0.14443270656689813,3.675121072668656,0.20029161655921485,1,0.6485612423728492,Zone-25,1,0.6,Elevated night flow and flow fluctuation,Suspected active leak (flow signature)
21.480199178622268,4.422144561846114,0.3711617761507957,0.08110225884025168,0.14839704860132893,1,0.23942497073030322,Zone-30,0,0.2833333333333333,Elevated night flow and pipe material risk,Suspected active leak (flow signature)
20.761241759102983,4.564760817917112,0.06357570594344136,0.00562058465624769,0.5132135957978481,0,0.4142632783412106,Zone-01,0,0.22666666666666666,Elevated night flow and pressure fluctuation,
11.559510827835735,5.543179496411637,0.17799070165375025,0.6832746974890738,0.7879416266128509,2,0.2804253146095389,Zone-22,0,0.19,Elevated night flow and average pressure,
20.201430391818164,4.03063207348097,0.27666438027272566,2.1587796581863588,0.25903016704377724,1,0.6193739286373976,Zone-22,1,0.5133333333333333,Elevated average pressure and flow fluctuation,Pressure-related stress
42.76372537157364,3.3876184052475287,0.022158586386546726,1.9127164681945419,0.8308634703358689,1,0.17712650419770515,Zone-15,1,0.49,Elevated pipe age and average pressure,Aging infrastructure
6.942301977668298,4.950280852877368,0.4835968181022549,0.9660317405286324,0.4753803283510316,0,0.6799703630793329,Zone-24,1,0.2866666666666667,Elevated night flow and pipe age,Suspected active leak (flow signature)
5.65479023792499,3.714562140475188,0.004711340293829829,0.4236824484235943,0.7125487876997412,0,0.48853759438762356,Zone-24,0,0.10333333333333333,Elevated night flow and pipe age,
36.13462567974067,3.8684836187313985,0.7400301022455069,0.15943861549335814,1.2683060340160168,2,0.38147562292429316,Zone-02,0,0.58,Elevated night flow and pipe age,Suspected active leak (flow signature)
22.37248832624627,5.319384187141774,0.06853765396834202,6.950710494050573,0.14413744376834797,0,0.38082579685052964,Zone-06,1,0.7933333333333333,Elevated night flow and average pressure,Suspected active leak (flow signature)
12.29231609814521,4.966191701328095,0.018009189420313196,6.332629706232337,0.14778133074982472,0,0.5139811852170688,Zone-17,0,0.6366666666666667,Elevated night flow and pressure fluctuation,Suspected active leak (flow signature)
13.149314510421476,2.8020460025397647,0.29714666809490886,6.802627436858359,1.8491883127579747,0,0.5776339729658345,Zone-08,1,0.8266666666666667,Elevated night flow and flow fluctuation,Suspected active leak (flow signature)
41.40568469824277,4.226757334386963,0.0950849152078638,6.675313990548409,1.9477962636155846,0,0.12683610006049062,Zone-10,1,0.8533333333333334,Elevated night flow and flow fluctuation,Suspected active leak (flow signature)
3.536950877205831,3.978195389558964,0.39578363936647315,0.14436802865567921,0.37881360784464985,0,0.9163730591951573,Zone-30,0,0.3433333333333333,Elevated night flow and pipe age,Suspected active leak (flow signature)
9.603137548726666,3.1873923749354867,0.4850188713604722,0.8828378092230076,0.38420215690793746,0,0.11781446431341425,Zone-16,0,0.08,Elevated night flow and average pressure,
20.4098572125919,4.582827240562987,0.2926029451950208,3.2272808779097604,0.16410960644799077,1,0.47580502482229226,Zone-21,1,0.61,Elevated night flow and flow fluctuation,Suspected active leak (flow signature)
25.437512725903662,5.758037523888843,0.1311983006561747,4.133874574278968,1.4588881672841012,0,0.3096334338083867,Zone-28,0,0.6066666666666667,Elevated flow fluctuation and night flow,Suspected active leak (flow signature)
12.631095919803139,4.846274504831802,0.10907963482341249,4.049803486163944,1.1460572780197755,0,0.13114921484146014,Zone-26,0,0.4066666666666667,Elevated night flow and pipe material risk,Suspected active leak (flow signature)
15.914750106353184,3.1413589713760928,0.8418545883585387,6.096415463317799,0.593778363486177,1,0.11927747026899971,Zone-18,1,0.7066666666666667,Elevated night flow and pressure fluctuation,Suspected active leak (flow signature)
19.92738466773981,6.0268782973525585,1.4161122005625206,1.1645477451176058,0.31364329027710935,2,0.6890769281293926,Zone-13,1,0.55,Elevated pressure fluctuation and average pressure,Pressure-related stress
33.24310388888939,3.3456308478826102,0.004254410231387219,2.5981392614224808,0.18427422685067418,1,0.6524811979817201,Zone-05,0,0.4766666666666667,Elevated pipe age and average pressure,Aging infrastructure
10.477737132747286,4.872214085417716,0.34384343659092387,1.3704743124031513,0.00838699187831307,0,0.3020850371845806,Zone-06,1,0.10666666666666667,Elevated night flow and pipe age,
17.583700846946073,3.620647127197729,0.20793226004659518,1.441855323817933,0.3701962143600497,1,0.8897212595373505,Zone-05,0,0.3333333333333333,Elevated pipe material risk and night flow,Aging infrastructure
8.26516054637143,5.637564005704356,0.006774567913252666,2.0515068137497745,0.010095106540136812,0,0.33415689260861625,Zone-22,0,0.25333333333333335,Elevated average pressure and pipe age,Pressure-related stress
12.791834035521338,3.520139927943206,0.05737262612214,0.1717160656134896,0.44846281678382643,0,0.02640207490361146,Zone-26,0,0.10333333333333333,Elevated night flow and pipe material risk,
12.205449607272929,5.764962211935748,0.2721819173469521,5.814513748503186,0.09525063991125764,4,0.5048156544871008,Zone-05,1,0.8833333333333333,Elevated night flow and average pressure,Suspected active leak (flow signature)
27.552213556066086,4.077677642368684,0.19316717285356372,3.522995710263728,0.3434261587954862,2,0.6914528873354636,Zone-23,1,0.6666666666666666,Elevated night flow and pipe age,Suspected active leak (flow signature)
15.518090214829963,4.849856407070867,0.05940469381775878,3.2339034500361152,0.00587771431715648,1,0.3859619234924627,Zone-21,0,0.39,Elevated flow fluctuation and pressure fluctuation,Suspected active leak (flow signature)
20.13689910352771,5.654284055849027,0.12220001577663073,7.156377543515421,0.24842980490951455,0,0.5109731246645378,Zone-23,1,0.8766666666666667,Elevated night flow and average pressure,Suspected active leak (flow signature)
26.804945850014445,3.8231222389283506,0.5610453717598282,1.5713889831061125,0.052508085572289656,0,0.8241630246668821,Zone-28,1,0.5433333333333333,Elevated pipe material risk and pressure fluctuation,Aging infrastructure
16.54265792836225,5.096698903183147,0.04889627859602113,0.17237582636609305,0.6297389348512386,1,0.2887393224656547,Zone-19,0,0.24666666666666667,Elevated night flow and pressure fluctuation,
11.452703610688058,5.815573946679956,0.0750652391397052,1.8389156146047847,0.7857231314095073,1,0.04656030611520201,Zone-06,0,0.25333333333333335,Elevated pipe material risk and average pressure,Aging infrastructure
19.100150919518917,4.2238802741695665,0.011404203386056959,0.46993686086131725,0.012444392987832491,0,0.4953976081468615,Zone-03,0,0.16,Elevated night flow and pressure fluctuation,
23.487488184643862,5.991378087033926,0.05290566733826025,1.0555723236170114,0.0494399833419644,1,0.5800760722466543,Zone-26,1,0.24333333333333335,Elevated average pressure and night flow,
16.372689968198152,4.8512459177030065,0.016836561636860453,1.273735099508907,0.7611357669284089,1,0.05962671044730117,Zone-08,0,0.17,Elevated pipe material risk and night flow,
25.472666727374577,3.6610855369555217,0.28955651569923513,1.0231176319722015,0.4627011107927073,0,0.3005683913916942,Zone-20,1,0.15333333333333332,Elevated night flow and average pressure,
9.285741565231156,4.821385124333312,0.022066021429185033,0.9763518028681359,0.319896143265081,0,0.28223594223480974,Zone-18,0,0.15666666666666668,Elevated night flow and pipe age,
10.87309737524299,3.4457874482234634,0.10846384885803059,4.8708149133930725,0.2665702497355089,0,0.36087615137492857,Zone-11,1,0.37333333333333335,Elevated night flow and average pressure,Suspected active leak (flow signature)
24.427555046114517,6.607381134108724,0.2615207570090644,4.623052722458876,1.0387570896726306,0,0.9877097229159831,Zone-13,1,0.5566666666666666,Elevated average pressure and night flow,Pressure-related stress
17.8625721936721,4.277205545392752,0.47896942753717464,0.20988201916427193,0.39365964797636205,1,0.052440150584940115,Zone-12,0,0.18666666666666668,Elevated night flow and pipe material risk,
38.51872023784694,6.350826752201962,0.02017523459037607,0.656003041283157,1.0633381317134476,1,0.1419448752522553,Zone-08,1,0.3933333333333333,Elevated average pressure and pipe age,Pressure-related stress
12.185941038486757,4.276040453605326,0.29119564180866153,10.06791903664597,0.05279347017496019,2,0.35946663214071184,Zone-16,1,0.93,Elevated night flow and flow fluctuation,Suspected active leak (flow signature)
28.769095395108163,3.7224690562157132,0.036545150201941164,4.6544863940081065,0.3165924852741357,0,0.3718043598901165,Zone-20,1,0.6533333333333333,Elevated night flow and pipe age,Suspected active leak (flow signature)
60.0,4.008516312571595,0.33542549464382315,0.7730200683591749,0.47810710859824734,1,0.4975764734720647,Zone-20,1,0.2866666666666667,Elevated pipe age and night flow,Aging infrastructure
29.19122903842566,4.9710910675605895,0.3151002957386156,1.4353802909596556,0.4497274949235818,0,0.3559985222552604,Zone-13,1,0.19333333333333333,Elevated night flow and pipe age,
11.236379418190431,5.707288774992874,0.15054574049870503,2.2255311323379847,0.694463637041037,0,0.5209450599416435,Zone-09,0,0.1,Elevated average pressure and pipe age,
20.946311734852895,3.5673185423743714,0.06885465191328728,0.987912647481559,0.26788277993566406,0,0.020319048855225397,Zone-16,0,0.07,Elevated pipe material risk and night flow,
14.57808264172937,5.284179402916212,0.43388546168515996,0.527378344925587,0.5247196166325843,1,0.8361133331705305,Zone-06,0,0.35333333333333333,Elevated night flow and pipe material risk,Suspected active leak (flow signature)
9.883491560123222,4.790906586529226,0.07615456047793707,1.5172386918007283,0.021277894393906607,0,0.3355638475011332,Zone-16,0,0.12333333333333334,Elevated pipe age and night flow,
44.31065947735502,4.397048973804343,0.27884376382513426,1.7921990728015467,0.2280954282460903,1,0.36884861972274774,Zone-23,0,0.5833333333333334,Elevated pipe age and night flow,Aging infrastructure
22.55004853290234,4.421519546455681,0.10483809012330962,8.013837710806904,0.7993558785091761,1,0.5219673094475673,Zone-04,1,0.9233333333333333,Elevated night flow and pressure fluctuation,Suspected active leak (flow signature)
27.31443923934239,3.603111292807706,0.024531737501894677,2.1996871943934924,0.8394624904697052,1,0.6024594428426964,Zone-06,1,0.4533333333333333,Elevated average pressure and pressure fluctuation,Pressure-related stress
17.20577021059871,5.214232196171515,0.0775381255263616,2.779958695805897,0.12268417243486524,2,0.0502126886114157,Zone-12,0,0.21666666666666667,Elevated pipe material risk and average pressure,
15.037355914726687,4.8804409077789455,0.22690833482675354,0.22063636413357696,0.041397115289954885,1,0.8157816000711111,Zone-17,0,0.16,Elevated night flow and pipe material risk,
31.44243488388783,5.655289762505004,0.26601033991248973,4.624345443346553,2.0537984603831227,3,0.1145364549599851,Zone-25,1,0.66,Elevated flow fluctuation and night flow,Suspected active leak (flow signature)
20.058203256016345,4.733564218138288,0.17780714041949564,0.7944322080607142,0.2583047541851196,1,0.31184469512966106,Zone-18,0,0.10666666666666667,Elevated night flow and pipe material risk,
19.615315127073096,3.88227827131856,0.9755589996991597,4.733015853552649,0.3118796120556986,0,0.31001399320533096,Zone-29,0,0.81,Elevated pressure fluctuation and night flow,Pressure-related stress
22.431309253889978,5.197525607969371,0.3472015650872104,3.322403462662509,0.9809591437999982,3,0.011501550327135845,Zone-09,1,0.44,Elevated pipe material risk and flow fluctuation,Aging infrastructure
18.68195493270749,4.770800389144199,0.7333352611271953,1.120039769476112,0.8321385812386037,2,0.765722603546868,Zone-27,1,0.5233333333333333,Elevated pressure fluctuation and night flow,Pressure-related stress
13.12320745596538,3.9563669996732984,0.029938644782231683,3.199882248138607,0.6594625113731858,0,0.1098011119903971,Zone-13,0,0.22,Elevated pipe material risk and pressure fluctuation,
36.804200786769094,5.930152584846471,0.7148751783313569,3.804459703222924,0.17152052711065807,0,0.19526882103409304,Zone-14,0,0.55,Elevated pipe age and average pressure,Aging infrastructure
22.27588969147963,5.206271519983514,0.18714835328938417,0.7661718320828643,0.07248770706235336,0,0.15345007311391035,Zone-02,0,0.12333333333333334,Elevated night flow and pipe material risk,
6.37633736112331,3.559944735312736,0.009235697095607636,8.965681960146767,0.37002405163723917,5,0.6728615316823927,Zone-02,1,0.6933333333333334,Elevated night flow and pipe age,Suspected active leak (flow signature)
15.754287425958895,3.656261600000593,0.4444041022473433,2.5133264663212977,0.6862566129819369,0,0.8434904805269523,Zone-17,0,0.3566666666666667,Elevated pipe material risk and average pressure,Aging infrastructure
19.896351954940236,2.2244327380051625,0.022232092898444567,0.6162093396857491,0.3764752994693874,1,0.5914908532954489,Zone-14,0,0.17,Elevated average pressure and night flow,
17.801021296917423,3.875374651682322,0.540533891124297,1.974838868891242,0.12324302243023147,1,0.6450293448834077,Zone-04,0,0.54,Elevated pressure fluctuation and flow fluctuation,Pressure-related stress
5.207955141992361,5.038150819686929,0.3635750223075092,8.07430984081058,0.06401858772676854,0,0.22334978000933403,Zone-15,0,0.7533333333333333,Elevated night flow and pipe age,Suspected active leak (flow signature)
17.64513715395323,3.0105470628292035,0.08161573833991573,1.9095678700476217,0.24398930912875808,2,0.3543066662505161,Zone-21,0,0.19,Elevated average pressure and pressure fluctuation,
35.2183492289808,4.685940559677896,0.31159705741946486,0.21360205884111488,0.10427567829483954,0,0.7958088478426211,Zone-27,0,0.30333333333333334,Elevated night flow and pipe age,Suspected active leak (flow signature)
30.89027295503538,4.301945258870723,0.12352294243658474,5.984529573941215,0.8549155469172457,0,0.09837791361924264,Zone-07,1,0.8333333333333334,Elevated night flow and pipe material risk,Suspected active leak (flow signature)
26.435745002713883,4.022618963600578,0.11176297489146704,2.1232612288219386,0.0021731701773903263,1,0.7500111754664909,Zone-19,0,0.28,Elevated flow fluctuation and pipe material risk,Suspected active leak (flow signature)
33.369049402668544,5.203011969327964,0.8674923547387415,1.7223735217781044,0.05829210151473115,1,0.9307619030409771,Zone-10,0,0.5766666666666667,Elevated pressure fluctuation and pipe material risk,Pressure-related stress
6.701073593692405,4.443652136338058,0.005454277062408142,3.4055049475883985,0.6886507622947039,2,0.1114322167472942,Zone-12,1,0.6233333333333333,Elevated pipe age and pipe material risk,Aging infrastructure
9.916259160417175,5.371674346927936,0.3547131445591189,1.0617364484232086,1.867314842543817,0,0.2101145254909742,Zone-22,0,0.3566666666666667,Elevated flow fluctuation and night flow,Suspected active leak (flow signature)
25.04980239579332,4.11048251400862,0.012223992584415463,1.3601504836047957,0.26362900918137255,1,0.606741651556345,Zone-05,0,0.13333333333333333,Elevated night flow and pressure fluctuation,
24.446059602783336,3.8575490266092447,1.2021755454082852,1.7399715783905085,0.04145217211522633,2,0.4041541582269905,Zone-10,0,0.5166666666666667,Elevated pressure fluctuation and flow fluctuation,Pressure-related stress
18.04211720675078,5.386157082126049,0.009871194343352494,1.8419848565531978,0.424265698620334,2,0.11145511881589609,Zone-30,1,0.39666666666666667,Elevated pipe material risk and pressure fluctuation,Aging infrastructure
48.11951450175347,5.17191578742867,0.4297816361378339,0.32019205122666805,0.07016382288712333,1,0.011723117696692653,Zone-15,0,0.31,Elevated pipe age and night flow,Aging infrastructure
13.686683603619743,5.633463122251419,0.2993090190427914,3.357771737319395,0.18567652801489784,1,0.34574292033138787,Zone-09,1,0.48,Elevated average pressure and night flow,Pressure-related stress
22.658231818353677,3.8870836670216513,0.4876580996958968,0.7966299888313515,0.33691070822882174,0,0.6796755617894944,Zone-29,0,0.33,Elevated night flow and pressure fluctuation,Suspected active leak (flow signature)
22.561536922454103,4.786724633404717,0.08743854006768216,2.4265003007158144,0.31120368676395105,2,0.4010859840749733,Zone-05,1,0.48333333333333334,Elevated pressure fluctuation and resident complaints,Pressure-related stress
22.974494158133353,3.213520512968942,0.41509158297855075,0.051469063370951536,0.4182113448645774,2,0.0027081417032247534,Zone-16,1,0.23333333333333334,Elevated night flow and pipe material risk,
13.155197113228086,4.455673190568522,0.0299781473843687,0.022078740369545137,0.16131242050496272,1,0.5159336707621607,Zone-03,0,0.14,Elevated night flow and pressure fluctuation,
22.84321069950964,4.354529886726478,0.06437045690714592,1.1413441935196573,0.004586229331980474,0,0.972508373716378,Zone-20,0,0.32666666666666666,Elevated pipe material risk and night flow,Aging infrastructure
10.727879467403552,5.329219416324898,0.06772050975316458,0.1662155604448488,0.22542322833935227,2,0.8364884465003247,Zone-09,0,0.23333333333333334,Elevated night flow and pipe material risk,
36.377355597026394,3.942891366325747,0.22580162584984245,0.5309393415609388,1.5454946098797768,1,0.7098960958650233,Zone-23,1,0.2866666666666667,Elevated flow fluctuation and night flow,Suspected active leak (flow signature)
40.48494118285603,4.747855284456743,0.6740001787625998,0.5098507232233684,0.29550033109330814,0,0.665621309827386,Zone-18,0,0.3933333333333333,Elevated pipe age and night flow,Aging infrastructure
11.80000094700327,4.415867412738256,0.026583147238787217,1.7538274184219393,0.3886599922750664,2,0.5107920833222307,Zone-06,1,0.27666666666666667,Elevated pressure fluctuation and pipe age,Pressure-related stress
21.350297644898376,5.906115705722827,0.036086104237246217,1.0388800331514672,0.13062798253978528,2,0.6296243342058426,Zone-16,0,0.21666666666666667,Elevated average pressure and night flow,
27.20685883036076,4.508837593951112,0.2108008423406085,3.8955455266667793,0.4432568478820372,0,0.9380761914272074,Zone-22,0,0.69,Elevated pipe material risk and night flow,Aging infrastructure
11.629736740740384,5.067158666232042,0.20683450315654173,0.9147908968753476,0.5117651049902519,0,0.7230848056162263,Zone-04,1,0.13666666666666666,Elevated night flow and pipe age,
13.224298191004294,3.9270626379191023,0.43747590921309853,0.8184724554581404,0.49642919558357046,1,0.7177696831804092,Zone-24,0,0.2633333333333333,Elevated night flow and pipe material risk,Suspected active leak (flow signature)
